#usda 1.0
(
    defaultPrim = "object"
    metersPerUnit = 1
    upAxis = "Z"
    doc = "Generated by mc_isaac_mesh_to_usd from table.stl"
)

def Xform "object" (
    prepend apiSchemas = ["PhysicsRigidBodyAPI", "PhysicsMassAPI"]
)
{
    float physics:mass = 20
    def Scope "visuals"
    {
        def Mesh "visual_0"
        {
            color3f[] primvars:displayColor = [(0.55, 0.4, 0.25)]
            int[] faceVertexCounts = [3, 3, 3, 3, 3, 3, 3, 3, 3, 3, 3, 3, 3, 3, 3, 3, 3, 3, 3, 3, 3, 3, 3, 3, 3, 3, 3, 3, 3, 3, 3, 3, 3, 3, 3, 3, 3, 3, 3, 3, 3, 3, 3, 3, 3, 3, 3, 3, 3, 3, 3, 3, 3, 3, 3, 3, 3, 3, 3, 3, 3, 3, 3, 3, 3, 3, 3, 3, 3, 3, 3, 3, 3, 3, 3, 3, 3, 3, 3, 3, 3, 3, 3, 3, 3, 3, 3, 3, 3, 3, 3, 3, 3, 3, 3, 3, 3, 3, 3, 3, 3, 3, 3, 3, 3, 3, 3, 3, 3, 3, 3, 3, 3, 3, 3, 3, 3, 3, 3, 3, 3, 3, 3, 3, 3, 3, 3, 3, 3, 3, 3, 3, 3, 3, 3, 3, 3, 3, 3, 3, 3, 3, 3, 3, 3, 3, 3, 3, 3, 3, 3, 3, 3, 3, 3, 3, 3, 3, 3, 3, 3, 3, 3, 3, 3, 3, 3, 3, 3, 3, 3, 3, 3, 3, 3, 3, 3, 3, 3, 3, 3, 3, 3, 3, 3, 3, 3, 3, 3, 3, 3, 3, 3, 3, 3, 3, 3, 3, 3, 3, 3, 3, 3, 3, 3, 3, 3, 3, 3, 3, 3, 3, 3, 3, 3, 3, 3, 3, 3, 3, 3, 3, 3, 3, 3, 3, 3, 3, 3, 3, 3, 3, 3, 3, 3, 3, 3, 3, 3, 3, 3, 3, 3, 3, 3, 3, 3, 3, 3, 3, 3, 3, 3, 3, 3, 3, 3, 3, 3, 3, 3, 3, 3, 3, 3, 3, 3, 3, 3, 3, 3, 3, 3, 3, 3, 3, 3, 3, 3, 3, 3, 3, 3, 3, 3, 3, 3, 3, 3, 3, 3, 3, 3, 3, 3, 3, 3, 3, 3, 3, 3, 3, 3, 3, 3, 3, 3, 3, 3, 3, 3, 3, 3, 3, 3, 3, 3, 3, 3, 3, 3, 3, 3, 3, 3, 3, 3, 3, 3, 3, 3, 3, 3, 3, 3, 3, 3, 3, 3, 3, 3, 3, 3, 3, 3, 3, 3, 3, 3, 3, 3, 3, 3, 3, 3, 3, 3, 3, 3, 3, 3, 3, 3, 3, 3, 3, 3, 3, 3, 3, 3, 3, 3, 3, 3, 3, 3, 3, 3, 3, 3, 3, 3, 3, 3, 3, 3, 3, 3, 3, 3, 3, 3, 3, 3, 3, 3, 3, 3, 3, 3, 3, 3, 3, 3, 3, 3, 3, 3, 3, 3, 3, 3, 3, 3, 3, 3, 3, 3, 3, 3, 3, 3, 3, 3, 3, 3, 3, 3, 3, 3, 3, 3, 3, 3, 3, 3, 3, 3, 3, 3, 3, 3, 3, 3, 3, 3, 3, 3, 3, 3, 3, 3, 3, 3, 3, 3, 3, 3, 3, 3, 3, 3, 3, 3, 3, 3, 3, 3, 3, 3, 3, 3, 3, 3, 3, 3, 3, 3, 3, 3, 3, 3, 3, 3, 3, 3, 3, 3, 3, 3, 3, 3, 3, 3, 3, 3, 3, 3, 3, 3, 3, 3, 3, 3, 3, 3, 3, 3, 3, 3, 3, 3, 3, 3, 3, 3, 3, 3, 3, 3, 3, 3, 3, 3, 3, 3, 3, 3, 3, 3, 3, 3, 3, 3, 3, 3, 3, 3, 3, 3, 3, 3, 3, 3, 3, 3, 3, 3, 3, 3, 3, 3, 3, 3, 3, 3, 3, 3, 3, 3, 3, 3, 3, 3, 3, 3, 3, 3, 3, 3, 3, 3, 3, 3, 3, 3, 3, 3, 3, 3, 3, 3, 3, 3, 3, 3, 3, 3, 3, 3, 3, 3, 3, 3, 3, 3, 3, 3, 3, 3, 3, 3, 3, 3, 3, 3, 3, 3, 3, 3, 3, 3, 3, 3, 3, 3, 3, 3, 3, 3, 3, 3, 3, 3, 3, 3, 3, 3, 3, 3, 3, 3, 3, 3, 3, 3, 3, 3, 3, 3, 3, 3, 3, 3, 3, 3, 3, 3, 3, 3, 3, 3, 3, 3, 3, 3, 3, 3, 3, 3, 3, 3, 3, 3, 3, 3, 3, 3, 3, 3, 3, 3, 3, 3, 3, 3, 3, 3, 3, 3, 3, 3, 3, 3, 3, 3, 3, 3, 3, 3, 3, 3, 3, 3, 3, 3, 3, 3, 3, 3, 3, 3, 3, 3, 3, 3, 3, 3, 3, 3, 3, 3, 3, 3, 3, 3, 3, 3, 3, 3, 3, 3, 3, 3, 3, 3, 3, 3, 3, 3, 3, 3, 3, 3, 3, 3, 3, 3, 3, 3, 3, 3, 3, 3, 3, 3, 3, 3, 3, 3, 3, 3, 3, 3, 3, 3, 3, 3, 3, 3, 3, 3, 3, 3, 3, 3, 3, 3, 3, 3, 3, 3, 3, 3, 3, 3, 3, 3, 3, 3, 3, 3, 3, 3, 3, 3, 3, 3, 3, 3, 3, 3, 3, 3, 3, 3, 3, 3, 3, 3, 3, 3, 3, 3, 3, 3, 3, 3, 3, 3, 3, 3, 3, 3, 3, 3, 3, 3, 3, 3, 3, 3, 3, 3, 3, 3, 3, 3, 3, 3, 3, 3, 3, 3, 3, 3, 3, 3, 3, 3, 3, 3, 3, 3, 3, 3, 3, 3, 3, 3, 3, 3, 3, 3, 3, 3, 3, 3, 3, 3, 3, 3, 3, 3, 3, 3, 3, 3, 3, 3, 3, 3, 3, 3, 3, 3, 3, 3, 3, 3, 3, 3, 3, 3, 3, 3, 3, 3, 3, 3, 3, 3, 3, 3, 3, 3, 3, 3, 3, 3, 3, 3, 3, 3, 3, 3, 3, 3, 3, 3, 3, 3, 3, 3, 3, 3, 3, 3, 3, 3, 3, 3, 3, 3, 3, 3, 3, 3, 3, 3, 3, 3, 3, 3, 3, 3, 3, 3, 3, 3, 3, 3, 3, 3, 3, 3, 3, 3, 3, 3, 3, 3, 3, 3, 3, 3, 3, 3, 3, 3, 3, 3, 3, 3, 3, 3, 3, 3, 3, 3, 3, 3, 3, 3, 3, 3, 3, 3, 3, 3, 3, 3, 3, 3, 3, 3, 3, 3, 3, 3, 3, 3, 3, 3, 3, 3, 3, 3, 3, 3, 3, 3, 3, 3, 3, 3, 3, 3, 3, 3, 3, 3, 3, 3, 3, 3, 3, 3, 3, 3, 3, 3, 3, 3, 3, 3, 3, 3, 3, 3, 3, 3, 3, 3, 3, 3, 3, 3, 3, 3, 3, 3, 3, 3, 3, 3, 3, 3, 3, 3, 3, 3, 3, 3, 3, 3, 3, 3, 3, 3, 3, 3, 3, 3, 3, 3, 3, 3, 3, 3, 3, 3, 3, 3, 3, 3, 3, 3, 3, 3, 3, 3, 3, 3, 3, 3, 3, 3, 3, 3, 3, 3, 3, 3, 3, 3, 3, 3, 3, 3, 3, 3, 3, 3, 3, 3, 3, 3, 3, 3, 3, 3, 3, 3, 3, 3, 3, 3, 3, 3, 3, 3, 3, 3, 3, 3, 3, 3, 3, 3, 3, 3, 3, 3, 3, 3, 3, 3, 3, 3, 3, 3, 3, 3, 3, 3, 3, 3, 3, 3, 3, 3, 3, 3, 3, 3, 3, 3, 3, 3, 3, 3, 3, 3, 3, 3, 3, 3, 3, 3, 3, 3, 3, 3, 3, 3, 3, 3, 3, 3, 3, 3, 3, 3, 3, 3, 3, 3, 3, 3, 3, 3, 3, 3, 3, 3, 3, 3, 3, 3, 3, 3, 3, 3, 3, 3, 3, 3, 3, 3, 3, 3, 3, 3, 3, 3, 3, 3, 3, 3, 3, 3, 3, 3, 3, 3, 3, 3, 3, 3, 3, 3, 3, 3, 3, 3, 3, 3, 3, 3, 3, 3, 3, 3, 3, 3, 3, 3, 3, 3, 3, 3, 3, 3, 3, 3, 3, 3, 3, 3, 3, 3, 3, 3, 3, 3, 3, 3, 3, 3, 3, 3, 3, 3, 3, 3, 3, 3, 3, 3, 3, 3, 3, 3, 3, 3, 3, 3, 3, 3, 3, 3, 3, 3, 3, 3, 3, 3, 3, 3, 3, 3, 3, 3, 3, 3, 3, 3, 3, 3, 3, 3, 3, 3, 3, 3, 3, 3, 3, 3, 3, 3, 3, 3, 3, 3, 3, 3, 3, 3, 3, 3, 3, 3, 3, 3, 3, 3, 3, 3, 3, 3, 3, 3, 3, 3, 3, 3, 3, 3, 3, 3, 3, 3, 3, 3, 3, 3, 3, 3, 3, 3, 3, 3, 3, 3, 3, 3, 3, 3, 3, 3, 3, 3, 3, 3, 3, 3, 3, 3, 3, 3, 3, 3, 3, 3, 3, 3, 3, 3, 3, 3, 3, 3, 3, 3, 3, 3, 3, 3, 3, 3, 3, 3, 3, 3, 3, 3, 3, 3, 3, 3, 3, 3, 3, 3, 3, 3, 3, 3, 3, 3, 3, 3, 3, 3, 3, 3, 3, 3, 3, 3, 3, 3, 3, 3, 3, 3, 3, 3, 3, 3, 3, 3, 3, 3, 3, 3, 3, 3, 3, 3, 3, 3, 3, 3, 3, 3, 3, 3, 3, 3, 3, 3, 3, 3, 3, 3, 3, 3, 3, 3, 3, 3, 3, 3, 3, 3, 3, 3, 3, 3, 3, 3, 3, 3, 3, 3, 3, 3, 3, 3, 3, 3, 3, 3, 3, 3, 3, 3, 3, 3, 3, 3, 3, 3, 3, 3, 3, 3, 3, 3, 3, 3, 3, 3, 3, 3, 3, 3, 3, 3, 3, 3, 3, 3, 3, 3, 3, 3, 3, 3, 3, 3, 3, 3, 3, 3, 3, 3, 3, 3, 3, 3, 3, 3, 3, 3, 3, 3, 3, 3, 3, 3, 3, 3, 3, 3, 3, 3, 3, 3, 3, 3, 3, 3, 3, 3, 3, 3, 3, 3, 3, 3, 3, 3, 3, 3, 3, 3, 3, 3, 3, 3, 3, 3, 3, 3, 3, 3, 3, 3, 3, 3, 3, 3, 3, 3, 3, 3, 3, 3, 3, 3, 3, 3, 3, 3, 3, 3, 3, 3, 3, 3, 3, 3, 3, 3, 3, 3, 3, 3, 3, 3, 3, 3, 3, 3, 3, 3, 3, 3, 3, 3, 3, 3, 3, 3, 3, 3, 3, 3, 3, 3, 3, 3, 3, 3, 3, 3, 3, 3, 3, 3, 3, 3, 3, 3, 3, 3, 3, 3, 3, 3, 3, 3, 3, 3, 3, 3, 3, 3, 3, 3, 3, 3, 3, 3, 3, 3, 3, 3, 3, 3, 3, 3, 3, 3, 3, 3, 3, 3, 3, 3, 3, 3, 3, 3, 3, 3, 3, 3, 3, 3, 3, 3, 3, 3, 3, 3, 3, 3, 3, 3, 3, 3, 3, 3, 3, 3, 3, 3, 3, 3, 3, 3, 3, 3, 3, 3, 3, 3, 3, 3, 3, 3, 3, 3, 3, 3, 3, 3, 3, 3, 3, 3, 3, 3, 3, 3, 3, 3, 3, 3, 3, 3, 3, 3, 3, 3, 3, 3, 3, 3, 3, 3, 3, 3, 3, 3, 3, 3, 3, 3, 3, 3, 3, 3, 3, 3, 3, 3, 3, 3, 3, 3, 3, 3, 3, 3, 3, 3, 3, 3, 3, 3, 3, 3, 3, 3, 3, 3, 3, 3, 3, 3, 3, 3, 3, 3, 3, 3, 3, 3, 3, 3, 3, 3, 3, 3, 3, 3, 3, 3, 3, 3, 3, 3, 3, 3, 3, 3, 3, 3, 3, 3, 3, 3, 3, 3, 3, 3, 3, 3, 3, 3, 3, 3, 3, 3, 3, 3, 3, 3, 3, 3, 3, 3, 3, 3, 3, 3, 3, 3, 3, 3, 3, 3, 3, 3, 3, 3, 3, 3, 3, 3, 3, 3, 3, 3, 3, 3, 3, 3, 3, 3, 3, 3, 3, 3, 3, 3, 3, 3, 3, 3, 3, 3, 3, 3, 3, 3, 3, 3, 3, 3, 3, 3, 3, 3, 3, 3, 3, 3, 3, 3, 3, 3, 3, 3, 3, 3, 3, 3, 3, 3, 3, 3, 3, 3, 3, 3, 3, 3, 3, 3, 3, 3, 3, 3, 3, 3, 3, 3, 3, 3, 3, 3, 3, 3, 3, 3, 3, 3, 3, 3, 3, 3, 3, 3, 3, 3, 3, 3, 3, 3, 3, 3, 3, 3, 3, 3, 3, 3, 3, 3, 3, 3, 3, 3, 3, 3, 3, 3, 3, 3, 3, 3, 3, 3, 3, 3, 3, 3, 3, 3, 3, 3, 3, 3, 3, 3, 3, 3, 3, 3, 3, 3, 3, 3, 3, 3, 3, 3, 3, 3, 3, 3, 3, 3, 3, 3, 3, 3, 3, 3, 3, 3, 3, 3, 3, 3, 3, 3, 3, 3, 3, 3, 3, 3, 3, 3, 3, 3, 3, 3, 3, 3, 3, 3, 3, 3, 3, 3, 3, 3, 3, 3, 3, 3, 3, 3, 3, 3, 3, 3, 3, 3, 3, 3, 3, 3, 3, 3, 3, 3, 3, 3, 3, 3, 3, 3, 3, 3, 3, 3, 3, 3, 3, 3, 3, 3, 3, 3, 3, 3, 3, 3, 3, 3, 3, 3, 3, 3, 3, 3, 3, 3, 3, 3, 3, 3, 3, 3, 3, 3, 3, 3, 3, 3, 3, 3, 3, 3, 3, 3, 3, 3, 3, 3, 3, 3, 3, 3, 3, 3, 3, 3, 3, 3, 3, 3, 3, 3, 3, 3, 3, 3, 3, 3, 3, 3, 3, 3, 3, 3, 3, 3, 3, 3, 3, 3, 3, 3, 3, 3, 3, 3, 3, 3, 3, 3, 3, 3, 3, 3, 3, 3, 3, 3, 3, 3, 3, 3, 3, 3, 3, 3, 3, 3, 3, 3, 3, 3, 3, 3, 3, 3, 3, 3, 3, 3, 3, 3, 3, 3, 3, 3, 3, 3, 3, 3, 3, 3, 3, 3, 3, 3, 3, 3, 3, 3, 3, 3, 3, 3, 3, 3, 3, 3, 3, 3, 3, 3, 3, 3, 3, 3, 3, 3, 3, 3, 3, 3, 3, 3, 3, 3, 3, 3, 3, 3, 3, 3, 3, 3, 3, 3, 3, 3, 3, 3, 3, 3, 3, 3, 3, 3, 3, 3, 3, 3, 3, 3, 3, 3, 3, 3, 3, 3, 3, 3, 3, 3, 3, 3, 3, 3, 3, 3, 3, 3, 3, 3, 3, 3, 3, 3, 3, 3, 3, 3, 3, 3, 3, 3, 3, 3, 3, 3, 3, 3, 3, 3, 3, 3, 3, 3, 3, 3, 3, 3, 3, 3, 3, 3, 3, 3, 3, 3, 3, 3, 3, 3, 3, 3, 3, 3, 3, 3, 3, 3, 3, 3, 3, 3, 3, 3, 3, 3, 3, 3, 3, 3, 3, 3, 3, 3, 3, 3, 3, 3, 3, 3, 3, 3, 3, 3, 3, 3, 3, 3, 3, 3, 3, 3, 3, 3, 3, 3, 3, 3, 3, 3, 3, 3, 3, 3, 3, 3, 3, 3, 3, 3, 3, 3, 3, 3, 3, 3, 3, 3, 3, 3, 3, 3, 3, 3, 3, 3, 3, 3, 3, 3, 3, 3, 3, 3, 3, 3, 3, 3, 3, 3, 3, 3, 3, 3, 3, 3, 3, 3, 3, 3, 3, 3, 3, 3, 3, 3, 3, 3, 3, 3, 3, 3, 3, 3, 3, 3, 3, 3, 3, 3, 3, 3, 3, 3, 3, 3, 3, 3, 3, 3, 3, 3, 3, 3, 3, 3, 3, 3, 3, 3, 3, 3, 3, 3, 3, 3, 3, 3, 3, 3, 3, 3, 3, 3, 3, 3, 3, 3, 3, 3, 3, 3, 3, 3, 3, 3, 3, 3, 3, 3, 3, 3, 3, 3, 3, 3, 3, 3, 3, 3, 3, 3, 3, 3, 3, 3, 3, 3, 3, 3, 3, 3, 3, 3, 3, 3, 3, 3, 3, 3, 3, 3, 3, 3, 3, 3, 3, 3, 3, 3, 3, 3, 3, 3, 3, 3, 3, 3, 3, 3, 3, 3, 3, 3, 3, 3, 3, 3, 3, 3, 3, 3, 3, 3, 3, 3, 3, 3, 3, 3, 3, 3, 3, 3, 3, 3, 3, 3, 3, 3, 3, 3, 3, 3, 3, 3, 3, 3, 3, 3, 3, 3, 3, 3, 3, 3, 3, 3, 3, 3, 3, 3, 3, 3, 3, 3, 3, 3, 3, 3, 3, 3, 3, 3, 3, 3, 3, 3, 3, 3, 3, 3, 3, 3, 3, 3, 3, 3, 3, 3, 3, 3, 3, 3, 3, 3, 3, 3, 3, 3, 3, 3, 3, 3, 3, 3, 3, 3, 3, 3, 3, 3, 3, 3, 3, 3, 3, 3, 3, 3, 3, 3, 3, 3, 3, 3, 3, 3, 3, 3, 3, 3, 3, 3, 3, 3, 3, 3, 3, 3, 3, 3, 3, 3, 3, 3, 3, 3, 3, 3, 3, 3, 3, 3, 3, 3, 3, 3, 3, 3, 3, 3, 3, 3, 3, 3, 3, 3, 3, 3, 3, 3, 3, 3, 3, 3, 3, 3, 3, 3, 3, 3, 3, 3, 3, 3, 3, 3, 3, 3, 3, 3, 3, 3, 3, 3, 3, 3, 3, 3, 3, 3, 3, 3, 3, 3, 3, 3, 3, 3, 3, 3, 3, 3, 3, 3, 3, 3, 3, 3, 3, 3, 3, 3, 3, 3, 3, 3, 3, 3, 3, 3, 3, 3, 3, 3, 3, 3, 3, 3, 3, 3, 3, 3, 3, 3, 3, 3, 3, 3, 3, 3, 3, 3, 3, 3, 3, 3, 3, 3, 3, 3, 3, 3, 3, 3, 3, 3, 3, 3, 3, 3, 3, 3, 3, 3, 3, 3, 3, 3, 3, 3, 3, 3, 3, 3, 3, 3, 3, 3, 3, 3, 3, 3, 3, 3, 3, 3, 3, 3, 3, 3, 3, 3, 3, 3, 3, 3, 3, 3, 3, 3, 3, 3, 3, 3, 3, 3, 3, 3, 3, 3, 3, 3, 3, 3, 3, 3, 3, 3, 3, 3, 3, 3, 3, 3, 3, 3, 3, 3, 3, 3, 3, 3, 3, 3, 3, 3, 3, 3, 3, 3, 3, 3, 3, 3, 3, 3, 3, 3, 3, 3, 3, 3, 3, 3, 3, 3, 3, 3, 3, 3, 3, 3, 3, 3, 3, 3, 3, 3, 3, 3, 3, 3, 3, 3, 3, 3, 3, 3, 3, 3, 3, 3, 3, 3, 3, 3, 3, 3, 3, 3, 3, 3, 3, 3, 3, 3, 3, 3, 3, 3, 3, 3, 3, 3, 3, 3, 3, 3, 3, 3, 3, 3, 3, 3, 3, 3, 3, 3, 3, 3, 3, 3, 3, 3, 3, 3, 3, 3, 3, 3, 3, 3, 3, 3, 3, 3, 3, 3, 3, 3, 3, 3, 3, 3, 3, 3, 3, 3, 3, 3, 3, 3, 3, 3, 3, 3, 3, 3, 3, 3, 3, 3, 3, 3, 3, 3, 3, 3, 3, 3, 3, 3, 3, 3, 3, 3, 3, 3, 3, 3, 3, 3, 3, 3, 3, 3, 3, 3, 3, 3, 3, 3, 3, 3, 3, 3, 3, 3, 3, 3, 3, 3, 3, 3, 3, 3, 3, 3, 3, 3, 3, 3, 3, 3, 3, 3, 3, 3, 3, 3, 3, 3, 3, 3, 3, 3, 3, 3, 3, 3, 3, 3, 3, 3, 3, 3, 3, 3, 3, 3, 3, 3, 3, 3, 3, 3, 3, 3, 3, 3, 3, 3, 3, 3, 3, 3, 3, 3, 3, 3, 3, 3, 3, 3, 3, 3, 3, 3, 3, 3, 3, 3, 3, 3, 3, 3, 3, 3, 3, 3, 3, 3, 3, 3, 3, 3, 3, 3, 3, 3, 3, 3, 3, 3, 3, 3, 3, 3, 3, 3, 3, 3, 3, 3, 3, 3, 3, 3, 3, 3, 3, 3, 3, 3, 3, 3, 3, 3, 3, 3, 3, 3, 3, 3, 3, 3, 3, 3, 3, 3, 3, 3, 3, 3, 3, 3, 3, 3, 3, 3, 3, 3, 3, 3, 3, 3, 3, 3, 3, 3, 3, 3, 3, 3, 3, 3, 3, 3, 3, 3, 3, 3, 3, 3, 3, 3, 3, 3, 3, 3, 3, 3, 3, 3, 3, 3, 3, 3, 3, 3, 3, 3, 3, 3, 3, 3, 3, 3, 3, 3, 3, 3, 3, 3, 3, 3, 3, 3, 3, 3, 3, 3, 3, 3, 3, 3, 3, 3, 3, 3, 3, 3, 3, 3, 3, 3, 3, 3, 3, 3, 3, 3, 3, 3, 3, 3, 3, 3, 3, 3, 3, 3, 3, 3, 3, 3, 3, 3, 3, 3, 3, 3, 3, 3, 3, 3, 3, 3, 3, 3, 3, 3, 3, 3, 3, 3, 3, 3, 3, 3, 3, 3, 3, 3, 3, 3, 3, 3, 3, 3, 3, 3, 3, 3, 3, 3, 3, 3, 3, 3, 3, 3, 3, 3, 3, 3, 3, 3, 3, 3, 3, 3, 3, 3, 3, 3, 3, 3, 3, 3, 3, 3, 3, 3, 3, 3, 3, 3, 3, 3, 3, 3, 3, 3, 3, 3, 3, 3, 3, 3, 3, 3, 3, 3, 3, 3, 3, 3, 3, 3, 3, 3, 3, 3, 3, 3, 3, 3, 3, 3, 3, 3, 3, 3, 3, 3, 3, 3, 3, 3, 3, 3, 3, 3, 3, 3, 3, 3, 3, 3, 3, 3, 3, 3, 3, 3, 3, 3, 3, 3, 3, 3, 3, 3, 3, 3, 3, 3, 3, 3, 3, 3, 3, 3, 3, 3, 3, 3, 3, 3, 3, 3, 3, 3, 3, 3, 3, 3, 3, 3, 3, 3, 3, 3, 3, 3, 3, 3, 3, 3, 3, 3, 3, 3, 3, 3, 3, 3, 3, 3, 3, 3, 3, 3, 3, 3, 3, 3, 3, 3, 3, 3, 3, 3, 3, 3, 3, 3, 3, 3, 3, 3, 3, 3, 3, 3, 3, 3, 3, 3, 3, 3, 3, 3, 3, 3, 3, 3, 3, 3, 3, 3, 3, 3, 3, 3, 3, 3, 3, 3, 3, 3, 3, 3, 3, 3, 3, 3, 3, 3, 3, 3, 3, 3, 3, 3, 3, 3, 3, 3, 3, 3, 3, 3, 3, 3, 3, 3, 3, 3, 3, 3, 3, 3, 3, 3, 3, 3, 3, 3, 3, 3, 3, 3, 3, 3, 3, 3, 3, 3, 3, 3, 3, 3, 3, 3, 3, 3, 3, 3, 3, 3, 3, 3, 3, 3, 3, 3, 3, 3, 3, 3, 3, 3, 3, 3, 3, 3, 3, 3, 3, 3, 3, 3, 3, 3, 3, 3, 3, 3, 3, 3, 3, 3, 3, 3, 3, 3, 3, 3, 3, 3, 3, 3, 3, 3, 3, 3, 3, 3, 3, 3, 3, 3, 3, 3, 3, 3, 3, 3, 3, 3, 3, 3, 3, 3, 3, 3, 3, 3, 3, 3, 3, 3, 3, 3, 3, 3, 3, 3, 3, 3, 3, 3, 3, 3, 3, 3, 3, 3, 3, 3, 3, 3, 3, 3, 3, 3, 3, 3, 3, 3, 3, 3, 3, 3, 3, 3, 3, 3, 3, 3, 3, 3, 3, 3, 3, 3, 3, 3, 3, 3, 3, 3, 3, 3, 3, 3, 3, 3, 3, 3, 3, 3, 3, 3, 3, 3, 3, 3, 3, 3, 3, 3, 3, 3, 3, 3, 3, 3, 3, 3, 3, 3, 3, 3, 3, 3, 3, 3, 3, 3, 3, 3, 3, 3, 3, 3, 3, 3, 3, 3, 3, 3, 3, 3, 3, 3, 3, 3, 3, 3, 3, 3, 3, 3, 3, 3, 3, 3, 3, 3, 3, 3, 3, 3, 3, 3, 3, 3, 3, 3, 3, 3, 3, 3, 3, 3, 3, 3, 3, 3, 3, 3, 3, 3, 3, 3, 3, 3, 3, 3, 3, 3, 3, 3, 3, 3, 3, 3, 3, 3, 3, 3, 3, 3, 3, 3, 3, 3, 3, 3, 3, 3, 3, 3, 3, 3, 3, 3, 3, 3, 3, 3, 3, 3, 3, 3, 3, 3, 3, 3, 3, 3, 3, 3, 3, 3, 3, 3, 3, 3, 3, 3, 3, 3, 3, 3, 3, 3, 3, 3, 3, 3, 3, 3, 3, 3, 3, 3, 3, 3, 3, 3, 3, 3, 3, 3, 3, 3, 3, 3, 3, 3, 3, 3, 3, 3, 3, 3, 3, 3, 3, 3, 3, 3, 3, 3, 3, 3, 3, 3, 3, 3, 3, 3, 3, 3, 3, 3, 3, 3, 3, 3, 3, 3, 3, 3, 3, 3, 3, 3, 3, 3, 3, 3, 3, 3, 3, 3, 3, 3, 3, 3, 3, 3, 3, 3, 3, 3, 3, 3, 3, 3, 3, 3, 3, 3, 3, 3, 3, 3, 3, 3, 3, 3, 3, 3, 3, 3, 3, 3, 3, 3, 3, 3, 3, 3, 3, 3, 3, 3, 3, 3, 3, 3, 3, 3, 3, 3, 3, 3, 3, 3, 3, 3, 3, 3, 3, 3, 3, 3, 3, 3, 3, 3, 3, 3, 3, 3, 3, 3, 3, 3, 3, 3, 3, 3, 3, 3, 3, 3, 3, 3, 3, 3, 3, 3, 3, 3, 3, 3, 3, 3, 3, 3, 3, 3, 3, 3, 3, 3, 3, 3, 3, 3, 3, 3, 3, 3, 3, 3, 3, 3, 3, 3, 3, 3, 3, 3, 3, 3, 3, 3, 3, 3, 3, 3, 3, 3, 3, 3, 3, 3, 3, 3, 3, 3, 3, 3, 3, 3, 3, 3, 3, 3, 3, 3, 3, 3, 3, 3, 3, 3, 3, 3, 3, 3, 3, 3, 3, 3, 3, 3, 3, 3, 3, 3, 3, 3, 3, 3, 3, 3, 3, 3, 3, 3, 3, 3, 3, 3, 3, 3, 3, 3, 3, 3, 3, 3, 3, 3, 3, 3, 3, 3, 3, 3, 3, 3, 3, 3, 3, 3, 3, 3, 3, 3, 3, 3, 3, 3, 3, 3, 3, 3, 3, 3, 3, 3, 3, 3, 3, 3, 3, 3, 3, 3, 3, 3, 3, 3, 3, 3, 3, 3, 3, 3, 3, 3, 3, 3, 3, 3, 3, 3, 3, 3, 3, 3, 3, 3, 3, 3, 3, 3, 3, 3, 3, 3, 3, 3, 3, 3, 3, 3, 3, 3, 3, 3, 3, 3, 3, 3, 3, 3, 3, 3, 3, 3, 3, 3, 3, 3, 3, 3, 3, 3, 3, 3, 3, 3, 3, 3, 3, 3, 3, 3, 3, 3, 3, 3, 3, 3, 3, 3, 3, 3, 3, 3, 3, 3, 3, 3, 3, 3, 3, 3, 3, 3, 3, 3, 3, 3, 3, 3, 3, 3, 3, 3, 3, 3, 3, 3, 3, 3, 3, 3, 3, 3, 3, 3, 3, 3, 3, 3, 3, 3, 3, 3, 3, 3, 3, 3, 3, 3, 3, 3, 3, 3, 3, 3, 3, 3, 3, 3, 3, 3, 3, 3, 3, 3, 3, 3, 3, 3, 3, 3, 3, 3, 3, 3, 3, 3, 3, 3, 3, 3, 3, 3, 3, 3, 3, 3, 3, 3, 3, 3, 3, 3, 3, 3, 3, 3, 3, 3, 3, 3, 3, 3, 3, 3, 3, 3, 3, 3, 3, 3, 3, 3, 3, 3, 3, 3, 3, 3, 3, 3, 3, 3, 3, 3, 3, 3, 3, 3, 3, 3, 3, 3, 3, 3, 3, 3, 3, 3, 3, 3, 3, 3, 3, 3, 3, 3, 3, 3, 3, 3, 3, 3, 3, 3, 3, 3, 3, 3, 3, 3, 3, 3, 3, 3, 3, 3, 3, 3, 3, 3, 3, 3, 3, 3, 3, 3, 3, 3, 3, 3, 3, 3, 3, 3, 3, 3, 3, 3, 3, 3, 3, 3, 3, 3, 3, 3, 3, 3, 3, 3, 3, 3, 3, 3, 3, 3, 3, 3, 3, 3, 3, 3, 3, 3, 3, 3, 3, 3, 3, 3, 3, 3, 3, 3, 3, 3, 3, 3, 3, 3, 3, 3, 3, 3, 3, 3, 3, 3, 3, 3, 3, 3, 3, 3, 3, 3, 3, 3, 3, 3, 3, 3, 3, 3, 3, 3, 3, 3, 3, 3, 3, 3, 3, 3, 3, 3, 3, 3, 3, 3, 3, 3, 3, 3, 3, 3, 3, 3, 3, 3, 3, 3, 3, 3, 3, 3, 3, 3, 3, 3, 3, 3, 3, 3, 3, 3, 3, 3, 3, 3, 3, 3, 3, 3, 3, 3, 3, 3, 3, 3, 3, 3, 3, 3, 3, 3, 3, 3, 3, 3, 3, 3, 3, 3, 3, 3, 3, 3, 3, 3, 3, 3, 3, 3, 3, 3, 3, 3, 3, 3, 3, 3, 3, 3, 3, 3, 3, 3, 3, 3, 3, 3, 3, 3, 3, 3, 3, 3, 3, 3, 3, 3, 3, 3, 3, 3, 3, 3, 3, 3, 3, 3, 3, 3, 3, 3, 3, 3, 3, 3, 3, 3, 3, 3, 3, 3, 3, 3, 3, 3, 3, 3, 3, 3, 3, 3, 3, 3, 3, 3, 3, 3, 3, 3, 3, 3, 3, 3, 3, 3, 3, 3, 3, 3, 3, 3, 3, 3, 3, 3, 3, 3, 3, 3, 3, 3, 3, 3, 3, 3, 3, 3, 3, 3, 3, 3, 3, 3, 3, 3, 3, 3, 3, 3, 3, 3, 3, 3, 3, 3, 3, 3, 3, 3, 3, 3, 3, 3, 3, 3, 3, 3, 3, 3, 3, 3, 3, 3, 3, 3, 3, 3, 3, 3, 3, 3, 3, 3, 3, 3, 3, 3, 3, 3, 3, 3, 3, 3, 3, 3, 3, 3, 3, 3, 3, 3, 3, 3, 3, 3, 3, 3, 3, 3, 3, 3, 3, 3, 3, 3, 3, 3, 3, 3, 3, 3, 3, 3, 3, 3, 3, 3, 3, 3, 3, 3, 3, 3, 3, 3, 3, 3, 3, 3, 3, 3, 3, 3, 3, 3, 3, 3, 3, 3, 3, 3, 3, 3, 3, 3, 3, 3, 3, 3, 3, 3, 3, 3, 3, 3, 3, 3, 3, 3, 3, 3, 3, 3, 3, 3, 3, 3, 3, 3, 3, 3, 3, 3, 3, 3, 3, 3, 3, 3, 3, 3, 3, 3, 3, 3, 3, 3, 3, 3, 3, 3, 3, 3, 3, 3, 3, 3, 3, 3, 3, 3, 3, 3, 3, 3, 3, 3, 3, 3, 3, 3, 3, 3, 3, 3, 3, 3, 3, 3, 3, 3, 3, 3, 3, 3, 3, 3, 3, 3, 3, 3, 3, 3, 3, 3, 3, 3, 3, 3, 3, 3, 3, 3, 3, 3, 3, 3, 3, 3, 3, 3, 3, 3, 3, 3, 3, 3, 3, 3, 3, 3, 3, 3, 3, 3, 3, 3, 3, 3, 3, 3, 3, 3, 3, 3, 3, 3, 3, 3, 3, 3, 3, 3, 3, 3, 3, 3, 3, 3, 3, 3, 3, 3, 3, 3, 3, 3, 3, 3, 3, 3, 3, 3, 3, 3, 3, 3, 3, 3, 3, 3, 3, 3, 3, 3, 3, 3, 3, 3, 3, 3, 3, 3, 3, 3, 3, 3, 3, 3, 3, 3, 3, 3, 3, 3, 3, 3, 3, 3, 3, 3, 3, 3, 3, 3, 3, 3, 3, 3, 3, 3, 3, 3, 3, 3, 3, 3, 3, 3, 3, 3, 3, 3, 3, 3, 3, 3, 3, 3, 3, 3, 3, 3, 3, 3, 3, 3, 3, 3, 3, 3, 3, 3, 3, 3, 3, 3, 3, 3, 3, 3, 3, 3, 3, 3, 3, 3, 3, 3, 3, 3, 3, 3, 3, 3, 3, 3, 3, 3, 3, 3, 3, 3, 3, 3, 3, 3, 3, 3, 3, 3, 3, 3, 3, 3, 3, 3, 3, 3, 3, 3, 3, 3, 3, 3, 3, 3, 3, 3, 3, 3, 3, 3, 3, 3, 3, 3, 3, 3, 3, 3, 3, 3, 3, 3, 3, 3, 3, 3, 3, 3, 3, 3, 3, 3, 3, 3, 3, 3, 3, 3, 3, 3, 3, 3, 3, 3, 3, 3, 3, 3, 3, 3, 3, 3, 3, 3, 3, 3, 3, 3, 3, 3, 3, 3, 3, 3, 3, 3, 3, 3, 3, 3, 3, 3, 3, 3, 3, 3, 3, 3, 3, 3, 3, 3, 3, 3, 3, 3, 3, 3, 3, 3, 3, 3, 3, 3, 3, 3, 3, 3, 3, 3, 3, 3, 3, 3, 3, 3, 3, 3, 3, 3, 3, 3, 3, 3, 3, 3, 3, 3, 3, 3, 3, 3, 3, 3, 3, 3, 3, 3, 3, 3, 3, 3, 3, 3, 3, 3, 3, 3, 3, 3, 3, 3, 3, 3, 3, 3, 3, 3, 3, 3, 3, 3, 3, 3, 3, 3, 3, 3, 3, 3, 3, 3, 3, 3, 3, 3, 3, 3, 3, 3, 3, 3, 3, 3, 3, 3, 3, 3, 3, 3, 3, 3, 3, 3, 3, 3, 3, 3, 3, 3, 3, 3, 3, 3, 3, 3, 3, 3, 3, 3, 3, 3, 3, 3, 3, 3, 3, 3, 3, 3, 3, 3, 3, 3, 3, 3, 3, 3, 3, 3, 3, 3, 3, 3, 3, 3, 3, 3, 3, 3, 3, 3, 3, 3, 3, 3, 3, 3, 3, 3, 3, 3, 3, 3, 3, 3, 3, 3, 3, 3, 3, 3, 3, 3, 3, 3, 3, 3, 3, 3, 3, 3, 3, 3, 3, 3, 3, 3, 3, 3, 3, 3, 3, 3, 3, 3, 3, 3, 3, 3, 3, 3, 3, 3, 3, 3, 3, 3, 3, 3, 3, 3, 3, 3, 3, 3, 3, 3, 3, 3, 3, 3, 3, 3, 3, 3, 3, 3, 3, 3, 3, 3, 3, 3, 3, 3, 3, 3, 3, 3, 3, 3, 3, 3, 3, 3, 3, 3, 3, 3, 3, 3, 3]
            int[] faceVertexIndices = [0, 1, 2, 2, 3, 0, 4, 5, 1, 1, 0, 4, 6, 7, 5, 5, 4, 6, 8, 9, 7, 7, 6, 8, 10, 11, 9, 9, 8, 10, 12, 13, 11, 11, 10, 12, 14, 15, 13, 13, 12, 14, 16, 17, 15, 15, 14, 16, 18, 19, 17, 17, 16, 18, 20, 21, 19, 19, 18, 20, 22, 23, 21, 21, 20, 22, 24, 25, 23, 23, 22, 24, 26, 27, 25, 25, 24, 26, 28, 29, 27, 27, 26, 28, 30, 31, 29, 29, 28, 30, 32, 33, 31, 31, 30, 32, 34, 35, 33, 33, 32, 34, 36, 37, 35, 35, 34, 36, 38, 39, 37, 37, 36, 38, 40, 41, 39, 39, 38, 40, 42, 43, 41, 41, 40, 42, 44, 45, 43, 43, 42, 44, 46, 47, 45, 45, 44, 46, 48, 49, 47, 47, 46, 48, 50, 51, 49, 49, 48, 50, 52, 53, 51, 51, 50, 52, 54, 55, 53, 53, 52, 54, 56, 57, 55, 55, 54, 56, 58, 59, 57, 57, 56, 58, 60, 61, 59, 59, 58, 60, 62, 63, 61, 61, 60, 62, 3, 2, 63, 63, 62, 3, 1, 64, 65, 65, 2, 1, 5, 66, 64, 64, 1, 5, 7, 67, 66, 66, 5, 7, 9, 68, 67, 67, 7, 9, 11, 69, 68, 68, 9, 11, 13, 70, 69, 69, 11, 13, 15, 71, 70, 70, 13, 15, 17, 72, 71, 71, 15, 17, 19, 73, 72, 72, 17, 19, 21, 74, 73, 73, 19, 21, 23, 75, 74, 74, 21, 23, 25, 76, 75, 75, 23, 25, 27, 77, 76, 76, 25, 27, 29, 78, 77, 77, 27, 29, 31, 79, 78, 78, 29, 31, 33, 80, 79, 79, 31, 33, 35, 81, 80, 80, 33, 35, 37, 82, 81, 81, 35, 37, 39, 83, 82, 82, 37, 39, 41, 84, 83, 83, 39, 41, 43, 85, 84, 84, 41, 43, 45, 86, 85, 85, 43, 45, 47, 87, 86, 86, 45, 47, 49, 88, 87, 87, 47, 49, 51, 89, 88, 88, 49, 51, 53, 90, 89, 89, 51, 53, 55, 91, 90, 90, 53, 55, 57, 92, 91, 91, 55, 57, 59, 93, 92, 92, 57, 59, 61, 94, 93, 93, 59, 61, 63, 95, 94, 94, 61, 63, 2, 65, 95, 95, 63, 2, 64, 96, 97, 97, 65, 64, 66, 98, 96, 96, 64, 66, 67, 99, 98, 98, 66, 67, 68, 100, 99, 99, 67, 68, 69, 101, 100, 100, 68, 69, 70, 102, 101, 101, 69, 70, 71, 103, 102, 102, 70, 71, 72, 104, 103, 103, 71, 72, 73, 105, 104, 104, 72, 73, 74, 106, 105, 105, 73, 74, 75, 107, 106, 106, 74, 75, 76, 108, 107, 107, 75, 76, 77, 109, 108, 108, 76, 77, 78, 110, 109, 109, 77, 78, 79, 111, 110, 110, 78, 79, 80, 112, 111, 111, 79, 80, 81, 113, 112, 112, 80, 81, 82, 114, 113, 113, 81, 82, 83, 115, 114, 114, 82, 83, 84, 116, 115, 115, 83, 84, 85, 117, 116, 116, 84, 85, 86, 118, 117, 117, 85, 86, 87, 119, 118, 118, 86, 87, 88, 120, 119, 119, 87, 88, 89, 121, 120, 120, 88, 89, 90, 122, 121, 121, 89, 90, 91, 123, 122, 122, 90, 91, 92, 124, 123, 123, 91, 92, 93, 125, 124, 124, 92, 93, 94, 126, 125, 125, 93, 94, 95, 127, 126, 126, 94, 95, 65, 97, 127, 127, 95, 65, 60, 58, 56, 60, 56, 54, 60, 54, 52, 62, 60, 52, 62, 52, 50, 3, 62, 50, 0, 3, 50, 4, 0, 50, 6, 4, 50, 8, 6, 50, 10, 8, 50, 12, 10, 50, 14, 12, 50, 16, 14, 50, 18, 16, 50, 20, 18, 50, 22, 20, 50, 24, 22, 50, 26, 24, 50, 28, 26, 50, 30, 28, 50, 32, 30, 50, 32, 50, 48, 34, 32, 48, 34, 48, 46, 34, 46, 44, 34, 44, 42, 34, 42, 40, 34, 40, 38, 34, 38, 36, 128, 129, 130, 130, 131, 128, 132, 128, 131, 131, 133, 132, 134, 132, 133, 133, 135, 134, 136, 134, 135, 135, 137, 136, 138, 136, 137, 137, 139, 138, 140, 138, 139, 139, 141, 140, 142, 140, 141, 141, 143, 142, 144, 142, 143, 143, 145, 144, 146, 144, 145, 145, 147, 146, 148, 146, 147, 147, 149, 148, 150, 148, 149, 149, 151, 150, 152, 150, 151, 151, 153, 152, 154, 152, 153, 153, 155, 154, 156, 154, 155, 155, 157, 156, 158, 156, 157, 157, 159, 158, 160, 158, 159, 159, 161, 160, 162, 160, 161, 161, 163, 162, 164, 162, 163, 163, 165, 164, 166, 164, 165, 165, 167, 166, 168, 166, 167, 167, 169, 168, 170, 168, 169, 169, 171, 170, 172, 170, 171, 171, 173, 172, 174, 172, 173, 173, 175, 174, 176, 174, 175, 175, 177, 176, 178, 176, 177, 177, 179, 178, 180, 178, 179, 179, 181, 180, 182, 180, 181, 181, 183, 182, 184, 182, 183, 183, 185, 184, 186, 184, 185, 185, 187, 186, 188, 186, 187, 187, 189, 188, 190, 188, 189, 189, 191, 190, 129, 190, 191, 191, 130, 129, 131, 130, 192, 192, 193, 131, 133, 131, 193, 193, 194, 133, 135, 133, 194, 194, 195, 135, 137, 135, 195, 195, 196, 137, 139, 137, 196, 196, 197, 139, 141, 139, 197, 197, 198, 141, 143, 141, 198, 198, 199, 143, 145, 143, 199, 199, 200, 145, 147, 145, 200, 200, 201, 147, 149, 147, 201, 201, 202, 149, 151, 149, 202, 202, 203, 151, 153, 151, 203, 203, 204, 153, 155, 153, 204, 204, 205, 155, 157, 155, 205, 205, 206, 157, 159, 157, 206, 206, 207, 159, 161, 159, 207, 207, 208, 161, 163, 161, 208, 208, 209, 163, 165, 163, 209, 209, 210, 165, 167, 165, 210, 210, 211, 167, 169, 167, 211, 211, 212, 169, 171, 169, 212, 212, 213, 171, 173, 171, 213, 213, 214, 173, 175, 173, 214, 214, 215, 175, 177, 175, 215, 215, 216, 177, 179, 177, 216, 216, 217, 179, 181, 179, 217, 217, 218, 181, 183, 181, 218, 218, 219, 183, 185, 183, 219, 219, 220, 185, 187, 185, 220, 220, 221, 187, 189, 187, 221, 221, 222, 189, 191, 189, 222, 222, 223, 191, 130, 191, 223, 223, 192, 130, 193, 192, 224, 224, 225, 193, 194, 193, 225, 225, 226, 194, 195, 194, 226, 226, 227, 195, 196, 195, 227, 227, 228, 196, 197, 196, 228, 228, 229, 197, 198, 197, 229, 229, 230, 198, 199, 198, 230, 230, 231, 199, 200, 199, 231, 231, 232, 200, 201, 200, 232, 232, 233, 201, 202, 201, 233, 233, 234, 202, 203, 202, 234, 234, 235, 203, 204, 203, 235, 235, 236, 204, 205, 204, 236, 236, 237, 205, 206, 205, 237, 237, 238, 206, 207, 206, 238, 238, 239, 207, 208, 207, 239, 239, 240, 208, 209, 208, 240, 240, 241, 209, 210, 209, 241, 241, 242, 210, 211, 210, 242, 242, 243, 211, 212, 211, 243, 243, 244, 212, 213, 212, 244, 244, 245, 213, 214, 213, 245, 245, 246, 214, 215, 214, 246, 246, 247, 215, 216, 215, 247, 247, 248, 216, 217, 216, 248, 248, 249, 217, 218, 217, 249, 249, 250, 218, 219, 218, 250, 250, 251, 219, 220, 219, 251, 251, 252, 220, 221, 220, 252, 252, 253, 221, 222, 221, 253, 253, 254, 222, 223, 222, 254, 254, 255, 223, 192, 223, 255, 255, 224, 192, 162, 164, 166, 162, 166, 168, 162, 168, 170, 162, 170, 172, 162, 172, 174, 162, 174, 176, 184, 186, 188, 182, 184, 188, 180, 182, 188, 180, 188, 190, 178, 180, 190, 178, 190, 129, 178, 129, 128, 178, 128, 132, 178, 132, 134, 178, 134, 136, 178, 136, 138, 178, 138, 140, 178, 140, 142, 178, 142, 144, 178, 144, 146, 178, 146, 148, 178, 148, 150, 178, 150, 152, 178, 152, 154, 178, 154, 156, 178, 156, 158, 178, 158, 160, 176, 178, 160, 162, 176, 160, 225, 97, 96, 225, 96, 98, 225, 98, 226, 226, 98, 99, 226, 99, 227, 227, 99, 100, 227, 100, 228, 228, 100, 101, 228, 101, 229, 229, 101, 102, 229, 102, 230, 230, 102, 103, 230, 103, 231, 231, 103, 104, 231, 104, 232, 232, 104, 233, 233, 104, 105, 233, 105, 234, 234, 105, 106, 234, 106, 235, 235, 106, 107, 235, 107, 236, 236, 107, 108, 236, 108, 237, 237, 108, 109, 237, 109, 238, 238, 109, 110, 238, 110, 239, 239, 110, 111, 239, 111, 240, 240, 111, 112, 240, 112, 241, 241, 112, 113, 241, 113, 242, 242, 113, 114, 242, 114, 243, 243, 114, 115, 243, 115, 244, 244, 115, 116, 244, 116, 245, 245, 116, 117, 245, 117, 246, 246, 117, 118, 246, 118, 247, 247, 118, 119, 247, 119, 248, 248, 119, 120, 248, 120, 249, 249, 120, 121, 249, 121, 250, 250, 121, 122, 250, 122, 251, 251, 122, 123, 251, 123, 252, 252, 123, 124, 252, 124, 125, 252, 125, 253, 253, 125, 126, 253, 126, 254, 254, 126, 255, 255, 126, 127, 255, 127, 224, 224, 127, 97, 224, 97, 225, 256, 257, 258, 256, 259, 257, 256, 260, 259, 256, 261, 260, 256, 262, 261, 256, 263, 262, 256, 264, 263, 256, 265, 264, 256, 266, 265, 256, 267, 266, 256, 268, 267, 256, 269, 268, 256, 270, 269, 256, 271, 270, 256, 272, 271, 256, 273, 272, 256, 274, 273, 256, 258, 274, 258, 275, 276, 258, 257, 275, 257, 277, 275, 257, 259, 277, 259, 278, 277, 259, 260, 278, 260, 279, 278, 260, 261, 279, 261, 280, 279, 261, 262, 280, 262, 281, 280, 262, 263, 281, 263, 282, 281, 263, 264, 282, 264, 283, 282, 264, 265, 283, 265, 284, 283, 265, 266, 284, 266, 285, 284, 266, 267, 285, 267, 286, 285, 267, 268, 286, 268, 287, 286, 268, 269, 287, 269, 288, 287, 269, 270, 288, 270, 289, 288, 270, 271, 289, 271, 290, 289, 271, 272, 290, 272, 291, 290, 272, 273, 291, 273, 292, 291, 273, 274, 292, 274, 276, 292, 274, 258, 276, 293, 276, 275, 293, 275, 277, 293, 277, 278, 293, 278, 279, 293, 279, 280, 293, 280, 281, 293, 281, 282, 293, 282, 283, 293, 283, 284, 293, 284, 285, 293, 285, 286, 293, 286, 287, 293, 287, 288, 293, 288, 289, 293, 289, 290, 293, 290, 291, 293, 291, 292, 293, 292, 276, 294, 295, 296, 294, 296, 297, 295, 298, 299, 295, 299, 296, 298, 300, 301, 298, 301, 299, 300, 302, 303, 300, 303, 301, 302, 304, 305, 302, 305, 303, 304, 306, 307, 304, 307, 305, 306, 308, 309, 306, 309, 307, 308, 310, 311, 308, 311, 309, 310, 312, 313, 310, 313, 311, 312, 314, 315, 312, 315, 313, 316, 317, 318, 316, 318, 319, 320, 321, 322, 323, 321, 320, 324, 321, 323, 324, 325, 321, 326, 325, 324, 327, 325, 326, 328, 325, 327, 329, 325, 328, 330, 325, 329, 331, 325, 330, 332, 333, 334, 335, 332, 334, 336, 335, 334, 336, 334, 337, 338, 336, 337, 339, 338, 337, 340, 339, 337, 341, 340, 337, 342, 341, 337, 343, 342, 337, 344, 345, 346, 344, 347, 345, 346, 348, 349, 346, 345, 348, 349, 350, 351, 349, 348, 350, 351, 352, 353, 351, 350, 352, 353, 354, 355, 353, 352, 354, 355, 356, 357, 355, 354, 356, 357, 358, 359, 357, 356, 358, 359, 360, 361, 359, 358, 360, 361, 362, 363, 361, 360, 362, 363, 315, 314, 363, 362, 315, 316, 364, 365, 316, 319, 364, 320, 322, 366, 367, 320, 366, 368, 367, 366, 368, 366, 369, 370, 368, 369, 371, 370, 369, 372, 371, 369, 373, 372, 369, 374, 373, 369, 375, 374, 369, 332, 376, 333, 377, 376, 332, 378, 376, 377, 378, 379, 376, 380, 379, 378, 381, 379, 380, 382, 379, 381, 383, 379, 382, 384, 379, 383, 385, 379, 384, 386, 387, 388, 389, 390, 391, 392, 393, 394, 395, 396, 397, 398, 388, 399, 400, 399, 388, 401, 391, 402, 403, 402, 391, 404, 386, 390, 405, 390, 386, 399, 400, 406, 407, 406, 400, 402, 403, 408, 409, 408, 403, 406, 407, 410, 411, 410, 407, 408, 409, 412, 413, 412, 409, 410, 411, 414, 415, 414, 411, 412, 413, 416, 417, 416, 413, 414, 415, 418, 419, 418, 415, 416, 417, 420, 421, 420, 417, 418, 419, 422, 423, 422, 419, 420, 421, 424, 425, 424, 421, 422, 423, 426, 427, 426, 423, 424, 425, 428, 429, 428, 425, 426, 427, 430, 431, 430, 427, 428, 429, 432, 433, 432, 429, 430, 431, 434, 435, 434, 431, 432, 433, 436, 437, 436, 433, 434, 435, 438, 439, 438, 435, 436, 437, 440, 441, 440, 437, 442, 387, 443, 444, 443, 387, 445, 389, 446, 447, 446, 389, 448, 394, 449, 450, 449, 394, 451, 393, 397, 452, 397, 393, 453, 396, 454, 455, 454, 396, 449, 450, 456, 457, 456, 450, 454, 455, 458, 459, 458, 455, 456, 457, 460, 461, 460, 457, 458, 459, 462, 463, 462, 459, 460, 461, 464, 465, 464, 461, 462, 463, 466, 467, 466, 463, 464, 465, 468, 469, 468, 465, 466, 467, 470, 471, 470, 467, 468, 469, 472, 473, 472, 469, 470, 471, 474, 475, 474, 471, 472, 473, 476, 477, 476, 473, 474, 475, 478, 479, 478, 475, 476, 477, 480, 481, 480, 477, 478, 479, 482, 483, 482, 479, 480, 481, 484, 485, 484, 481, 482, 483, 486, 487, 486, 483, 438, 439, 485, 484, 485, 439, 440, 441, 487, 486, 487, 441, 443, 444, 392, 488, 392, 444, 446, 447, 395, 489, 395, 447, 294, 386, 398, 389, 401, 334, 392, 448, 366, 395, 452, 364, 387, 404, 317, 388, 442, 321, 390, 445, 318, 391, 405, 297, 393, 488, 365, 394, 451, 344, 396, 489, 376, 397, 453, 347, 398, 386, 388, 386, 404, 387, 388, 387, 442, 401, 389, 391, 389, 445, 390, 391, 390, 405, 448, 392, 394, 392, 488, 393, 394, 393, 451, 452, 395, 397, 395, 489, 396, 397, 396, 453, 294, 398, 295, 399, 295, 398, 391, 297, 403, 296, 403, 297, 386, 294, 405, 297, 405, 294, 295, 399, 298, 406, 298, 399, 403, 296, 409, 299, 409, 296, 298, 406, 300, 410, 300, 406, 409, 299, 413, 301, 413, 299, 300, 410, 302, 414, 302, 410, 413, 301, 417, 303, 417, 301, 302, 414, 304, 418, 304, 414, 417, 303, 421, 305, 421, 303, 304, 418, 306, 422, 306, 418, 421, 305, 425, 307, 425, 305, 306, 422, 308, 426, 308, 422, 425, 307, 429, 309, 429, 307, 308, 426, 310, 430, 310, 426, 429, 309, 433, 311, 433, 309, 310, 430, 312, 434, 312, 430, 433, 311, 437, 313, 437, 311, 312, 434, 314, 438, 314, 434, 437, 313, 441, 315, 441, 313, 316, 444, 317, 387, 317, 444, 317, 404, 318, 390, 318, 404, 318, 445, 319, 446, 319, 445, 321, 442, 322, 443, 322, 442, 435, 323, 439, 320, 439, 323, 431, 324, 435, 323, 435, 324, 325, 400, 321, 388, 321, 400, 427, 326, 431, 324, 431, 326, 423, 327, 427, 326, 427, 327, 419, 328, 423, 327, 423, 328, 415, 329, 419, 328, 419, 329, 411, 330, 415, 329, 415, 330, 400, 325, 407, 331, 407, 325, 407, 331, 411, 330, 411, 331, 389, 334, 447, 333, 447, 334, 335, 436, 332, 440, 332, 436, 336, 432, 335, 436, 335, 432, 334, 401, 337, 402, 337, 401, 338, 428, 336, 432, 336, 428, 339, 424, 338, 428, 338, 424, 340, 420, 339, 424, 339, 420, 341, 416, 340, 420, 340, 416, 342, 412, 341, 416, 341, 412, 343, 408, 342, 412, 342, 408, 337, 402, 343, 408, 343, 402, 394, 344, 450, 346, 450, 344, 344, 451, 347, 397, 347, 451, 347, 453, 345, 454, 345, 453, 450, 346, 457, 349, 457, 346, 345, 454, 348, 458, 348, 454, 457, 349, 461, 351, 461, 349, 348, 458, 350, 462, 350, 458, 461, 351, 465, 353, 465, 351, 350, 462, 352, 466, 352, 462, 465, 353, 469, 355, 469, 353, 352, 466, 354, 470, 354, 466, 469, 355, 473, 357, 473, 355, 354, 470, 356, 474, 356, 470, 473, 357, 477, 359, 477, 357, 356, 474, 358, 478, 358, 474, 477, 359, 481, 361, 481, 359, 358, 478, 360, 482, 360, 478, 481, 361, 485, 363, 485, 361, 360, 482, 362, 486, 362, 482, 314, 438, 363, 485, 363, 438, 441, 315, 486, 362, 486, 315, 364, 452, 365, 393, 365, 452, 444, 316, 488, 365, 488, 316, 395, 364, 446, 319, 446, 364, 392, 366, 443, 322, 443, 366, 439, 320, 484, 367, 484, 320, 368, 480, 367, 484, 367, 480, 366, 448, 369, 449, 369, 448, 370, 476, 368, 480, 368, 476, 371, 472, 370, 476, 370, 472, 372, 468, 371, 472, 371, 468, 373, 464, 372, 468, 372, 464, 374, 460, 373, 464, 373, 460, 375, 456, 374, 460, 374, 456, 369, 449, 375, 456, 375, 449, 447, 333, 489, 376, 489, 333, 332, 440, 377, 487, 377, 440, 483, 378, 487, 377, 487, 378, 379, 455, 376, 396, 376, 455, 479, 380, 483, 378, 483, 380, 475, 381, 479, 380, 479, 381, 471, 382, 475, 381, 475, 382, 467, 383, 471, 382, 471, 383, 463, 384, 467, 383, 467, 384, 455, 379, 459, 385, 459, 379, 459, 385, 463, 384, 463, 385, 490, 491, 492, 492, 493, 490, 490, 493, 494, 494, 495, 490, 496, 497, 498, 498, 499, 496, 496, 499, 500, 500, 501, 496, 496, 501, 502, 502, 503, 496, 496, 503, 504, 504, 505, 496, 496, 505, 506, 506, 507, 496, 496, 507, 508, 508, 497, 496, 509, 510, 511, 511, 512, 509, 509, 512, 504, 504, 503, 509, 509, 503, 502, 502, 501, 509, 509, 501, 500, 500, 513, 509, 509, 513, 514, 514, 510, 509, 515, 516, 517, 517, 518, 515, 515, 518, 519, 519, 520, 515, 515, 520, 521, 521, 522, 515, 515, 522, 523, 523, 516, 515, 524, 525, 526, 526, 527, 524, 524, 527, 517, 517, 516, 524, 524, 516, 523, 523, 528, 524, 524, 528, 529, 529, 525, 524, 530, 510, 514, 514, 531, 530, 530, 531, 532, 532, 533, 530, 530, 533, 534, 534, 535, 530, 530, 535, 511, 511, 510, 530, 536, 537, 538, 538, 539, 536, 536, 539, 526, 526, 525, 536, 536, 525, 529, 529, 540, 536, 536, 540, 541, 541, 537, 536, 542, 533, 532, 532, 543, 542, 542, 543, 544, 544, 545, 542, 542, 545, 546, 546, 547, 542, 542, 547, 534, 534, 533, 542, 548, 549, 550, 550, 551, 548, 548, 551, 538, 538, 537, 548, 548, 537, 541, 541, 552, 548, 548, 552, 553, 553, 549, 548, 554, 545, 544, 544, 555, 554, 554, 555, 550, 550, 549, 554, 554, 549, 553, 553, 556, 554, 554, 556, 546, 546, 545, 554, 557, 558, 508, 508, 507, 557, 557, 507, 506, 506, 559, 557, 557, 559, 560, 560, 561, 557, 557, 561, 562, 562, 558, 557, 563, 564, 523, 523, 522, 563, 563, 522, 521, 521, 565, 563, 563, 565, 566, 566, 567, 563, 563, 567, 568, 568, 564, 563, 569, 570, 529, 529, 528, 569, 569, 528, 523, 523, 564, 569, 569, 564, 568, 568, 571, 569, 569, 571, 572, 572, 570, 569, 573, 574, 511, 511, 535, 573, 573, 535, 534, 534, 575, 573, 573, 575, 576, 576, 577, 573, 573, 577, 578, 578, 574, 573, 579, 580, 541, 541, 540, 579, 579, 540, 529, 529, 570, 579, 579, 570, 572, 572, 581, 579, 579, 581, 582, 582, 580, 579, 583, 575, 534, 534, 547, 583, 583, 547, 546, 546, 584, 583, 583, 584, 585, 585, 586, 583, 583, 586, 576, 576, 575, 583, 587, 588, 553, 553, 552, 587, 587, 552, 541, 541, 580, 587, 587, 580, 582, 582, 589, 587, 587, 589, 590, 590, 588, 587, 591, 584, 546, 546, 556, 591, 591, 556, 553, 553, 588, 591, 591, 588, 590, 590, 592, 591, 591, 592, 585, 585, 584, 591, 593, 559, 506, 506, 505, 593, 593, 505, 504, 504, 594, 593, 593, 594, 595, 595, 596, 593, 593, 596, 597, 597, 598, 593, 593, 598, 560, 560, 559, 593, 599, 574, 578, 578, 600, 599, 599, 600, 597, 597, 596, 599, 599, 596, 595, 595, 594, 599, 599, 594, 504, 504, 512, 599, 599, 512, 511, 511, 574, 599, 601, 602, 562, 562, 561, 601, 601, 561, 560, 560, 603, 601, 601, 603, 492, 492, 491, 601, 601, 491, 604, 604, 602, 601, 605, 606, 568, 568, 567, 605, 605, 567, 566, 566, 607, 605, 605, 607, 608, 608, 609, 605, 605, 609, 610, 610, 606, 605, 611, 612, 572, 572, 571, 611, 611, 571, 568, 568, 606, 611, 611, 606, 610, 610, 613, 611, 611, 613, 614, 614, 612, 611, 615, 616, 578, 578, 577, 615, 615, 577, 576, 576, 617, 615, 615, 617, 618, 618, 619, 615, 615, 619, 620, 620, 616, 615, 621, 622, 582, 582, 581, 621, 621, 581, 572, 572, 612, 621, 621, 612, 614, 614, 623, 621, 621, 623, 624, 624, 622, 621, 625, 617, 576, 576, 586, 625, 625, 586, 585, 585, 626, 625, 625, 626, 627, 627, 628, 625, 625, 628, 618, 618, 617, 625, 629, 630, 590, 590, 589, 629, 629, 589, 582, 582, 622, 629, 629, 622, 624, 624, 631, 629, 629, 631, 632, 632, 630, 629, 633, 626, 585, 585, 592, 633, 633, 592, 590, 590, 630, 633, 633, 630, 632, 632, 634, 633, 633, 634, 627, 627, 626, 633, 635, 603, 560, 560, 598, 635, 635, 598, 597, 597, 636, 635, 635, 636, 637, 637, 638, 635, 635, 638, 639, 639, 640, 635, 635, 640, 492, 492, 603, 635, 641, 616, 620, 620, 642, 641, 641, 642, 639, 639, 638, 641, 641, 638, 637, 637, 636, 641, 641, 636, 597, 597, 600, 641, 641, 600, 578, 578, 616, 641, 643, 609, 608, 608, 644, 643, 643, 644, 645, 645, 646, 643, 643, 646, 647, 647, 648, 643, 643, 648, 639, 639, 642, 643, 643, 642, 620, 620, 619, 643, 643, 619, 618, 618, 628, 643, 643, 628, 627, 627, 634, 643, 643, 634, 632, 632, 631, 643, 643, 631, 624, 624, 623, 643, 643, 623, 614, 614, 613, 643, 643, 613, 610, 610, 609, 643, 649, 648, 647, 647, 646, 649, 649, 646, 645, 645, 650, 649, 649, 650, 494, 494, 493, 649, 649, 493, 492, 492, 640, 649, 649, 640, 639, 639, 648, 649, 651, 652, 653, 653, 654, 651, 651, 654, 655, 655, 656, 651, 651, 656, 657, 657, 658, 651, 651, 658, 659, 659, 660, 651, 651, 660, 661, 661, 662, 651, 651, 662, 663, 663, 664, 651, 651, 664, 665, 665, 666, 651, 651, 666, 667, 667, 668, 651, 651, 668, 669, 669, 670, 651, 651, 670, 671, 671, 672, 651, 651, 672, 673, 673, 652, 651, 674, 495, 494, 494, 675, 674, 674, 675, 676, 676, 677, 674, 678, 679, 680, 680, 681, 678, 678, 681, 682, 682, 683, 678, 678, 683, 684, 684, 685, 678, 678, 685, 686, 686, 687, 678, 678, 687, 688, 688, 689, 678, 678, 689, 690, 690, 679, 678, 691, 692, 693, 693, 694, 691, 691, 694, 695, 695, 696, 691, 691, 696, 690, 690, 689, 691, 691, 689, 688, 688, 687, 691, 691, 687, 686, 686, 692, 691, 697, 698, 699, 699, 700, 697, 697, 700, 701, 701, 702, 697, 697, 702, 521, 521, 520, 697, 697, 520, 519, 519, 698, 697, 703, 704, 705, 705, 706, 703, 703, 706, 707, 707, 708, 703, 703, 708, 701, 701, 700, 703, 703, 700, 699, 699, 704, 703, 709, 710, 695, 695, 694, 709, 709, 694, 693, 693, 711, 709, 709, 711, 712, 712, 713, 709, 709, 713, 714, 714, 710, 709, 715, 716, 717, 717, 718, 715, 715, 718, 719, 719, 720, 715, 715, 720, 707, 707, 706, 715, 715, 706, 705, 705, 716, 715, 721, 722, 714, 714, 713, 721, 721, 713, 712, 712, 723, 721, 721, 723, 724, 724, 725, 721, 721, 725, 726, 726, 722, 721, 727, 728, 729, 729, 730, 727, 727, 730, 731, 731, 732, 727, 727, 732, 719, 719, 718, 727, 727, 718, 717, 717, 728, 727, 733, 734, 726, 726, 725, 733, 733, 725, 724, 724, 735, 733, 733, 735, 731, 731, 730, 733, 733, 730, 729, 729, 734, 733, 736, 683, 682, 682, 737, 736, 736, 737, 738, 738, 739, 736, 736, 739, 740, 740, 741, 736, 736, 741, 684, 684, 683, 736, 742, 702, 701, 701, 743, 742, 742, 743, 744, 744, 745, 742, 742, 745, 566, 566, 565, 742, 742, 565, 521, 521, 702, 742, 746, 708, 707, 707, 747, 746, 746, 747, 748, 748, 749, 746, 746, 749, 744, 744, 743, 746, 746, 743, 701, 701, 708, 746, 750, 711, 693, 693, 751, 750, 750, 751, 752, 752, 753, 750, 750, 753, 754, 754, 755, 750, 750, 755, 712, 712, 711, 750, 756, 720, 719, 719, 757, 756, 756, 757, 758, 758, 759, 756, 756, 759, 748, 748, 747, 756, 756, 747, 707, 707, 720, 756, 760, 723, 712, 712, 755, 760, 760, 755, 754, 754, 761, 760, 760, 761, 762, 762, 763, 760, 760, 763, 724, 724, 723, 760, 764, 732, 731, 731, 765, 764, 764, 765, 766, 766, 767, 764, 764, 767, 758, 758, 757, 764, 764, 757, 719, 719, 732, 764, 768, 735, 724, 724, 763, 768, 768, 763, 762, 762, 769, 768, 768, 769, 766, 766, 765, 768, 768, 765, 731, 731, 735, 768, 770, 685, 684, 684, 741, 770, 770, 741, 740, 740, 771, 770, 770, 771, 772, 772, 773, 770, 770, 773, 774, 774, 775, 770, 770, 775, 686, 686, 685, 770, 776, 777, 752, 752, 751, 776, 776, 751, 693, 693, 692, 776, 776, 692, 686, 686, 775, 776, 776, 775, 774, 774, 773, 776, 776, 773, 772, 772, 777, 776, 778, 739, 738, 738, 779, 778, 778, 779, 780, 780, 677, 778, 778, 677, 676, 676, 781, 778, 778, 781, 740, 740, 739, 778, 782, 745, 744, 744, 783, 782, 782, 783, 784, 784, 785, 782, 782, 785, 608, 608, 607, 782, 782, 607, 566, 566, 745, 782, 786, 749, 748, 748, 787, 786, 786, 787, 788, 788, 789, 786, 786, 789, 784, 784, 783, 786, 786, 783, 744, 744, 749, 786, 790, 753, 752, 752, 791, 790, 790, 791, 792, 792, 793, 790, 790, 793, 794, 794, 795, 790, 790, 795, 754, 754, 753, 790, 796, 759, 758, 758, 797, 796, 796, 797, 798, 798, 799, 796, 796, 799, 788, 788, 787, 796, 796, 787, 748, 748, 759, 796, 800, 761, 754, 754, 795, 800, 800, 795, 794, 794, 801, 800, 800, 801, 802, 802, 803, 800, 800, 803, 762, 762, 761, 800, 804, 767, 766, 766, 805, 804, 804, 805, 806, 806, 807, 804, 804, 807, 798, 798, 797, 804, 804, 797, 758, 758, 767, 804, 808, 769, 762, 762, 803, 808, 808, 803, 802, 802, 809, 808, 808, 809, 806, 806, 805, 808, 808, 805, 766, 766, 769, 808, 810, 771, 740, 740, 781, 810, 810, 781, 676, 676, 811, 810, 810, 811, 812, 812, 813, 810, 810, 813, 814, 814, 815, 810, 810, 815, 772, 772, 771, 810, 816, 817, 792, 792, 791, 816, 816, 791, 752, 752, 777, 816, 816, 777, 772, 772, 815, 816, 816, 815, 814, 814, 813, 816, 816, 813, 812, 812, 817, 816, 818, 644, 608, 608, 785, 818, 818, 785, 784, 784, 789, 818, 818, 789, 788, 788, 799, 818, 818, 799, 798, 798, 807, 818, 818, 807, 806, 806, 809, 818, 818, 809, 802, 802, 801, 818, 818, 801, 794, 794, 793, 818, 818, 793, 792, 792, 817, 818, 818, 817, 812, 812, 819, 818, 818, 819, 820, 820, 821, 818, 818, 821, 645, 645, 644, 818, 822, 821, 820, 820, 819, 822, 822, 819, 812, 812, 811, 822, 822, 811, 676, 676, 675, 822, 822, 675, 494, 494, 650, 822, 822, 650, 645, 645, 821, 822, 823, 824, 825, 825, 826, 823, 823, 826, 827, 827, 828, 823, 823, 828, 829, 829, 830, 823, 823, 830, 831, 831, 832, 823, 823, 832, 833, 833, 834, 823, 823, 834, 835, 835, 836, 823, 823, 836, 663, 663, 662, 823, 823, 662, 661, 661, 837, 823, 823, 837, 838, 838, 839, 823, 823, 839, 840, 840, 841, 823, 823, 841, 842, 842, 824, 823, 843, 844, 845, 845, 846, 843, 843, 846, 847, 847, 848, 843, 849, 850, 498, 498, 497, 849, 849, 497, 508, 508, 851, 849, 849, 851, 852, 852, 853, 849, 849, 853, 854, 854, 855, 849, 849, 855, 856, 856, 857, 849, 849, 857, 858, 858, 850, 849, 859, 860, 861, 861, 862, 859, 859, 862, 863, 863, 864, 859, 859, 864, 858, 858, 857, 859, 859, 857, 856, 856, 855, 859, 859, 855, 854, 854, 860, 859, 865, 866, 867, 867, 868, 865, 865, 868, 869, 869, 870, 865, 865, 870, 871, 871, 872, 865, 865, 872, 873, 873, 866, 865, 874, 875, 876, 876, 877, 874, 874, 877, 878, 878, 879, 874, 874, 879, 869, 869, 868, 874, 874, 868, 867, 867, 875, 874, 880, 881, 863, 863, 862, 880, 880, 862, 861, 861, 882, 880, 880, 882, 883, 883, 884, 880, 880, 884, 885, 885, 881, 880, 886, 887, 888, 888, 889, 886, 886, 889, 890, 890, 891, 886, 886, 891, 878, 878, 877, 886, 886, 877, 876, 876, 887, 886, 892, 893, 885, 885, 884, 892, 892, 884, 883, 883, 894, 892, 892, 894, 895, 895, 896, 892, 892, 896, 897, 897, 893, 892, 898, 899, 900, 900, 901, 898, 898, 901, 902, 902, 903, 898, 898, 903, 890, 890, 889, 898, 898, 889, 888, 888, 899, 898, 904, 905, 897, 897, 896, 904, 904, 896, 895, 895, 906, 904, 904, 906, 902, 902, 901, 904, 904, 901, 900, 900, 905, 904, 907, 851, 508, 508, 558, 907, 907, 558, 562, 562, 908, 907, 907, 908, 909, 909, 910, 907, 907, 910, 852, 852, 851, 907, 911, 870, 869, 869, 912, 911, 911, 912, 913, 913, 914, 911, 911, 914, 915, 915, 916, 911, 911, 916, 871, 871, 870, 911, 917, 879, 878, 878, 918, 917, 917, 918, 919, 919, 920, 917, 917, 920, 913, 913, 912, 917, 917, 912, 869, 869, 879, 917, 921, 882, 861, 861, 922, 921, 921, 922, 923, 923, 924, 921, 921, 924, 925, 925, 926, 921, 921, 926, 883, 883, 882, 921, 927, 891, 890, 890, 928, 927, 927, 928, 929, 929, 930, 927, 927, 930, 919, 919, 918, 927, 927, 918, 878, 878, 891, 927, 931, 894, 883, 883, 926, 931, 931, 926, 925, 925, 932, 931, 931, 932, 933, 933, 934, 931, 931, 934, 895, 895, 894, 931, 935, 903, 902, 902, 936, 935, 935, 936, 937, 937, 938, 935, 935, 938, 929, 929, 928, 935, 935, 928, 890, 890, 903, 935, 939, 906, 895, 895, 934, 939, 939, 934, 933, 933, 940, 939, 939, 940, 937, 937, 936, 939, 939, 936, 902, 902, 906, 939, 941, 853, 852, 852, 910, 941, 941, 910, 909, 909, 942, 941, 941, 942, 943, 943, 944, 941, 941, 944, 945, 945, 946, 941, 941, 946, 854, 854, 853, 941, 947, 948, 923, 923, 922, 947, 947, 922, 861, 861, 860, 947, 947, 860, 854, 854, 946, 947, 947, 946, 945, 945, 944, 947, 947, 944, 943, 943, 948, 947, 949, 908, 562, 562, 602, 949, 949, 602, 604, 604, 848, 949, 949, 848, 847, 847, 950, 949, 949, 950, 909, 909, 908, 949, 951, 914, 913, 913, 952, 951, 951, 952, 953, 953, 954, 951, 951, 954, 955, 955, 956, 951, 951, 956, 915, 915, 914, 951, 957, 920, 919, 919, 958, 957, 957, 958, 959, 959, 960, 957, 957, 960, 953, 953, 952, 957, 957, 952, 913, 913, 920, 957, 961, 924, 923, 923, 962, 961, 961, 962, 963, 963, 964, 961, 961, 964, 965, 965, 966, 961, 961, 966, 925, 925, 924, 961, 967, 930, 929, 929, 968, 967, 967, 968, 969, 969, 970, 967, 967, 970, 959, 959, 958, 967, 967, 958, 919, 919, 930, 967, 971, 932, 925, 925, 966, 971, 971, 966, 965, 965, 972, 971, 971, 972, 973, 973, 974, 971, 971, 974, 933, 933, 932, 971, 975, 938, 937, 937, 976, 975, 975, 976, 977, 977, 978, 975, 975, 978, 969, 969, 968, 975, 975, 968, 929, 929, 938, 975, 979, 940, 933, 933, 974, 979, 979, 974, 973, 973, 980, 979, 979, 980, 977, 977, 976, 979, 979, 976, 937, 937, 940, 979, 981, 942, 909, 909, 950, 981, 981, 950, 847, 847, 982, 981, 981, 982, 983, 983, 984, 981, 981, 984, 985, 985, 986, 981, 981, 986, 943, 943, 942, 981, 987, 988, 963, 963, 962, 987, 987, 962, 923, 923, 948, 987, 987, 948, 943, 943, 986, 987, 987, 986, 985, 985, 984, 987, 987, 984, 983, 983, 988, 987, 989, 990, 955, 955, 954, 989, 989, 954, 953, 953, 960, 989, 989, 960, 959, 959, 970, 989, 989, 970, 969, 969, 978, 989, 989, 978, 977, 977, 980, 989, 989, 980, 973, 973, 972, 989, 989, 972, 965, 965, 964, 989, 989, 964, 963, 963, 988, 989, 989, 988, 983, 983, 991, 989, 989, 991, 992, 992, 993, 989, 989, 993, 994, 994, 990, 989, 995, 993, 992, 992, 991, 995, 995, 991, 983, 983, 982, 995, 995, 982, 847, 847, 846, 995, 995, 846, 845, 845, 996, 995, 995, 996, 994, 994, 993, 995, 997, 998, 999, 999, 1000, 997, 997, 1000, 1001, 1001, 1002, 997, 997, 1002, 1003, 1003, 1004, 997, 997, 1004, 1005, 1005, 1006, 997, 997, 1006, 1007, 1007, 1008, 997, 997, 1008, 1009, 1009, 1010, 997, 997, 1010, 1011, 1011, 1012, 997, 997, 1012, 661, 661, 660, 997, 997, 660, 659, 659, 1013, 997, 997, 1013, 1014, 1014, 1015, 997, 997, 1015, 1016, 1016, 998, 997, 1017, 1018, 1019, 1019, 1020, 1017, 1017, 1020, 845, 845, 844, 1017, 1021, 681, 680, 680, 1022, 1021, 1021, 1022, 1023, 1023, 1024, 1021, 1021, 1024, 1025, 1025, 1026, 1021, 1021, 1026, 1027, 1027, 1028, 1021, 1021, 1028, 1029, 1029, 1030, 1021, 1021, 1030, 682, 682, 681, 1021, 1031, 1032, 1033, 1033, 1034, 1031, 1031, 1034, 1027, 1027, 1026, 1031, 1031, 1026, 1025, 1025, 1024, 1031, 1031, 1024, 1023, 1023, 1035, 1031, 1031, 1035, 1036, 1036, 1032, 1031, 1037, 1038, 1039, 1039, 1040, 1037, 1037, 1040, 873, 873, 872, 1037, 1037, 872, 871, 871, 1041, 1037, 1037, 1041, 1042, 1042, 1038, 1037, 1043, 1044, 1045, 1045, 1046, 1043, 1043, 1046, 1039, 1039, 1038, 1043, 1043, 1038, 1042, 1042, 1047, 1043, 1043, 1047, 1048, 1048, 1044, 1043, 1049, 1032, 1036, 1036, 1050, 1049, 1049, 1050, 1051, 1051, 1052, 1049, 1049, 1052, 1053, 1053, 1054, 1049, 1049, 1054, 1033, 1033, 1032, 1049, 1055, 1056, 1057, 1057, 1058, 1055, 1055, 1058, 1045, 1045, 1044, 1055, 1055, 1044, 1048, 1048, 1059, 1055, 1055, 1059, 1060, 1060, 1056, 1055, 1061, 1052, 1051, 1051, 1062, 1061, 1061, 1062, 1063, 1063, 1064, 1061, 1061, 1064, 1065, 1065, 1066, 1061, 1061, 1066, 1053, 1053, 1052, 1061, 1067, 1068, 1069, 1069, 1070, 1067, 1067, 1070, 1057, 1057, 1056, 1067, 1067, 1056, 1060, 1060, 1071, 1067, 1067, 1071, 1072, 1072, 1068, 1067, 1073, 1064, 1063, 1063, 1074, 1073, 1073, 1074, 1069, 1069, 1068, 1073, 1073, 1068, 1072, 1072, 1075, 1073, 1073, 1075, 1065, 1065, 1064, 1073, 1076, 737, 682, 682, 1030, 1076, 1076, 1030, 1029, 1029, 1077, 1076, 1076, 1077, 1078, 1078, 1079, 1076, 1076, 1079, 738, 738, 737, 1076, 1080, 1081, 1042, 1042, 1041, 1080, 1080, 1041, 871, 871, 916, 1080, 1080, 916, 915, 915, 1082, 1080, 1080, 1082, 1083, 1083, 1081, 1080, 1084, 1085, 1048, 1048, 1047, 1084, 1084, 1047, 1042, 1042, 1081, 1084, 1084, 1081, 1083, 1083, 1086, 1084, 1084, 1086, 1087, 1087, 1085, 1084, 1088, 1089, 1033, 1033, 1054, 1088, 1088, 1054, 1053, 1053, 1090, 1088, 1088, 1090, 1091, 1091, 1092, 1088, 1088, 1092, 1093, 1093, 1089, 1088, 1094, 1095, 1060, 1060, 1059, 1094, 1094, 1059, 1048, 1048, 1085, 1094, 1094, 1085, 1087, 1087, 1096, 1094, 1094, 1096, 1097, 1097, 1095, 1094, 1098, 1090, 1053, 1053, 1066, 1098, 1098, 1066, 1065, 1065, 1099, 1098, 1098, 1099, 1100, 1100, 1101, 1098, 1098, 1101, 1091, 1091, 1090, 1098, 1102, 1103, 1072, 1072, 1071, 1102, 1102, 1071, 1060, 1060, 1095, 1102, 1102, 1095, 1097, 1097, 1104, 1102, 1102, 1104, 1105, 1105, 1103, 1102, 1106, 1099, 1065, 1065, 1075, 1106, 1106, 1075, 1072, 1072, 1103, 1106, 1106, 1103, 1105, 1105, 1107, 1106, 1106, 1107, 1100, 1100, 1099, 1106, 1108, 1077, 1029, 1029, 1028, 1108, 1108, 1028, 1027, 1027, 1109, 1108, 1108, 1109, 1110, 1110, 1111, 1108, 1108, 1111, 1112, 1112, 1113, 1108, 1108, 1113, 1078, 1078, 1077, 1108, 1114, 1089, 1093, 1093, 1115, 1114, 1114, 1115, 1112, 1112, 1111, 1114, 1114, 1111, 1110, 1110, 1109, 1114, 1114, 1109, 1027, 1027, 1034, 1114, 1114, 1034, 1033, 1033, 1089, 1114, 1116, 779, 738, 738, 1079, 1116, 1116, 1079, 1078, 1078, 1117, 1116, 1116, 1117, 1019, 1019, 1018, 1116, 1116, 1018, 780, 780, 779, 1116, 1118, 1119, 1083, 1083, 1082, 1118, 1118, 1082, 915, 915, 956, 1118, 1118, 956, 955, 955, 1120, 1118, 1118, 1120, 1121, 1121, 1119, 1118, 1122, 1123, 1087, 1087, 1086, 1122, 1122, 1086, 1083, 1083, 1119, 1122, 1122, 1119, 1121, 1121, 1124, 1122, 1122, 1124, 1125, 1125, 1123, 1122, 1126, 1127, 1093, 1093, 1092, 1126, 1126, 1092, 1091, 1091, 1128, 1126, 1126, 1128, 1129, 1129, 1130, 1126, 1126, 1130, 1131, 1131, 1127, 1126, 1132, 1133, 1097, 1097, 1096, 1132, 1132, 1096, 1087, 1087, 1123, 1132, 1132, 1123, 1125, 1125, 1134, 1132, 1132, 1134, 1135, 1135, 1133, 1132, 1136, 1128, 1091, 1091, 1101, 1136, 1136, 1101, 1100, 1100, 1137, 1136, 1136, 1137, 1138, 1138, 1139, 1136, 1136, 1139, 1129, 1129, 1128, 1136, 1140, 1141, 1105, 1105, 1104, 1140, 1140, 1104, 1097, 1097, 1133, 1140, 1140, 1133, 1135, 1135, 1142, 1140, 1140, 1142, 1143, 1143, 1141, 1140, 1144, 1137, 1100, 1100, 1107, 1144, 1144, 1107, 1105, 1105, 1141, 1144, 1144, 1141, 1143, 1143, 1145, 1144, 1144, 1145, 1138, 1138, 1137, 1144, 1146, 1117, 1078, 1078, 1113, 1146, 1146, 1113, 1112, 1112, 1147, 1146, 1146, 1147, 1148, 1148, 1149, 1146, 1146, 1149, 1150, 1150, 1151, 1146, 1146, 1151, 1019, 1019, 1117, 1146, 1152, 1127, 1131, 1131, 1153, 1152, 1152, 1153, 1150, 1150, 1149, 1152, 1152, 1149, 1148, 1148, 1147, 1152, 1152, 1147, 1112, 1112, 1115, 1152, 1152, 1115, 1093, 1093, 1127, 1152, 1154, 1120, 955, 955, 990, 1154, 1154, 990, 994, 994, 1155, 1154, 1154, 1155, 1156, 1156, 1157, 1154, 1154, 1157, 1150, 1150, 1153, 1154, 1154, 1153, 1131, 1131, 1130, 1154, 1154, 1130, 1129, 1129, 1139, 1154, 1154, 1139, 1138, 1138, 1145, 1154, 1154, 1145, 1143, 1143, 1142, 1154, 1154, 1142, 1135, 1135, 1134, 1154, 1154, 1134, 1125, 1125, 1124, 1154, 1154, 1124, 1121, 1121, 1120, 1154, 1158, 1157, 1156, 1156, 1155, 1158, 1158, 1155, 994, 994, 996, 1158, 1158, 996, 845, 845, 1020, 1158, 1158, 1020, 1019, 1019, 1151, 1158, 1158, 1151, 1150, 1150, 1157, 1158, 1159, 1160, 1161, 1161, 1162, 1159, 1159, 1162, 1163, 1163, 1164, 1159, 1159, 1164, 1165, 1165, 1166, 1159, 1159, 1166, 838, 838, 837, 1159, 1159, 837, 661, 661, 1012, 1159, 1159, 1012, 1011, 1011, 1167, 1159, 1159, 1167, 1168, 1168, 1169, 1159, 1159, 1169, 1170, 1170, 1171, 1159, 1159, 1171, 1172, 1172, 1173, 1159, 1159, 1173, 1174, 1174, 1175, 1159, 1159, 1175, 1176, 1176, 1160, 1159, 1177, 1178, 500, 500, 499, 1177, 1177, 499, 498, 498, 1179, 1177, 1177, 1179, 1180, 1180, 1181, 1177, 1177, 1181, 1182, 1182, 1178, 1177, 1183, 1184, 519, 519, 518, 1183, 1183, 518, 517, 517, 1185, 1183, 1183, 1185, 1186, 1186, 1187, 1183, 1183, 1187, 1188, 1188, 1184, 1183, 1189, 1185, 517, 517, 527, 1189, 1189, 527, 526, 526, 1190, 1189, 1189, 1190, 1191, 1191, 1192, 1189, 1189, 1192, 1186, 1186, 1185, 1189, 1193, 1194, 532, 532, 531, 1193, 1193, 531, 514, 514, 1195, 1193, 1193, 1195, 1196, 1196, 1197, 1193, 1193, 1197, 1198, 1198, 1194, 1193, 1199, 1190, 526, 526, 539, 1199, 1199, 539, 538, 538, 1200, 1199, 1199, 1200, 1201, 1201, 1202, 1199, 1199, 1202, 1191, 1191, 1190, 1199, 1203, 1204, 544, 544, 543, 1203, 1203, 543, 532, 532, 1194, 1203, 1203, 1194, 1198, 1198, 1205, 1203, 1203, 1205, 1206, 1206, 1204, 1203, 1207, 1200, 538, 538, 551, 1207, 1207, 551, 550, 550, 1208, 1207, 1207, 1208, 1209, 1209, 1210, 1207, 1207, 1210, 1201, 1201, 1200, 1207, 1211, 1208, 550, 550, 555, 1211, 1211, 555, 544, 544, 1204, 1211, 1211, 1204, 1206, 1206, 1212, 1211, 1211, 1212, 1209, 1209, 1208, 1211, 1213, 1195, 514, 514, 513, 1213, 1213, 513, 500, 500, 1178, 1213, 1213, 1178, 1182, 1182, 1214, 1213, 1213, 1214, 1196, 1196, 1195, 1213, 1215, 1216, 680, 680, 679, 1215, 1215, 679, 690, 690, 1217, 1215, 1215, 1217, 1218, 1218, 1219, 1215, 1215, 1219, 1220, 1220, 1216, 1215, 1221, 1222, 699, 699, 698, 1221, 1221, 698, 519, 519, 1184, 1221, 1221, 1184, 1188, 1188, 1223, 1221, 1221, 1223, 1224, 1224, 1222, 1221, 1225, 1226, 705, 705, 704, 1225, 1225, 704, 699, 699, 1222, 1225, 1225, 1222, 1224, 1224, 1227, 1225, 1225, 1227, 1228, 1228, 1226, 1225, 1229, 1230, 695, 695, 710, 1229, 1229, 710, 714, 714, 1231, 1229, 1229, 1231, 1232, 1232, 1233, 1229, 1229, 1233, 1234, 1234, 1230, 1229, 1235, 1236, 717, 717, 716, 1235, 1235, 716, 705, 705, 1226, 1235, 1235, 1226, 1228, 1228, 1237, 1235, 1235, 1237, 1238, 1238, 1236, 1235, 1239, 1231, 714, 714, 722, 1239, 1239, 722, 726, 726, 1240, 1239, 1239, 1240, 1241, 1241, 1242, 1239, 1239, 1242, 1232, 1232, 1231, 1239, 1243, 1244, 729, 729, 728, 1243, 1243, 728, 717, 717, 1236, 1243, 1243, 1236, 1238, 1238, 1245, 1243, 1243, 1245, 1246, 1246, 1244, 1243, 1247, 1240, 726, 726, 734, 1247, 1247, 734, 729, 729, 1244, 1247, 1247, 1244, 1246, 1246, 1248, 1247, 1247, 1248, 1241, 1241, 1240, 1247, 1249, 1217, 690, 690, 696, 1249, 1249, 696, 695, 695, 1230, 1249, 1249, 1230, 1234, 1234, 1250, 1249, 1249, 1250, 1218, 1218, 1217, 1249, 1251, 1179, 498, 498, 850, 1251, 1251, 850, 858, 858, 1252, 1251, 1251, 1252, 1253, 1253, 1254, 1251, 1251, 1254, 1180, 1180, 1179, 1251, 1255, 1256, 867, 867, 866, 1255, 1255, 866, 873, 873, 1257, 1255, 1255, 1257, 1258, 1258, 1259, 1255, 1255, 1259, 1260, 1260, 1256, 1255, 1261, 1262, 876, 876, 875, 1261, 1261, 875, 867, 867, 1256, 1261, 1261, 1256, 1260, 1260, 1263, 1261, 1261, 1263, 1264, 1264, 1262, 1261, 1265, 1266, 863, 863, 881, 1265, 1265, 881, 885, 885, 1267, 1265, 1265, 1267, 1268, 1268, 1269, 1265, 1265, 1269, 1270, 1270, 1266, 1265, 1271, 1272, 888, 888, 887, 1271, 1271, 887, 876, 876, 1262, 1271, 1271, 1262, 1264, 1264, 1273, 1271, 1271, 1273, 1274, 1274, 1272, 1271, 1275, 1267, 885, 885, 893, 1275, 1275, 893, 897, 897, 1276, 1275, 1275, 1276, 1277, 1277, 1278, 1275, 1275, 1278, 1268, 1268, 1267, 1275, 1279, 1280, 900, 900, 899, 1279, 1279, 899, 888, 888, 1272, 1279, 1279, 1272, 1274, 1274, 1281, 1279, 1279, 1281, 1282, 1282, 1280, 1279, 1283, 1276, 897, 897, 905, 1283, 1283, 905, 900, 900, 1280, 1283, 1283, 1280, 1282, 1282, 1284, 1283, 1283, 1284, 1277, 1277, 1276, 1283, 1285, 1252, 858, 858, 864, 1285, 1285, 864, 863, 863, 1266, 1285, 1285, 1266, 1270, 1270, 1286, 1285, 1285, 1286, 1253, 1253, 1252, 1285, 1287, 1288, 1023, 1023, 1022, 1287, 1287, 1022, 680, 680, 1216, 1287, 1287, 1216, 1220, 1220, 1289, 1287, 1287, 1289, 1290, 1290, 1288, 1287, 1291, 1257, 873, 873, 1040, 1291, 1291, 1040, 1039, 1039, 1292, 1291, 1291, 1292, 1293, 1293, 1294, 1291, 1291, 1294, 1258, 1258, 1257, 1291, 1295, 1292, 1039, 1039, 1046, 1295, 1295, 1046, 1045, 1045, 1296, 1295, 1295, 1296, 1297, 1297, 1298, 1295, 1295, 1298, 1293, 1293, 1292, 1295, 1299, 1300, 1051, 1051, 1050, 1299, 1299, 1050, 1036, 1036, 1301, 1299, 1299, 1301, 1302, 1302, 1303, 1299, 1299, 1303, 1304, 1304, 1300, 1299, 1305, 1296, 1045, 1045, 1058, 1305, 1305, 1058, 1057, 1057, 1306, 1305, 1305, 1306, 1307, 1307, 1308, 1305, 1305, 1308, 1297, 1297, 1296, 1305, 1309, 1310, 1063, 1063, 1062, 1309, 1309, 1062, 1051, 1051, 1300, 1309, 1309, 1300, 1304, 1304, 1311, 1309, 1309, 1311, 1312, 1312, 1310, 1309, 1313, 1306, 1057, 1057, 1070, 1313, 1313, 1070, 1069, 1069, 1314, 1313, 1313, 1314, 1315, 1315, 1316, 1313, 1313, 1316, 1307, 1307, 1306, 1313, 1317, 1314, 1069, 1069, 1074, 1317, 1317, 1074, 1063, 1063, 1310, 1317, 1317, 1310, 1312, 1312, 1318, 1317, 1317, 1318, 1315, 1315, 1314, 1317, 1319, 1301, 1036, 1036, 1035, 1319, 1319, 1035, 1023, 1023, 1288, 1319, 1319, 1288, 1290, 1290, 1320, 1319, 1319, 1320, 1302, 1302, 1301, 1319, 1321, 1322, 1188, 1188, 1187, 1321, 1321, 1187, 1186, 1186, 1323, 1321, 1321, 1323, 665, 665, 664, 1321, 1321, 664, 663, 663, 1322, 1321, 1324, 1323, 1186, 1186, 1192, 1324, 1324, 1192, 1191, 1191, 1325, 1324, 1324, 1325, 667, 667, 666, 1324, 1324, 666, 665, 665, 1323, 1324, 1326, 1325, 1191, 1191, 1202, 1326, 1326, 1202, 1201, 1201, 1327, 1326, 1326, 1327, 669, 669, 668, 1326, 1326, 668, 667, 667, 1325, 1326, 1328, 1327, 1201, 1201, 1210, 1328, 1328, 1210, 1209, 1209, 1329, 1328, 1328, 1329, 671, 671, 670, 1328, 1328, 670, 669, 669, 1327, 1328, 1330, 1329, 1209, 1209, 1212, 1330, 1330, 1212, 1206, 1206, 1331, 1330, 1330, 1331, 673, 673, 672, 1330, 1330, 672, 671, 671, 1329, 1330, 1332, 1331, 1206, 1206, 1205, 1332, 1332, 1205, 1198, 1198, 1333, 1332, 1332, 1333, 653, 653, 652, 1332, 1332, 652, 673, 673, 1331, 1332, 1334, 1333, 1198, 1198, 1197, 1334, 1334, 1197, 1196, 1196, 1335, 1334, 1334, 1335, 655, 655, 654, 1334, 1334, 654, 653, 653, 1333, 1334, 1336, 1335, 1196, 1196, 1214, 1336, 1336, 1214, 1182, 1182, 1337, 1336, 1336, 1337, 657, 657, 656, 1336, 1336, 656, 655, 655, 1335, 1336, 1338, 1337, 1182, 1182, 1181, 1338, 1338, 1181, 1180, 1180, 1339, 1338, 1338, 1339, 659, 659, 658, 1338, 1338, 658, 657, 657, 1337, 1338, 1340, 1341, 1228, 1228, 1227, 1340, 1340, 1227, 1224, 1224, 1342, 1340, 1340, 1342, 835, 835, 834, 1340, 1340, 834, 833, 833, 1341, 1340, 1343, 1342, 1224, 1224, 1223, 1343, 1343, 1223, 1188, 1188, 1322, 1343, 1343, 1322, 663, 663, 836, 1343, 1343, 836, 835, 835, 1342, 1343, 1344, 1345, 1246, 1246, 1245, 1344, 1344, 1245, 1238, 1238, 1346, 1344, 1344, 1346, 831, 831, 830, 1344, 1344, 830, 829, 829, 1345, 1344, 1347, 1346, 1238, 1238, 1237, 1347, 1347, 1237, 1228, 1228, 1341, 1347, 1347, 1341, 833, 833, 832, 1347, 1347, 832, 831, 831, 1346, 1347, 1348, 1349, 1232, 1232, 1242, 1348, 1348, 1242, 1241, 1241, 1350, 1348, 1348, 1350, 827, 827, 826, 1348, 1348, 826, 825, 825, 1349, 1348, 1351, 1350, 1241, 1241, 1248, 1351, 1351, 1248, 1246, 1246, 1345, 1351, 1351, 1345, 829, 829, 828, 1351, 1351, 828, 827, 827, 1350, 1351, 1352, 1353, 1218, 1218, 1250, 1352, 1352, 1250, 1234, 1234, 1354, 1352, 1352, 1354, 842, 842, 841, 1352, 1352, 841, 840, 840, 1353, 1352, 1355, 1354, 1234, 1234, 1233, 1355, 1355, 1233, 1232, 1232, 1349, 1355, 1355, 1349, 825, 825, 824, 1355, 1355, 824, 842, 842, 1354, 1355, 1356, 1357, 1220, 1220, 1219, 1356, 1356, 1219, 1218, 1218, 1353, 1356, 1356, 1353, 840, 840, 839, 1356, 1356, 839, 838, 838, 1357, 1356, 1358, 1359, 1264, 1264, 1263, 1358, 1358, 1263, 1260, 1260, 1360, 1358, 1358, 1360, 1009, 1009, 1008, 1358, 1358, 1008, 1007, 1007, 1359, 1358, 1361, 1360, 1260, 1260, 1259, 1361, 1361, 1259, 1258, 1258, 1362, 1361, 1361, 1362, 1011, 1011, 1010, 1361, 1361, 1010, 1009, 1009, 1360, 1361, 1363, 1364, 1282, 1282, 1281, 1363, 1363, 1281, 1274, 1274, 1365, 1363, 1363, 1365, 1005, 1005, 1004, 1363, 1363, 1004, 1003, 1003, 1364, 1363, 1366, 1365, 1274, 1274, 1273, 1366, 1366, 1273, 1264, 1264, 1359, 1366, 1366, 1359, 1007, 1007, 1006, 1366, 1366, 1006, 1005, 1005, 1365, 1366, 1367, 1368, 1268, 1268, 1278, 1367, 1367, 1278, 1277, 1277, 1369, 1367, 1367, 1369, 1001, 1001, 1000, 1367, 1367, 1000, 999, 999, 1368, 1367, 1370, 1369, 1277, 1277, 1284, 1370, 1370, 1284, 1282, 1282, 1364, 1370, 1370, 1364, 1003, 1003, 1002, 1370, 1370, 1002, 1001, 1001, 1369, 1370, 1371, 1372, 1253, 1253, 1286, 1371, 1371, 1286, 1270, 1270, 1373, 1371, 1371, 1373, 1016, 1016, 1015, 1371, 1371, 1015, 1014, 1014, 1372, 1371, 1374, 1373, 1270, 1270, 1269, 1374, 1374, 1269, 1268, 1268, 1368, 1374, 1374, 1368, 999, 999, 998, 1374, 1374, 998, 1016, 1016, 1373, 1374, 1375, 1339, 1180, 1180, 1254, 1375, 1375, 1254, 1253, 1253, 1372, 1375, 1375, 1372, 1014, 1014, 1013, 1375, 1375, 1013, 659, 659, 1339, 1375, 1376, 1362, 1258, 1258, 1294, 1376, 1376, 1294, 1293, 1293, 1377, 1376, 1376, 1377, 1168, 1168, 1167, 1376, 1376, 1167, 1011, 1011, 1362, 1376, 1378, 1377, 1293, 1293, 1298, 1378, 1378, 1298, 1297, 1297, 1379, 1378, 1378, 1379, 1170, 1170, 1169, 1378, 1378, 1169, 1168, 1168, 1377, 1378, 1380, 1379, 1297, 1297, 1308, 1380, 1380, 1308, 1307, 1307, 1381, 1380, 1380, 1381, 1172, 1172, 1171, 1380, 1380, 1171, 1170, 1170, 1379, 1380, 1382, 1381, 1307, 1307, 1316, 1382, 1382, 1316, 1315, 1315, 1383, 1382, 1382, 1383, 1174, 1174, 1173, 1382, 1382, 1173, 1172, 1172, 1381, 1382, 1384, 1383, 1315, 1315, 1318, 1384, 1384, 1318, 1312, 1312, 1385, 1384, 1384, 1385, 1176, 1176, 1175, 1384, 1384, 1175, 1174, 1174, 1383, 1384, 1386, 1385, 1312, 1312, 1311, 1386, 1386, 1311, 1304, 1304, 1387, 1386, 1386, 1387, 1161, 1161, 1160, 1386, 1386, 1160, 1176, 1176, 1385, 1386, 1388, 1387, 1304, 1304, 1303, 1388, 1388, 1303, 1302, 1302, 1389, 1388, 1388, 1389, 1163, 1163, 1162, 1388, 1388, 1162, 1161, 1161, 1387, 1388, 1390, 1389, 1302, 1302, 1320, 1390, 1390, 1320, 1290, 1290, 1391, 1390, 1390, 1391, 1165, 1165, 1164, 1390, 1390, 1164, 1163, 1163, 1389, 1390, 1392, 1391, 1290, 1290, 1289, 1392, 1392, 1289, 1220, 1220, 1357, 1392, 1392, 1357, 838, 838, 1166, 1392, 1392, 1166, 1165, 1165, 1391, 1392, 1393, 1394, 1395, 1395, 1396, 1393, 1394, 1397, 1398, 1398, 1395, 1394, 1397, 1399, 1400, 1400, 1398, 1397, 1399, 1401, 1402, 1402, 1400, 1399, 1401, 1403, 1404, 1404, 1402, 1401, 1403, 1405, 1406, 1406, 1404, 1403, 1405, 1407, 1408, 1408, 1406, 1405, 1407, 1409, 1410, 1410, 1408, 1407, 1409, 1411, 1412, 1412, 1410, 1409, 1411, 1413, 1414, 1414, 1412, 1411, 1413, 1415, 1416, 1416, 1414, 1413, 1415, 1417, 1418, 1418, 1416, 1415, 1417, 1419, 1420, 1420, 1418, 1417, 1419, 1421, 1422, 1422, 1420, 1419, 1421, 1423, 1424, 1424, 1422, 1421, 1423, 1425, 1426, 1426, 1424, 1423, 1425, 1427, 1428, 1428, 1426, 1425, 1427, 1393, 1396, 1396, 1428, 1427, 1400, 1402, 1404, 1398, 1400, 1404, 1395, 1398, 1404, 1396, 1395, 1404, 1428, 1396, 1404, 1418, 1420, 1422, 1416, 1418, 1422, 1414, 1416, 1422, 1412, 1414, 1422, 1410, 1412, 1422, 1408, 1410, 1422, 1406, 1408, 1422, 1404, 1406, 1422, 1404, 1422, 1424, 1404, 1424, 1426, 1428, 1404, 1426, 1429, 491, 1430, 1430, 491, 490, 1430, 490, 1431, 1431, 490, 1432, 1432, 490, 495, 1432, 495, 1433, 1433, 495, 1434, 1434, 495, 1435, 1435, 495, 674, 1435, 674, 1436, 1436, 674, 1437, 1437, 674, 1438, 1438, 674, 677, 1438, 677, 1439, 1439, 677, 1440, 1440, 677, 1441, 1441, 677, 780, 1441, 780, 1442, 1442, 780, 1018, 1442, 1018, 1443, 1443, 1018, 1444, 1444, 1018, 1445, 1445, 1018, 1017, 1445, 1017, 1446, 1446, 1017, 1447, 1447, 1017, 844, 1447, 844, 1448, 1448, 844, 1449, 1449, 844, 1450, 1450, 844, 843, 1450, 843, 1451, 1451, 843, 1452, 1452, 843, 1453, 1453, 843, 848, 1453, 848, 1454, 1454, 848, 1455, 1455, 848, 1456, 1456, 848, 604, 1456, 604, 1457, 1457, 604, 491, 1457, 491, 1458, 1458, 491, 1429, 1423, 1459, 1460, 1423, 1460, 1425, 1425, 1460, 1461, 1425, 1461, 1462, 1425, 1462, 1427, 1427, 1462, 1463, 1427, 1463, 1393, 1393, 1463, 1464, 1393, 1464, 1465, 1393, 1465, 1394, 1394, 1465, 1466, 1394, 1466, 1467, 1394, 1467, 1397, 1397, 1467, 1468, 1397, 1468, 1399, 1399, 1468, 1469, 1399, 1469, 1470, 1399, 1470, 1401, 1401, 1470, 1471, 1401, 1471, 1472, 1401, 1472, 1403, 1403, 1472, 1473, 1403, 1473, 1474, 1403, 1474, 1405, 1405, 1474, 1475, 1405, 1475, 1407, 1407, 1475, 1476, 1407, 1476, 1477, 1407, 1477, 1409, 1409, 1477, 1478, 1409, 1478, 1411, 1411, 1478, 1479, 1411, 1479, 1480, 1411, 1480, 1413, 1413, 1480, 1481, 1413, 1481, 1482, 1413, 1482, 1415, 1415, 1482, 1483, 1415, 1483, 1417, 1417, 1483, 1484, 1417, 1484, 1485, 1417, 1485, 1419, 1419, 1485, 1486, 1419, 1486, 1487, 1419, 1487, 1421, 1421, 1487, 1488, 1421, 1488, 1459, 1421, 1459, 1423, 1429, 1430, 1460, 1460, 1459, 1429, 1430, 1431, 1461, 1461, 1460, 1430, 1431, 1432, 1462, 1462, 1461, 1431, 1432, 1433, 1463, 1463, 1462, 1432, 1433, 1434, 1464, 1464, 1463, 1433, 1434, 1435, 1465, 1465, 1464, 1434, 1435, 1436, 1466, 1466, 1465, 1435, 1436, 1437, 1467, 1467, 1466, 1436, 1437, 1438, 1468, 1468, 1467, 1437, 1438, 1439, 1469, 1469, 1468, 1438, 1439, 1440, 1470, 1470, 1469, 1439, 1440, 1441, 1471, 1471, 1470, 1440, 1441, 1442, 1472, 1472, 1471, 1441, 1442, 1443, 1473, 1473, 1472, 1442, 1443, 1444, 1474, 1474, 1473, 1443, 1444, 1445, 1475, 1475, 1474, 1444, 1445, 1446, 1476, 1476, 1475, 1445, 1446, 1447, 1477, 1477, 1476, 1446, 1447, 1448, 1478, 1478, 1477, 1447, 1448, 1449, 1479, 1479, 1478, 1448, 1449, 1450, 1480, 1480, 1479, 1449, 1450, 1451, 1481, 1481, 1480, 1450, 1451, 1452, 1482, 1482, 1481, 1451, 1452, 1453, 1483, 1483, 1482, 1452, 1453, 1454, 1484, 1484, 1483, 1453, 1454, 1455, 1485, 1485, 1484, 1454, 1455, 1456, 1486, 1486, 1485, 1455, 1456, 1457, 1487, 1487, 1486, 1456, 1457, 1458, 1488, 1488, 1487, 1457, 1458, 1429, 1459, 1459, 1488, 1458, 1489, 1490, 1491, 1491, 1492, 1489, 1489, 1492, 1493, 1493, 1494, 1489, 1495, 1496, 1497, 1497, 1498, 1495, 1495, 1498, 1499, 1499, 1500, 1495, 1495, 1500, 1501, 1501, 1502, 1495, 1495, 1502, 1503, 1503, 1504, 1495, 1495, 1504, 1505, 1505, 1506, 1495, 1495, 1506, 1507, 1507, 1496, 1495, 1508, 1509, 1510, 1510, 1511, 1508, 1508, 1511, 1503, 1503, 1502, 1508, 1508, 1502, 1501, 1501, 1500, 1508, 1508, 1500, 1499, 1499, 1512, 1508, 1508, 1512, 1513, 1513, 1509, 1508, 1514, 1515, 1516, 1516, 1517, 1514, 1514, 1517, 1518, 1518, 1519, 1514, 1514, 1519, 1520, 1520, 1521, 1514, 1514, 1521, 1522, 1522, 1515, 1514, 1523, 1524, 1525, 1525, 1526, 1523, 1523, 1526, 1516, 1516, 1515, 1523, 1523, 1515, 1522, 1522, 1527, 1523, 1523, 1527, 1528, 1528, 1524, 1523, 1529, 1509, 1513, 1513, 1530, 1529, 1529, 1530, 1531, 1531, 1532, 1529, 1529, 1532, 1533, 1533, 1534, 1529, 1529, 1534, 1510, 1510, 1509, 1529, 1535, 1536, 1537, 1537, 1538, 1535, 1535, 1538, 1525, 1525, 1524, 1535, 1535, 1524, 1528, 1528, 1539, 1535, 1535, 1539, 1540, 1540, 1536, 1535, 1541, 1532, 1531, 1531, 1542, 1541, 1541, 1542, 1543, 1543, 1544, 1541, 1541, 1544, 1545, 1545, 1546, 1541, 1541, 1546, 1533, 1533, 1532, 1541, 1547, 1548, 1549, 1549, 1550, 1547, 1547, 1550, 1537, 1537, 1536, 1547, 1547, 1536, 1540, 1540, 1551, 1547, 1547, 1551, 1552, 1552, 1548, 1547, 1553, 1544, 1543, 1543, 1554, 1553, 1553, 1554, 1549, 1549, 1548, 1553, 1553, 1548, 1552, 1552, 1555, 1553, 1553, 1555, 1545, 1545, 1544, 1553, 1556, 1557, 1507, 1507, 1506, 1556, 1556, 1506, 1505, 1505, 1558, 1556, 1556, 1558, 1559, 1559, 1560, 1556, 1556, 1560, 1561, 1561, 1557, 1556, 1562, 1563, 1522, 1522, 1521, 1562, 1562, 1521, 1520, 1520, 1564, 1562, 1562, 1564, 1565, 1565, 1566, 1562, 1562, 1566, 1567, 1567, 1563, 1562, 1568, 1569, 1528, 1528, 1527, 1568, 1568, 1527, 1522, 1522, 1563, 1568, 1568, 1563, 1567, 1567, 1570, 1568, 1568, 1570, 1571, 1571, 1569, 1568, 1572, 1573, 1510, 1510, 1534, 1572, 1572, 1534, 1533, 1533, 1574, 1572, 1572, 1574, 1575, 1575, 1576, 1572, 1572, 1576, 1577, 1577, 1573, 1572, 1578, 1579, 1540, 1540, 1539, 1578, 1578, 1539, 1528, 1528, 1569, 1578, 1578, 1569, 1571, 1571, 1580, 1578, 1578, 1580, 1581, 1581, 1579, 1578, 1582, 1574, 1533, 1533, 1546, 1582, 1582, 1546, 1545, 1545, 1583, 1582, 1582, 1583, 1584, 1584, 1585, 1582, 1582, 1585, 1575, 1575, 1574, 1582, 1586, 1587, 1552, 1552, 1551, 1586, 1586, 1551, 1540, 1540, 1579, 1586, 1586, 1579, 1581, 1581, 1588, 1586, 1586, 1588, 1589, 1589, 1587, 1586, 1590, 1583, 1545, 1545, 1555, 1590, 1590, 1555, 1552, 1552, 1587, 1590, 1590, 1587, 1589, 1589, 1591, 1590, 1590, 1591, 1584, 1584, 1583, 1590, 1592, 1558, 1505, 1505, 1504, 1592, 1592, 1504, 1503, 1503, 1593, 1592, 1592, 1593, 1594, 1594, 1595, 1592, 1592, 1595, 1596, 1596, 1597, 1592, 1592, 1597, 1559, 1559, 1558, 1592, 1598, 1573, 1577, 1577, 1599, 1598, 1598, 1599, 1596, 1596, 1595, 1598, 1598, 1595, 1594, 1594, 1593, 1598, 1598, 1593, 1503, 1503, 1511, 1598, 1598, 1511, 1510, 1510, 1573, 1598, 1600, 1601, 1561, 1561, 1560, 1600, 1600, 1560, 1559, 1559, 1602, 1600, 1600, 1602, 1491, 1491, 1490, 1600, 1600, 1490, 1603, 1603, 1601, 1600, 1604, 1605, 1567, 1567, 1566, 1604, 1604, 1566, 1565, 1565, 1606, 1604, 1604, 1606, 1607, 1607, 1608, 1604, 1604, 1608, 1609, 1609, 1605, 1604, 1610, 1611, 1571, 1571, 1570, 1610, 1610, 1570, 1567, 1567, 1605, 1610, 1610, 1605, 1609, 1609, 1612, 1610, 1610, 1612, 1613, 1613, 1611, 1610, 1614, 1615, 1577, 1577, 1576, 1614, 1614, 1576, 1575, 1575, 1616, 1614, 1614, 1616, 1617, 1617, 1618, 1614, 1614, 1618, 1619, 1619, 1615, 1614, 1620, 1621, 1581, 1581, 1580, 1620, 1620, 1580, 1571, 1571, 1611, 1620, 1620, 1611, 1613, 1613, 1622, 1620, 1620, 1622, 1623, 1623, 1621, 1620, 1624, 1616, 1575, 1575, 1585, 1624, 1624, 1585, 1584, 1584, 1625, 1624, 1624, 1625, 1626, 1626, 1627, 1624, 1624, 1627, 1617, 1617, 1616, 1624, 1628, 1629, 1589, 1589, 1588, 1628, 1628, 1588, 1581, 1581, 1621, 1628, 1628, 1621, 1623, 1623, 1630, 1628, 1628, 1630, 1631, 1631, 1629, 1628, 1632, 1625, 1584, 1584, 1591, 1632, 1632, 1591, 1589, 1589, 1629, 1632, 1632, 1629, 1631, 1631, 1633, 1632, 1632, 1633, 1626, 1626, 1625, 1632, 1634, 1602, 1559, 1559, 1597, 1634, 1634, 1597, 1596, 1596, 1635, 1634, 1634, 1635, 1636, 1636, 1637, 1634, 1634, 1637, 1638, 1638, 1639, 1634, 1634, 1639, 1491, 1491, 1602, 1634, 1640, 1615, 1619, 1619, 1641, 1640, 1640, 1641, 1638, 1638, 1637, 1640, 1640, 1637, 1636, 1636, 1635, 1640, 1640, 1635, 1596, 1596, 1599, 1640, 1640, 1599, 1577, 1577, 1615, 1640, 1642, 1608, 1607, 1607, 1643, 1642, 1642, 1643, 1644, 1644, 1645, 1642, 1642, 1645, 1646, 1646, 1647, 1642, 1642, 1647, 1638, 1638, 1641, 1642, 1642, 1641, 1619, 1619, 1618, 1642, 1642, 1618, 1617, 1617, 1627, 1642, 1642, 1627, 1626, 1626, 1633, 1642, 1642, 1633, 1631, 1631, 1630, 1642, 1642, 1630, 1623, 1623, 1622, 1642, 1642, 1622, 1613, 1613, 1612, 1642, 1642, 1612, 1609, 1609, 1608, 1642, 1648, 1647, 1646, 1646, 1645, 1648, 1648, 1645, 1644, 1644, 1649, 1648, 1648, 1649, 1493, 1493, 1492, 1648, 1648, 1492, 1491, 1491, 1639, 1648, 1648, 1639, 1638, 1638, 1647, 1648, 1650, 1651, 1652, 1652, 1653, 1650, 1650, 1653, 1654, 1654, 1655, 1650, 1650, 1655, 1656, 1656, 1657, 1650, 1650, 1657, 1658, 1658, 1659, 1650, 1650, 1659, 1660, 1660, 1661, 1650, 1650, 1661, 1662, 1662, 1663, 1650, 1650, 1663, 1664, 1664, 1665, 1650, 1650, 1665, 1666, 1666, 1667, 1650, 1650, 1667, 1668, 1668, 1669, 1650, 1650, 1669, 1670, 1670, 1671, 1650, 1650, 1671, 1672, 1672, 1651, 1650, 1673, 1494, 1493, 1493, 1674, 1673, 1673, 1674, 1675, 1675, 1676, 1673, 1677, 1678, 1679, 1679, 1680, 1677, 1677, 1680, 1681, 1681, 1682, 1677, 1677, 1682, 1683, 1683, 1684, 1677, 1677, 1684, 1685, 1685, 1686, 1677, 1677, 1686, 1687, 1687, 1688, 1677, 1677, 1688, 1689, 1689, 1678, 1677, 1690, 1691, 1692, 1692, 1693, 1690, 1690, 1693, 1694, 1694, 1695, 1690, 1690, 1695, 1689, 1689, 1688, 1690, 1690, 1688, 1687, 1687, 1686, 1690, 1690, 1686, 1685, 1685, 1691, 1690, 1696, 1697, 1698, 1698, 1699, 1696, 1696, 1699, 1700, 1700, 1701, 1696, 1696, 1701, 1520, 1520, 1519, 1696, 1696, 1519, 1518, 1518, 1697, 1696, 1702, 1703, 1704, 1704, 1705, 1702, 1702, 1705, 1706, 1706, 1707, 1702, 1702, 1707, 1700, 1700, 1699, 1702, 1702, 1699, 1698, 1698, 1703, 1702, 1708, 1709, 1694, 1694, 1693, 1708, 1708, 1693, 1692, 1692, 1710, 1708, 1708, 1710, 1711, 1711, 1712, 1708, 1708, 1712, 1713, 1713, 1709, 1708, 1714, 1715, 1716, 1716, 1717, 1714, 1714, 1717, 1718, 1718, 1719, 1714, 1714, 1719, 1706, 1706, 1705, 1714, 1714, 1705, 1704, 1704, 1715, 1714, 1720, 1721, 1713, 1713, 1712, 1720, 1720, 1712, 1711, 1711, 1722, 1720, 1720, 1722, 1723, 1723, 1724, 1720, 1720, 1724, 1725, 1725, 1721, 1720, 1726, 1727, 1728, 1728, 1729, 1726, 1726, 1729, 1730, 1730, 1731, 1726, 1726, 1731, 1718, 1718, 1717, 1726, 1726, 1717, 1716, 1716, 1727, 1726, 1732, 1733, 1725, 1725, 1724, 1732, 1732, 1724, 1723, 1723, 1734, 1732, 1732, 1734, 1730, 1730, 1729, 1732, 1732, 1729, 1728, 1728, 1733, 1732, 1735, 1682, 1681, 1681, 1736, 1735, 1735, 1736, 1737, 1737, 1738, 1735, 1735, 1738, 1739, 1739, 1740, 1735, 1735, 1740, 1683, 1683, 1682, 1735, 1741, 1701, 1700, 1700, 1742, 1741, 1741, 1742, 1743, 1743, 1744, 1741, 1741, 1744, 1565, 1565, 1564, 1741, 1741, 1564, 1520, 1520, 1701, 1741, 1745, 1707, 1706, 1706, 1746, 1745, 1745, 1746, 1747, 1747, 1748, 1745, 1745, 1748, 1743, 1743, 1742, 1745, 1745, 1742, 1700, 1700, 1707, 1745, 1749, 1710, 1692, 1692, 1750, 1749, 1749, 1750, 1751, 1751, 1752, 1749, 1749, 1752, 1753, 1753, 1754, 1749, 1749, 1754, 1711, 1711, 1710, 1749, 1755, 1719, 1718, 1718, 1756, 1755, 1755, 1756, 1757, 1757, 1758, 1755, 1755, 1758, 1747, 1747, 1746, 1755, 1755, 1746, 1706, 1706, 1719, 1755, 1759, 1722, 1711, 1711, 1754, 1759, 1759, 1754, 1753, 1753, 1760, 1759, 1759, 1760, 1761, 1761, 1762, 1759, 1759, 1762, 1723, 1723, 1722, 1759, 1763, 1731, 1730, 1730, 1764, 1763, 1763, 1764, 1765, 1765, 1766, 1763, 1763, 1766, 1757, 1757, 1756, 1763, 1763, 1756, 1718, 1718, 1731, 1763, 1767, 1734, 1723, 1723, 1762, 1767, 1767, 1762, 1761, 1761, 1768, 1767, 1767, 1768, 1765, 1765, 1764, 1767, 1767, 1764, 1730, 1730, 1734, 1767, 1769, 1684, 1683, 1683, 1740, 1769, 1769, 1740, 1739, 1739, 1770, 1769, 1769, 1770, 1771, 1771, 1772, 1769, 1769, 1772, 1773, 1773, 1774, 1769, 1769, 1774, 1685, 1685, 1684, 1769, 1775, 1776, 1751, 1751, 1750, 1775, 1775, 1750, 1692, 1692, 1691, 1775, 1775, 1691, 1685, 1685, 1774, 1775, 1775, 1774, 1773, 1773, 1772, 1775, 1775, 1772, 1771, 1771, 1776, 1775, 1777, 1738, 1737, 1737, 1778, 1777, 1777, 1778, 1779, 1779, 1676, 1777, 1777, 1676, 1675, 1675, 1780, 1777, 1777, 1780, 1739, 1739, 1738, 1777, 1781, 1744, 1743, 1743, 1782, 1781, 1781, 1782, 1783, 1783, 1784, 1781, 1781, 1784, 1607, 1607, 1606, 1781, 1781, 1606, 1565, 1565, 1744, 1781, 1785, 1748, 1747, 1747, 1786, 1785, 1785, 1786, 1787, 1787, 1788, 1785, 1785, 1788, 1783, 1783, 1782, 1785, 1785, 1782, 1743, 1743, 1748, 1785, 1789, 1752, 1751, 1751, 1790, 1789, 1789, 1790, 1791, 1791, 1792, 1789, 1789, 1792, 1793, 1793, 1794, 1789, 1789, 1794, 1753, 1753, 1752, 1789, 1795, 1758, 1757, 1757, 1796, 1795, 1795, 1796, 1797, 1797, 1798, 1795, 1795, 1798, 1787, 1787, 1786, 1795, 1795, 1786, 1747, 1747, 1758, 1795, 1799, 1760, 1753, 1753, 1794, 1799, 1799, 1794, 1793, 1793, 1800, 1799, 1799, 1800, 1801, 1801, 1802, 1799, 1799, 1802, 1761, 1761, 1760, 1799, 1803, 1766, 1765, 1765, 1804, 1803, 1803, 1804, 1805, 1805, 1806, 1803, 1803, 1806, 1797, 1797, 1796, 1803, 1803, 1796, 1757, 1757, 1766, 1803, 1807, 1768, 1761, 1761, 1802, 1807, 1807, 1802, 1801, 1801, 1808, 1807, 1807, 1808, 1805, 1805, 1804, 1807, 1807, 1804, 1765, 1765, 1768, 1807, 1809, 1770, 1739, 1739, 1780, 1809, 1809, 1780, 1675, 1675, 1810, 1809, 1809, 1810, 1811, 1811, 1812, 1809, 1809, 1812, 1813, 1813, 1814, 1809, 1809, 1814, 1771, 1771, 1770, 1809, 1815, 1816, 1791, 1791, 1790, 1815, 1815, 1790, 1751, 1751, 1776, 1815, 1815, 1776, 1771, 1771, 1814, 1815, 1815, 1814, 1813, 1813, 1812, 1815, 1815, 1812, 1811, 1811, 1816, 1815, 1817, 1643, 1607, 1607, 1784, 1817, 1817, 1784, 1783, 1783, 1788, 1817, 1817, 1788, 1787, 1787, 1798, 1817, 1817, 1798, 1797, 1797, 1806, 1817, 1817, 1806, 1805, 1805, 1808, 1817, 1817, 1808, 1801, 1801, 1800, 1817, 1817, 1800, 1793, 1793, 1792, 1817, 1817, 1792, 1791, 1791, 1816, 1817, 1817, 1816, 1811, 1811, 1818, 1817, 1817, 1818, 1819, 1819, 1820, 1817, 1817, 1820, 1644, 1644, 1643, 1817, 1821, 1820, 1819, 1819, 1818, 1821, 1821, 1818, 1811, 1811, 1810, 1821, 1821, 1810, 1675, 1675, 1674, 1821, 1821, 1674, 1493, 1493, 1649, 1821, 1821, 1649, 1644, 1644, 1820, 1821, 1822, 1823, 1824, 1824, 1825, 1822, 1822, 1825, 1826, 1826, 1827, 1822, 1822, 1827, 1828, 1828, 1829, 1822, 1822, 1829, 1830, 1830, 1831, 1822, 1822, 1831, 1832, 1832, 1833, 1822, 1822, 1833, 1834, 1834, 1835, 1822, 1822, 1835, 1662, 1662, 1661, 1822, 1822, 1661, 1660, 1660, 1836, 1822, 1822, 1836, 1837, 1837, 1838, 1822, 1822, 1838, 1839, 1839, 1840, 1822, 1822, 1840, 1841, 1841, 1823, 1822, 1842, 1843, 1844, 1844, 1845, 1842, 1842, 1845, 1846, 1846, 1847, 1842, 1848, 1849, 1497, 1497, 1496, 1848, 1848, 1496, 1507, 1507, 1850, 1848, 1848, 1850, 1851, 1851, 1852, 1848, 1848, 1852, 1853, 1853, 1854, 1848, 1848, 1854, 1855, 1855, 1856, 1848, 1848, 1856, 1857, 1857, 1849, 1848, 1858, 1859, 1860, 1860, 1861, 1858, 1858, 1861, 1862, 1862, 1863, 1858, 1858, 1863, 1857, 1857, 1856, 1858, 1858, 1856, 1855, 1855, 1854, 1858, 1858, 1854, 1853, 1853, 1859, 1858, 1864, 1865, 1866, 1866, 1867, 1864, 1864, 1867, 1868, 1868, 1869, 1864, 1864, 1869, 1870, 1870, 1871, 1864, 1864, 1871, 1872, 1872, 1865, 1864, 1873, 1874, 1875, 1875, 1876, 1873, 1873, 1876, 1877, 1877, 1878, 1873, 1873, 1878, 1868, 1868, 1867, 1873, 1873, 1867, 1866, 1866, 1874, 1873, 1879, 1880, 1862, 1862, 1861, 1879, 1879, 1861, 1860, 1860, 1881, 1879, 1879, 1881, 1882, 1882, 1883, 1879, 1879, 1883, 1884, 1884, 1880, 1879, 1885, 1886, 1887, 1887, 1888, 1885, 1885, 1888, 1889, 1889, 1890, 1885, 1885, 1890, 1877, 1877, 1876, 1885, 1885, 1876, 1875, 1875, 1886, 1885, 1891, 1892, 1884, 1884, 1883, 1891, 1891, 1883, 1882, 1882, 1893, 1891, 1891, 1893, 1894, 1894, 1895, 1891, 1891, 1895, 1896, 1896, 1892, 1891, 1897, 1898, 1899, 1899, 1900, 1897, 1897, 1900, 1901, 1901, 1902, 1897, 1897, 1902, 1889, 1889, 1888, 1897, 1897, 1888, 1887, 1887, 1898, 1897, 1903, 1904, 1896, 1896, 1895, 1903, 1903, 1895, 1894, 1894, 1905, 1903, 1903, 1905, 1901, 1901, 1900, 1903, 1903, 1900, 1899, 1899, 1904, 1903, 1906, 1850, 1507, 1507, 1557, 1906, 1906, 1557, 1561, 1561, 1907, 1906, 1906, 1907, 1908, 1908, 1909, 1906, 1906, 1909, 1851, 1851, 1850, 1906, 1910, 1869, 1868, 1868, 1911, 1910, 1910, 1911, 1912, 1912, 1913, 1910, 1910, 1913, 1914, 1914, 1915, 1910, 1910, 1915, 1870, 1870, 1869, 1910, 1916, 1878, 1877, 1877, 1917, 1916, 1916, 1917, 1918, 1918, 1919, 1916, 1916, 1919, 1912, 1912, 1911, 1916, 1916, 1911, 1868, 1868, 1878, 1916, 1920, 1881, 1860, 1860, 1921, 1920, 1920, 1921, 1922, 1922, 1923, 1920, 1920, 1923, 1924, 1924, 1925, 1920, 1920, 1925, 1882, 1882, 1881, 1920, 1926, 1890, 1889, 1889, 1927, 1926, 1926, 1927, 1928, 1928, 1929, 1926, 1926, 1929, 1918, 1918, 1917, 1926, 1926, 1917, 1877, 1877, 1890, 1926, 1930, 1893, 1882, 1882, 1925, 1930, 1930, 1925, 1924, 1924, 1931, 1930, 1930, 1931, 1932, 1932, 1933, 1930, 1930, 1933, 1894, 1894, 1893, 1930, 1934, 1902, 1901, 1901, 1935, 1934, 1934, 1935, 1936, 1936, 1937, 1934, 1934, 1937, 1928, 1928, 1927, 1934, 1934, 1927, 1889, 1889, 1902, 1934, 1938, 1905, 1894, 1894, 1933, 1938, 1938, 1933, 1932, 1932, 1939, 1938, 1938, 1939, 1936, 1936, 1935, 1938, 1938, 1935, 1901, 1901, 1905, 1938, 1940, 1852, 1851, 1851, 1909, 1940, 1940, 1909, 1908, 1908, 1941, 1940, 1940, 1941, 1942, 1942, 1943, 1940, 1940, 1943, 1944, 1944, 1945, 1940, 1940, 1945, 1853, 1853, 1852, 1940, 1946, 1947, 1922, 1922, 1921, 1946, 1946, 1921, 1860, 1860, 1859, 1946, 1946, 1859, 1853, 1853, 1945, 1946, 1946, 1945, 1944, 1944, 1943, 1946, 1946, 1943, 1942, 1942, 1947, 1946, 1948, 1907, 1561, 1561, 1601, 1948, 1948, 1601, 1603, 1603, 1847, 1948, 1948, 1847, 1846, 1846, 1949, 1948, 1948, 1949, 1908, 1908, 1907, 1948, 1950, 1913, 1912, 1912, 1951, 1950, 1950, 1951, 1952, 1952, 1953, 1950, 1950, 1953, 1954, 1954, 1955, 1950, 1950, 1955, 1914, 1914, 1913, 1950, 1956, 1919, 1918, 1918, 1957, 1956, 1956, 1957, 1958, 1958, 1959, 1956, 1956, 1959, 1952, 1952, 1951, 1956, 1956, 1951, 1912, 1912, 1919, 1956, 1960, 1923, 1922, 1922, 1961, 1960, 1960, 1961, 1962, 1962, 1963, 1960, 1960, 1963, 1964, 1964, 1965, 1960, 1960, 1965, 1924, 1924, 1923, 1960, 1966, 1929, 1928, 1928, 1967, 1966, 1966, 1967, 1968, 1968, 1969, 1966, 1966, 1969, 1958, 1958, 1957, 1966, 1966, 1957, 1918, 1918, 1929, 1966, 1970, 1931, 1924, 1924, 1965, 1970, 1970, 1965, 1964, 1964, 1971, 1970, 1970, 1971, 1972, 1972, 1973, 1970, 1970, 1973, 1932, 1932, 1931, 1970, 1974, 1937, 1936, 1936, 1975, 1974, 1974, 1975, 1976, 1976, 1977, 1974, 1974, 1977, 1968, 1968, 1967, 1974, 1974, 1967, 1928, 1928, 1937, 1974, 1978, 1939, 1932, 1932, 1973, 1978, 1978, 1973, 1972, 1972, 1979, 1978, 1978, 1979, 1976, 1976, 1975, 1978, 1978, 1975, 1936, 1936, 1939, 1978, 1980, 1941, 1908, 1908, 1949, 1980, 1980, 1949, 1846, 1846, 1981, 1980, 1980, 1981, 1982, 1982, 1983, 1980, 1980, 1983, 1984, 1984, 1985, 1980, 1980, 1985, 1942, 1942, 1941, 1980, 1986, 1987, 1962, 1962, 1961, 1986, 1986, 1961, 1922, 1922, 1947, 1986, 1986, 1947, 1942, 1942, 1985, 1986, 1986, 1985, 1984, 1984, 1983, 1986, 1986, 1983, 1982, 1982, 1987, 1986, 1988, 1989, 1954, 1954, 1953, 1988, 1988, 1953, 1952, 1952, 1959, 1988, 1988, 1959, 1958, 1958, 1969, 1988, 1988, 1969, 1968, 1968, 1977, 1988, 1988, 1977, 1976, 1976, 1979, 1988, 1988, 1979, 1972, 1972, 1971, 1988, 1988, 1971, 1964, 1964, 1963, 1988, 1988, 1963, 1962, 1962, 1987, 1988, 1988, 1987, 1982, 1982, 1990, 1988, 1988, 1990, 1991, 1991, 1992, 1988, 1988, 1992, 1993, 1993, 1989, 1988, 1994, 1992, 1991, 1991, 1990, 1994, 1994, 1990, 1982, 1982, 1981, 1994, 1994, 1981, 1846, 1846, 1845, 1994, 1994, 1845, 1844, 1844, 1995, 1994, 1994, 1995, 1993, 1993, 1992, 1994, 1996, 1997, 1998, 1998, 1999, 1996, 1996, 1999, 2000, 2000, 2001, 1996, 1996, 2001, 2002, 2002, 2003, 1996, 1996, 2003, 2004, 2004, 2005, 1996, 1996, 2005, 2006, 2006, 2007, 1996, 1996, 2007, 2008, 2008, 2009, 1996, 1996, 2009, 2010, 2010, 2011, 1996, 1996, 2011, 1660, 1660, 1659, 1996, 1996, 1659, 1658, 1658, 2012, 1996, 1996, 2012, 2013, 2013, 2014, 1996, 1996, 2014, 2015, 2015, 1997, 1996, 2016, 2017, 2018, 2018, 2019, 2016, 2016, 2019, 1844, 1844, 1843, 2016, 2020, 1680, 1679, 1679, 2021, 2020, 2020, 2021, 2022, 2022, 2023, 2020, 2020, 2023, 2024, 2024, 2025, 2020, 2020, 2025, 2026, 2026, 2027, 2020, 2020, 2027, 2028, 2028, 2029, 2020, 2020, 2029, 1681, 1681, 1680, 2020, 2030, 2031, 2032, 2032, 2033, 2030, 2030, 2033, 2026, 2026, 2025, 2030, 2030, 2025, 2024, 2024, 2023, 2030, 2030, 2023, 2022, 2022, 2034, 2030, 2030, 2034, 2035, 2035, 2031, 2030, 2036, 2037, 2038, 2038, 2039, 2036, 2036, 2039, 1872, 1872, 1871, 2036, 2036, 1871, 1870, 1870, 2040, 2036, 2036, 2040, 2041, 2041, 2037, 2036, 2042, 2043, 2044, 2044, 2045, 2042, 2042, 2045, 2038, 2038, 2037, 2042, 2042, 2037, 2041, 2041, 2046, 2042, 2042, 2046, 2047, 2047, 2043, 2042, 2048, 2031, 2035, 2035, 2049, 2048, 2048, 2049, 2050, 2050, 2051, 2048, 2048, 2051, 2052, 2052, 2053, 2048, 2048, 2053, 2032, 2032, 2031, 2048, 2054, 2055, 2056, 2056, 2057, 2054, 2054, 2057, 2044, 2044, 2043, 2054, 2054, 2043, 2047, 2047, 2058, 2054, 2054, 2058, 2059, 2059, 2055, 2054, 2060, 2051, 2050, 2050, 2061, 2060, 2060, 2061, 2062, 2062, 2063, 2060, 2060, 2063, 2064, 2064, 2065, 2060, 2060, 2065, 2052, 2052, 2051, 2060, 2066, 2067, 2068, 2068, 2069, 2066, 2066, 2069, 2056, 2056, 2055, 2066, 2066, 2055, 2059, 2059, 2070, 2066, 2066, 2070, 2071, 2071, 2067, 2066, 2072, 2063, 2062, 2062, 2073, 2072, 2072, 2073, 2068, 2068, 2067, 2072, 2072, 2067, 2071, 2071, 2074, 2072, 2072, 2074, 2064, 2064, 2063, 2072, 2075, 1736, 1681, 1681, 2029, 2075, 2075, 2029, 2028, 2028, 2076, 2075, 2075, 2076, 2077, 2077, 2078, 2075, 2075, 2078, 1737, 1737, 1736, 2075, 2079, 2080, 2041, 2041, 2040, 2079, 2079, 2040, 1870, 1870, 1915, 2079, 2079, 1915, 1914, 1914, 2081, 2079, 2079, 2081, 2082, 2082, 2080, 2079, 2083, 2084, 2047, 2047, 2046, 2083, 2083, 2046, 2041, 2041, 2080, 2083, 2083, 2080, 2082, 2082, 2085, 2083, 2083, 2085, 2086, 2086, 2084, 2083, 2087, 2088, 2032, 2032, 2053, 2087, 2087, 2053, 2052, 2052, 2089, 2087, 2087, 2089, 2090, 2090, 2091, 2087, 2087, 2091, 2092, 2092, 2088, 2087, 2093, 2094, 2059, 2059, 2058, 2093, 2093, 2058, 2047, 2047, 2084, 2093, 2093, 2084, 2086, 2086, 2095, 2093, 2093, 2095, 2096, 2096, 2094, 2093, 2097, 2089, 2052, 2052, 2065, 2097, 2097, 2065, 2064, 2064, 2098, 2097, 2097, 2098, 2099, 2099, 2100, 2097, 2097, 2100, 2090, 2090, 2089, 2097, 2101, 2102, 2071, 2071, 2070, 2101, 2101, 2070, 2059, 2059, 2094, 2101, 2101, 2094, 2096, 2096, 2103, 2101, 2101, 2103, 2104, 2104, 2102, 2101, 2105, 2098, 2064, 2064, 2074, 2105, 2105, 2074, 2071, 2071, 2102, 2105, 2105, 2102, 2104, 2104, 2106, 2105, 2105, 2106, 2099, 2099, 2098, 2105, 2107, 2076, 2028, 2028, 2027, 2107, 2107, 2027, 2026, 2026, 2108, 2107, 2107, 2108, 2109, 2109, 2110, 2107, 2107, 2110, 2111, 2111, 2112, 2107, 2107, 2112, 2077, 2077, 2076, 2107, 2113, 2088, 2092, 2092, 2114, 2113, 2113, 2114, 2111, 2111, 2110, 2113, 2113, 2110, 2109, 2109, 2108, 2113, 2113, 2108, 2026, 2026, 2033, 2113, 2113, 2033, 2032, 2032, 2088, 2113, 2115, 1778, 1737, 1737, 2078, 2115, 2115, 2078, 2077, 2077, 2116, 2115, 2115, 2116, 2018, 2018, 2017, 2115, 2115, 2017, 1779, 1779, 1778, 2115, 2117, 2118, 2082, 2082, 2081, 2117, 2117, 2081, 1914, 1914, 1955, 2117, 2117, 1955, 1954, 1954, 2119, 2117, 2117, 2119, 2120, 2120, 2118, 2117, 2121, 2122, 2086, 2086, 2085, 2121, 2121, 2085, 2082, 2082, 2118, 2121, 2121, 2118, 2120, 2120, 2123, 2121, 2121, 2123, 2124, 2124, 2122, 2121, 2125, 2126, 2092, 2092, 2091, 2125, 2125, 2091, 2090, 2090, 2127, 2125, 2125, 2127, 2128, 2128, 2129, 2125, 2125, 2129, 2130, 2130, 2126, 2125, 2131, 2132, 2096, 2096, 2095, 2131, 2131, 2095, 2086, 2086, 2122, 2131, 2131, 2122, 2124, 2124, 2133, 2131, 2131, 2133, 2134, 2134, 2132, 2131, 2135, 2127, 2090, 2090, 2100, 2135, 2135, 2100, 2099, 2099, 2136, 2135, 2135, 2136, 2137, 2137, 2138, 2135, 2135, 2138, 2128, 2128, 2127, 2135, 2139, 2140, 2104, 2104, 2103, 2139, 2139, 2103, 2096, 2096, 2132, 2139, 2139, 2132, 2134, 2134, 2141, 2139, 2139, 2141, 2142, 2142, 2140, 2139, 2143, 2136, 2099, 2099, 2106, 2143, 2143, 2106, 2104, 2104, 2140, 2143, 2143, 2140, 2142, 2142, 2144, 2143, 2143, 2144, 2137, 2137, 2136, 2143, 2145, 2116, 2077, 2077, 2112, 2145, 2145, 2112, 2111, 2111, 2146, 2145, 2145, 2146, 2147, 2147, 2148, 2145, 2145, 2148, 2149, 2149, 2150, 2145, 2145, 2150, 2018, 2018, 2116, 2145, 2151, 2126, 2130, 2130, 2152, 2151, 2151, 2152, 2149, 2149, 2148, 2151, 2151, 2148, 2147, 2147, 2146, 2151, 2151, 2146, 2111, 2111, 2114, 2151, 2151, 2114, 2092, 2092, 2126, 2151, 2153, 2119, 1954, 1954, 1989, 2153, 2153, 1989, 1993, 1993, 2154, 2153, 2153, 2154, 2155, 2155, 2156, 2153, 2153, 2156, 2149, 2149, 2152, 2153, 2153, 2152, 2130, 2130, 2129, 2153, 2153, 2129, 2128, 2128, 2138, 2153, 2153, 2138, 2137, 2137, 2144, 2153, 2153, 2144, 2142, 2142, 2141, 2153, 2153, 2141, 2134, 2134, 2133, 2153, 2153, 2133, 2124, 2124, 2123, 2153, 2153, 2123, 2120, 2120, 2119, 2153, 2157, 2156, 2155, 2155, 2154, 2157, 2157, 2154, 1993, 1993, 1995, 2157, 2157, 1995, 1844, 1844, 2019, 2157, 2157, 2019, 2018, 2018, 2150, 2157, 2157, 2150, 2149, 2149, 2156, 2157, 2158, 2159, 2160, 2160, 2161, 2158, 2158, 2161, 2162, 2162, 2163, 2158, 2158, 2163, 2164, 2164, 2165, 2158, 2158, 2165, 1837, 1837, 1836, 2158, 2158, 1836, 1660, 1660, 2011, 2158, 2158, 2011, 2010, 2010, 2166, 2158, 2158, 2166, 2167, 2167, 2168, 2158, 2158, 2168, 2169, 2169, 2170, 2158, 2158, 2170, 2171, 2171, 2172, 2158, 2158, 2172, 2173, 2173, 2174, 2158, 2158, 2174, 2175, 2175, 2159, 2158, 2176, 2177, 1499, 1499, 1498, 2176, 2176, 1498, 1497, 1497, 2178, 2176, 2176, 2178, 2179, 2179, 2180, 2176, 2176, 2180, 2181, 2181, 2177, 2176, 2182, 2183, 1518, 1518, 1517, 2182, 2182, 1517, 1516, 1516, 2184, 2182, 2182, 2184, 2185, 2185, 2186, 2182, 2182, 2186, 2187, 2187, 2183, 2182, 2188, 2184, 1516, 1516, 1526, 2188, 2188, 1526, 1525, 1525, 2189, 2188, 2188, 2189, 2190, 2190, 2191, 2188, 2188, 2191, 2185, 2185, 2184, 2188, 2192, 2193, 1531, 1531, 1530, 2192, 2192, 1530, 1513, 1513, 2194, 2192, 2192, 2194, 2195, 2195, 2196, 2192, 2192, 2196, 2197, 2197, 2193, 2192, 2198, 2189, 1525, 1525, 1538, 2198, 2198, 1538, 1537, 1537, 2199, 2198, 2198, 2199, 2200, 2200, 2201, 2198, 2198, 2201, 2190, 2190, 2189, 2198, 2202, 2203, 1543, 1543, 1542, 2202, 2202, 1542, 1531, 1531, 2193, 2202, 2202, 2193, 2197, 2197, 2204, 2202, 2202, 2204, 2205, 2205, 2203, 2202, 2206, 2199, 1537, 1537, 1550, 2206, 2206, 1550, 1549, 1549, 2207, 2206, 2206, 2207, 2208, 2208, 2209, 2206, 2206, 2209, 2200, 2200, 2199, 2206, 2210, 2207, 1549, 1549, 1554, 2210, 2210, 1554, 1543, 1543, 2203, 2210, 2210, 2203, 2205, 2205, 2211, 2210, 2210, 2211, 2208, 2208, 2207, 2210, 2212, 2194, 1513, 1513, 1512, 2212, 2212, 1512, 1499, 1499, 2177, 2212, 2212, 2177, 2181, 2181, 2213, 2212, 2212, 2213, 2195, 2195, 2194, 2212, 2214, 2215, 1679, 1679, 1678, 2214, 2214, 1678, 1689, 1689, 2216, 2214, 2214, 2216, 2217, 2217, 2218, 2214, 2214, 2218, 2219, 2219, 2215, 2214, 2220, 2221, 1698, 1698, 1697, 2220, 2220, 1697, 1518, 1518, 2183, 2220, 2220, 2183, 2187, 2187, 2222, 2220, 2220, 2222, 2223, 2223, 2221, 2220, 2224, 2225, 1704, 1704, 1703, 2224, 2224, 1703, 1698, 1698, 2221, 2224, 2224, 2221, 2223, 2223, 2226, 2224, 2224, 2226, 2227, 2227, 2225, 2224, 2228, 2229, 1694, 1694, 1709, 2228, 2228, 1709, 1713, 1713, 2230, 2228, 2228, 2230, 2231, 2231, 2232, 2228, 2228, 2232, 2233, 2233, 2229, 2228, 2234, 2235, 1716, 1716, 1715, 2234, 2234, 1715, 1704, 1704, 2225, 2234, 2234, 2225, 2227, 2227, 2236, 2234, 2234, 2236, 2237, 2237, 2235, 2234, 2238, 2230, 1713, 1713, 1721, 2238, 2238, 1721, 1725, 1725, 2239, 2238, 2238, 2239, 2240, 2240, 2241, 2238, 2238, 2241, 2231, 2231, 2230, 2238, 2242, 2243, 1728, 1728, 1727, 2242, 2242, 1727, 1716, 1716, 2235, 2242, 2242, 2235, 2237, 2237, 2244, 2242, 2242, 2244, 2245, 2245, 2243, 2242, 2246, 2239, 1725, 1725, 1733, 2246, 2246, 1733, 1728, 1728, 2243, 2246, 2246, 2243, 2245, 2245, 2247, 2246, 2246, 2247, 2240, 2240, 2239, 2246, 2248, 2216, 1689, 1689, 1695, 2248, 2248, 1695, 1694, 1694, 2229, 2248, 2248, 2229, 2233, 2233, 2249, 2248, 2248, 2249, 2217, 2217, 2216, 2248, 2250, 2178, 1497, 1497, 1849, 2250, 2250, 1849, 1857, 1857, 2251, 2250, 2250, 2251, 2252, 2252, 2253, 2250, 2250, 2253, 2179, 2179, 2178, 2250, 2254, 2255, 1866, 1866, 1865, 2254, 2254, 1865, 1872, 1872, 2256, 2254, 2254, 2256, 2257, 2257, 2258, 2254, 2254, 2258, 2259, 2259, 2255, 2254, 2260, 2261, 1875, 1875, 1874, 2260, 2260, 1874, 1866, 1866, 2255, 2260, 2260, 2255, 2259, 2259, 2262, 2260, 2260, 2262, 2263, 2263, 2261, 2260, 2264, 2265, 1862, 1862, 1880, 2264, 2264, 1880, 1884, 1884, 2266, 2264, 2264, 2266, 2267, 2267, 2268, 2264, 2264, 2268, 2269, 2269, 2265, 2264, 2270, 2271, 1887, 1887, 1886, 2270, 2270, 1886, 1875, 1875, 2261, 2270, 2270, 2261, 2263, 2263, 2272, 2270, 2270, 2272, 2273, 2273, 2271, 2270, 2274, 2266, 1884, 1884, 1892, 2274, 2274, 1892, 1896, 1896, 2275, 2274, 2274, 2275, 2276, 2276, 2277, 2274, 2274, 2277, 2267, 2267, 2266, 2274, 2278, 2279, 1899, 1899, 1898, 2278, 2278, 1898, 1887, 1887, 2271, 2278, 2278, 2271, 2273, 2273, 2280, 2278, 2278, 2280, 2281, 2281, 2279, 2278, 2282, 2275, 1896, 1896, 1904, 2282, 2282, 1904, 1899, 1899, 2279, 2282, 2282, 2279, 2281, 2281, 2283, 2282, 2282, 2283, 2276, 2276, 2275, 2282, 2284, 2251, 1857, 1857, 1863, 2284, 2284, 1863, 1862, 1862, 2265, 2284, 2284, 2265, 2269, 2269, 2285, 2284, 2284, 2285, 2252, 2252, 2251, 2284, 2286, 2287, 2022, 2022, 2021, 2286, 2286, 2021, 1679, 1679, 2215, 2286, 2286, 2215, 2219, 2219, 2288, 2286, 2286, 2288, 2289, 2289, 2287, 2286, 2290, 2256, 1872, 1872, 2039, 2290, 2290, 2039, 2038, 2038, 2291, 2290, 2290, 2291, 2292, 2292, 2293, 2290, 2290, 2293, 2257, 2257, 2256, 2290, 2294, 2291, 2038, 2038, 2045, 2294, 2294, 2045, 2044, 2044, 2295, 2294, 2294, 2295, 2296, 2296, 2297, 2294, 2294, 2297, 2292, 2292, 2291, 2294, 2298, 2299, 2050, 2050, 2049, 2298, 2298, 2049, 2035, 2035, 2300, 2298, 2298, 2300, 2301, 2301, 2302, 2298, 2298, 2302, 2303, 2303, 2299, 2298, 2304, 2295, 2044, 2044, 2057, 2304, 2304, 2057, 2056, 2056, 2305, 2304, 2304, 2305, 2306, 2306, 2307, 2304, 2304, 2307, 2296, 2296, 2295, 2304, 2308, 2309, 2062, 2062, 2061, 2308, 2308, 2061, 2050, 2050, 2299, 2308, 2308, 2299, 2303, 2303, 2310, 2308, 2308, 2310, 2311, 2311, 2309, 2308, 2312, 2305, 2056, 2056, 2069, 2312, 2312, 2069, 2068, 2068, 2313, 2312, 2312, 2313, 2314, 2314, 2315, 2312, 2312, 2315, 2306, 2306, 2305, 2312, 2316, 2313, 2068, 2068, 2073, 2316, 2316, 2073, 2062, 2062, 2309, 2316, 2316, 2309, 2311, 2311, 2317, 2316, 2316, 2317, 2314, 2314, 2313, 2316, 2318, 2300, 2035, 2035, 2034, 2318, 2318, 2034, 2022, 2022, 2287, 2318, 2318, 2287, 2289, 2289, 2319, 2318, 2318, 2319, 2301, 2301, 2300, 2318, 2320, 2321, 2187, 2187, 2186, 2320, 2320, 2186, 2185, 2185, 2322, 2320, 2320, 2322, 1664, 1664, 1663, 2320, 2320, 1663, 1662, 1662, 2321, 2320, 2323, 2322, 2185, 2185, 2191, 2323, 2323, 2191, 2190, 2190, 2324, 2323, 2323, 2324, 1666, 1666, 1665, 2323, 2323, 1665, 1664, 1664, 2322, 2323, 2325, 2324, 2190, 2190, 2201, 2325, 2325, 2201, 2200, 2200, 2326, 2325, 2325, 2326, 1668, 1668, 1667, 2325, 2325, 1667, 1666, 1666, 2324, 2325, 2327, 2326, 2200, 2200, 2209, 2327, 2327, 2209, 2208, 2208, 2328, 2327, 2327, 2328, 1670, 1670, 1669, 2327, 2327, 1669, 1668, 1668, 2326, 2327, 2329, 2328, 2208, 2208, 2211, 2329, 2329, 2211, 2205, 2205, 2330, 2329, 2329, 2330, 1672, 1672, 1671, 2329, 2329, 1671, 1670, 1670, 2328, 2329, 2331, 2330, 2205, 2205, 2204, 2331, 2331, 2204, 2197, 2197, 2332, 2331, 2331, 2332, 1652, 1652, 1651, 2331, 2331, 1651, 1672, 1672, 2330, 2331, 2333, 2332, 2197, 2197, 2196, 2333, 2333, 2196, 2195, 2195, 2334, 2333, 2333, 2334, 1654, 1654, 1653, 2333, 2333, 1653, 1652, 1652, 2332, 2333, 2335, 2334, 2195, 2195, 2213, 2335, 2335, 2213, 2181, 2181, 2336, 2335, 2335, 2336, 1656, 1656, 1655, 2335, 2335, 1655, 1654, 1654, 2334, 2335, 2337, 2336, 2181, 2181, 2180, 2337, 2337, 2180, 2179, 2179, 2338, 2337, 2337, 2338, 1658, 1658, 1657, 2337, 2337, 1657, 1656, 1656, 2336, 2337, 2339, 2340, 2227, 2227, 2226, 2339, 2339, 2226, 2223, 2223, 2341, 2339, 2339, 2341, 1834, 1834, 1833, 2339, 2339, 1833, 1832, 1832, 2340, 2339, 2342, 2341, 2223, 2223, 2222, 2342, 2342, 2222, 2187, 2187, 2321, 2342, 2342, 2321, 1662, 1662, 1835, 2342, 2342, 1835, 1834, 1834, 2341, 2342, 2343, 2344, 2245, 2245, 2244, 2343, 2343, 2244, 2237, 2237, 2345, 2343, 2343, 2345, 1830, 1830, 1829, 2343, 2343, 1829, 1828, 1828, 2344, 2343, 2346, 2345, 2237, 2237, 2236, 2346, 2346, 2236, 2227, 2227, 2340, 2346, 2346, 2340, 1832, 1832, 1831, 2346, 2346, 1831, 1830, 1830, 2345, 2346, 2347, 2348, 2231, 2231, 2241, 2347, 2347, 2241, 2240, 2240, 2349, 2347, 2347, 2349, 1826, 1826, 1825, 2347, 2347, 1825, 1824, 1824, 2348, 2347, 2350, 2349, 2240, 2240, 2247, 2350, 2350, 2247, 2245, 2245, 2344, 2350, 2350, 2344, 1828, 1828, 1827, 2350, 2350, 1827, 1826, 1826, 2349, 2350, 2351, 2352, 2217, 2217, 2249, 2351, 2351, 2249, 2233, 2233, 2353, 2351, 2351, 2353, 1841, 1841, 1840, 2351, 2351, 1840, 1839, 1839, 2352, 2351, 2354, 2353, 2233, 2233, 2232, 2354, 2354, 2232, 2231, 2231, 2348, 2354, 2354, 2348, 1824, 1824, 1823, 2354, 2354, 1823, 1841, 1841, 2353, 2354, 2355, 2356, 2219, 2219, 2218, 2355, 2355, 2218, 2217, 2217, 2352, 2355, 2355, 2352, 1839, 1839, 1838, 2355, 2355, 1838, 1837, 1837, 2356, 2355, 2357, 2358, 2263, 2263, 2262, 2357, 2357, 2262, 2259, 2259, 2359, 2357, 2357, 2359, 2008, 2008, 2007, 2357, 2357, 2007, 2006, 2006, 2358, 2357, 2360, 2359, 2259, 2259, 2258, 2360, 2360, 2258, 2257, 2257, 2361, 2360, 2360, 2361, 2010, 2010, 2009, 2360, 2360, 2009, 2008, 2008, 2359, 2360, 2362, 2363, 2281, 2281, 2280, 2362, 2362, 2280, 2273, 2273, 2364, 2362, 2362, 2364, 2004, 2004, 2003, 2362, 2362, 2003, 2002, 2002, 2363, 2362, 2365, 2364, 2273, 2273, 2272, 2365, 2365, 2272, 2263, 2263, 2358, 2365, 2365, 2358, 2006, 2006, 2005, 2365, 2365, 2005, 2004, 2004, 2364, 2365, 2366, 2367, 2267, 2267, 2277, 2366, 2366, 2277, 2276, 2276, 2368, 2366, 2366, 2368, 2000, 2000, 1999, 2366, 2366, 1999, 1998, 1998, 2367, 2366, 2369, 2368, 2276, 2276, 2283, 2369, 2369, 2283, 2281, 2281, 2363, 2369, 2369, 2363, 2002, 2002, 2001, 2369, 2369, 2001, 2000, 2000, 2368, 2369, 2370, 2371, 2252, 2252, 2285, 2370, 2370, 2285, 2269, 2269, 2372, 2370, 2370, 2372, 2015, 2015, 2014, 2370, 2370, 2014, 2013, 2013, 2371, 2370, 2373, 2372, 2269, 2269, 2268, 2373, 2373, 2268, 2267, 2267, 2367, 2373, 2373, 2367, 1998, 1998, 1997, 2373, 2373, 1997, 2015, 2015, 2372, 2373, 2374, 2338, 2179, 2179, 2253, 2374, 2374, 2253, 2252, 2252, 2371, 2374, 2374, 2371, 2013, 2013, 2012, 2374, 2374, 2012, 1658, 1658, 2338, 2374, 2375, 2361, 2257, 2257, 2293, 2375, 2375, 2293, 2292, 2292, 2376, 2375, 2375, 2376, 2167, 2167, 2166, 2375, 2375, 2166, 2010, 2010, 2361, 2375, 2377, 2376, 2292, 2292, 2297, 2377, 2377, 2297, 2296, 2296, 2378, 2377, 2377, 2378, 2169, 2169, 2168, 2377, 2377, 2168, 2167, 2167, 2376, 2377, 2379, 2378, 2296, 2296, 2307, 2379, 2379, 2307, 2306, 2306, 2380, 2379, 2379, 2380, 2171, 2171, 2170, 2379, 2379, 2170, 2169, 2169, 2378, 2379, 2381, 2380, 2306, 2306, 2315, 2381, 2381, 2315, 2314, 2314, 2382, 2381, 2381, 2382, 2173, 2173, 2172, 2381, 2381, 2172, 2171, 2171, 2380, 2381, 2383, 2382, 2314, 2314, 2317, 2383, 2383, 2317, 2311, 2311, 2384, 2383, 2383, 2384, 2175, 2175, 2174, 2383, 2383, 2174, 2173, 2173, 2382, 2383, 2385, 2384, 2311, 2311, 2310, 2385, 2385, 2310, 2303, 2303, 2386, 2385, 2385, 2386, 2160, 2160, 2159, 2385, 2385, 2159, 2175, 2175, 2384, 2385, 2387, 2386, 2303, 2303, 2302, 2387, 2387, 2302, 2301, 2301, 2388, 2387, 2387, 2388, 2162, 2162, 2161, 2387, 2387, 2161, 2160, 2160, 2386, 2387, 2389, 2388, 2301, 2301, 2319, 2389, 2389, 2319, 2289, 2289, 2390, 2389, 2389, 2390, 2164, 2164, 2163, 2389, 2389, 2163, 2162, 2162, 2388, 2389, 2391, 2390, 2289, 2289, 2288, 2391, 2391, 2288, 2219, 2219, 2356, 2391, 2391, 2356, 1837, 1837, 2165, 2391, 2391, 2165, 2164, 2164, 2390, 2391, 2392, 2393, 2394, 2394, 2395, 2392, 2393, 2396, 2397, 2397, 2394, 2393, 2396, 2398, 2399, 2399, 2397, 2396, 2398, 2400, 2401, 2401, 2399, 2398, 2400, 2402, 2403, 2403, 2401, 2400, 2402, 2404, 2405, 2405, 2403, 2402, 2404, 2406, 2407, 2407, 2405, 2404, 2406, 2408, 2409, 2409, 2407, 2406, 2408, 2410, 2411, 2411, 2409, 2408, 2410, 2412, 2413, 2413, 2411, 2410, 2412, 2414, 2415, 2415, 2413, 2412, 2414, 2416, 2417, 2417, 2415, 2414, 2416, 2418, 2419, 2419, 2417, 2416, 2418, 2420, 2421, 2421, 2419, 2418, 2420, 2422, 2423, 2423, 2421, 2420, 2422, 2424, 2425, 2425, 2423, 2422, 2424, 2426, 2427, 2427, 2425, 2424, 2426, 2392, 2395, 2395, 2427, 2426, 2399, 2401, 2403, 2397, 2399, 2403, 2394, 2397, 2403, 2395, 2394, 2403, 2427, 2395, 2403, 2417, 2419, 2421, 2415, 2417, 2421, 2413, 2415, 2421, 2411, 2413, 2421, 2409, 2411, 2421, 2407, 2409, 2421, 2405, 2407, 2421, 2403, 2405, 2421, 2403, 2421, 2423, 2403, 2423, 2425, 2427, 2403, 2425, 2428, 1490, 2429, 2429, 1490, 1489, 2429, 1489, 2430, 2430, 1489, 2431, 2431, 1489, 1494, 2431, 1494, 2432, 2432, 1494, 2433, 2433, 1494, 2434, 2434, 1494, 1673, 2434, 1673, 2435, 2435, 1673, 2436, 2436, 1673, 2437, 2437, 1673, 1676, 2437, 1676, 2438, 2438, 1676, 2439, 2439, 1676, 2440, 2440, 1676, 1779, 2440, 1779, 2441, 2441, 1779, 2017, 2441, 2017, 2442, 2442, 2017, 2443, 2443, 2017, 2444, 2444, 2017, 2016, 2444, 2016, 2445, 2445, 2016, 2446, 2446, 2016, 1843, 2446, 1843, 2447, 2447, 1843, 2448, 2448, 1843, 2449, 2449, 1843, 1842, 2449, 1842, 2450, 2450, 1842, 2451, 2451, 1842, 2452, 2452, 1842, 1847, 2452, 1847, 2453, 2453, 1847, 2454, 2454, 1847, 2455, 2455, 1847, 1603, 2455, 1603, 2456, 2456, 1603, 1490, 2456, 1490, 2457, 2457, 1490, 2428, 2422, 2458, 2459, 2422, 2459, 2424, 2424, 2459, 2460, 2424, 2460, 2461, 2424, 2461, 2426, 2426, 2461, 2462, 2426, 2462, 2392, 2392, 2462, 2463, 2392, 2463, 2464, 2392, 2464, 2393, 2393, 2464, 2465, 2393, 2465, 2466, 2393, 2466, 2396, 2396, 2466, 2467, 2396, 2467, 2398, 2398, 2467, 2468, 2398, 2468, 2469, 2398, 2469, 2400, 2400, 2469, 2470, 2400, 2470, 2471, 2400, 2471, 2402, 2402, 2471, 2472, 2402, 2472, 2473, 2402, 2473, 2404, 2404, 2473, 2474, 2404, 2474, 2406, 2406, 2474, 2475, 2406, 2475, 2476, 2406, 2476, 2408, 2408, 2476, 2477, 2408, 2477, 2410, 2410, 2477, 2478, 2410, 2478, 2479, 2410, 2479, 2412, 2412, 2479, 2480, 2412, 2480, 2481, 2412, 2481, 2414, 2414, 2481, 2482, 2414, 2482, 2416, 2416, 2482, 2483, 2416, 2483, 2484, 2416, 2484, 2418, 2418, 2484, 2485, 2418, 2485, 2486, 2418, 2486, 2420, 2420, 2486, 2487, 2420, 2487, 2458, 2420, 2458, 2422, 2428, 2429, 2459, 2459, 2458, 2428, 2429, 2430, 2460, 2460, 2459, 2429, 2430, 2431, 2461, 2461, 2460, 2430, 2431, 2432, 2462, 2462, 2461, 2431, 2432, 2433, 2463, 2463, 2462, 2432, 2433, 2434, 2464, 2464, 2463, 2433, 2434, 2435, 2465, 2465, 2464, 2434, 2435, 2436, 2466, 2466, 2465, 2435, 2436, 2437, 2467, 2467, 2466, 2436, 2437, 2438, 2468, 2468, 2467, 2437, 2438, 2439, 2469, 2469, 2468, 2438, 2439, 2440, 2470, 2470, 2469, 2439, 2440, 2441, 2471, 2471, 2470, 2440, 2441, 2442, 2472, 2472, 2471, 2441, 2442, 2443, 2473, 2473, 2472, 2442, 2443, 2444, 2474, 2474, 2473, 2443, 2444, 2445, 2475, 2475, 2474, 2444, 2445, 2446, 2476, 2476, 2475, 2445, 2446, 2447, 2477, 2477, 2476, 2446, 2447, 2448, 2478, 2478, 2477, 2447, 2448, 2449, 2479, 2479, 2478, 2448, 2449, 2450, 2480, 2480, 2479, 2449, 2450, 2451, 2481, 2481, 2480, 2450, 2451, 2452, 2482, 2482, 2481, 2451, 2452, 2453, 2483, 2483, 2482, 2452, 2453, 2454, 2484, 2484, 2483, 2453, 2454, 2455, 2485, 2485, 2484, 2454, 2455, 2456, 2486, 2486, 2485, 2455, 2456, 2457, 2487, 2487, 2486, 2456, 2457, 2428, 2458, 2458, 2487, 2457, 2488, 2489, 2490, 2488, 2490, 2491, 2489, 2492, 2493, 2489, 2493, 2490, 2492, 2494, 2495, 2492, 2495, 2493, 2494, 2496, 2497, 2494, 2497, 2495, 2496, 2498, 2499, 2496, 2499, 2497, 2498, 2500, 2501, 2498, 2501, 2499, 2500, 2502, 2503, 2500, 2503, 2501, 2502, 2504, 2505, 2502, 2505, 2503, 2504, 2506, 2507, 2504, 2507, 2505, 2506, 2508, 2509, 2506, 2509, 2507, 2510, 2511, 2512, 2510, 2512, 2513, 2514, 2515, 2516, 2517, 2515, 2514, 2518, 2515, 2517, 2518, 2519, 2515, 2520, 2519, 2518, 2521, 2519, 2520, 2522, 2519, 2521, 2523, 2519, 2522, 2524, 2519, 2523, 2525, 2519, 2524, 2526, 2527, 2528, 2529, 2526, 2528, 2530, 2529, 2528, 2530, 2528, 2531, 2532, 2530, 2531, 2533, 2532, 2531, 2534, 2533, 2531, 2535, 2534, 2531, 2536, 2535, 2531, 2537, 2536, 2531, 2538, 2539, 2540, 2538, 2541, 2539, 2540, 2542, 2543, 2540, 2539, 2542, 2543, 2544, 2545, 2543, 2542, 2544, 2545, 2546, 2547, 2545, 2544, 2546, 2547, 2548, 2549, 2547, 2546, 2548, 2549, 2550, 2551, 2549, 2548, 2550, 2551, 2552, 2553, 2551, 2550, 2552, 2553, 2554, 2555, 2553, 2552, 2554, 2555, 2556, 2557, 2555, 2554, 2556, 2557, 2509, 2508, 2557, 2556, 2509, 2510, 2558, 2559, 2510, 2513, 2558, 2514, 2516, 2560, 2561, 2514, 2560, 2562, 2561, 2560, 2562, 2560, 2563, 2564, 2562, 2563, 2565, 2564, 2563, 2566, 2565, 2563, 2567, 2566, 2563, 2568, 2567, 2563, 2569, 2568, 2563, 2526, 2570, 2527, 2571, 2570, 2526, 2572, 2570, 2571, 2572, 2573, 2570, 2574, 2573, 2572, 2575, 2573, 2574, 2576, 2573, 2575, 2577, 2573, 2576, 2578, 2573, 2577, 2579, 2573, 2578, 2580, 2581, 2582, 2583, 2584, 2585, 2586, 2587, 2588, 2589, 2590, 2591, 2592, 2582, 2593, 2594, 2593, 2582, 2595, 2585, 2596, 2597, 2596, 2585, 2598, 2580, 2584, 2599, 2584, 2580, 2593, 2594, 2600, 2601, 2600, 2594, 2596, 2597, 2602, 2603, 2602, 2597, 2600, 2601, 2604, 2605, 2604, 2601, 2602, 2603, 2606, 2607, 2606, 2603, 2604, 2605, 2608, 2609, 2608, 2605, 2606, 2607, 2610, 2611, 2610, 2607, 2608, 2609, 2612, 2613, 2612, 2609, 2610, 2611, 2614, 2615, 2614, 2611, 2612, 2613, 2616, 2617, 2616, 2613, 2614, 2615, 2618, 2619, 2618, 2615, 2616, 2617, 2620, 2621, 2620, 2617, 2618, 2619, 2622, 2623, 2622, 2619, 2620, 2621, 2624, 2625, 2624, 2621, 2622, 2623, 2626, 2627, 2626, 2623, 2624, 2625, 2628, 2629, 2628, 2625, 2626, 2627, 2630, 2631, 2630, 2627, 2628, 2629, 2632, 2633, 2632, 2629, 2630, 2631, 2634, 2635, 2634, 2631, 2636, 2581, 2637, 2638, 2637, 2581, 2639, 2583, 2640, 2641, 2640, 2583, 2642, 2588, 2643, 2644, 2643, 2588, 2645, 2587, 2591, 2646, 2591, 2587, 2647, 2590, 2648, 2649, 2648, 2590, 2643, 2644, 2650, 2651, 2650, 2644, 2648, 2649, 2652, 2653, 2652, 2649, 2650, 2651, 2654, 2655, 2654, 2651, 2652, 2653, 2656, 2657, 2656, 2653, 2654, 2655, 2658, 2659, 2658, 2655, 2656, 2657, 2660, 2661, 2660, 2657, 2658, 2659, 2662, 2663, 2662, 2659, 2660, 2661, 2664, 2665, 2664, 2661, 2662, 2663, 2666, 2667, 2666, 2663, 2664, 2665, 2668, 2669, 2668, 2665, 2666, 2667, 2670, 2671, 2670, 2667, 2668, 2669, 2672, 2673, 2672, 2669, 2670, 2671, 2674, 2675, 2674, 2671, 2672, 2673, 2676, 2677, 2676, 2673, 2674, 2675, 2678, 2679, 2678, 2675, 2676, 2677, 2680, 2681, 2680, 2677, 2632, 2633, 2679, 2678, 2679, 2633, 2634, 2635, 2681, 2680, 2681, 2635, 2637, 2638, 2586, 2682, 2586, 2638, 2640, 2641, 2589, 2683, 2589, 2641, 2488, 2580, 2592, 2583, 2595, 2528, 2586, 2642, 2560, 2589, 2646, 2558, 2581, 2598, 2511, 2582, 2636, 2515, 2584, 2639, 2512, 2585, 2599, 2491, 2587, 2682, 2559, 2588, 2645, 2538, 2590, 2683, 2570, 2591, 2647, 2541, 2592, 2580, 2582, 2580, 2598, 2581, 2582, 2581, 2636, 2595, 2583, 2585, 2583, 2639, 2584, 2585, 2584, 2599, 2642, 2586, 2588, 2586, 2682, 2587, 2588, 2587, 2645, 2646, 2589, 2591, 2589, 2683, 2590, 2591, 2590, 2647, 2488, 2592, 2489, 2593, 2489, 2592, 2585, 2491, 2597, 2490, 2597, 2491, 2580, 2488, 2599, 2491, 2599, 2488, 2489, 2593, 2492, 2600, 2492, 2593, 2597, 2490, 2603, 2493, 2603, 2490, 2492, 2600, 2494, 2604, 2494, 2600, 2603, 2493, 2607, 2495, 2607, 2493, 2494, 2604, 2496, 2608, 2496, 2604, 2607, 2495, 2611, 2497, 2611, 2495, 2496, 2608, 2498, 2612, 2498, 2608, 2611, 2497, 2615, 2499, 2615, 2497, 2498, 2612, 2500, 2616, 2500, 2612, 2615, 2499, 2619, 2501, 2619, 2499, 2500, 2616, 2502, 2620, 2502, 2616, 2619, 2501, 2623, 2503, 2623, 2501, 2502, 2620, 2504, 2624, 2504, 2620, 2623, 2503, 2627, 2505, 2627, 2503, 2504, 2624, 2506, 2628, 2506, 2624, 2627, 2505, 2631, 2507, 2631, 2505, 2506, 2628, 2508, 2632, 2508, 2628, 2631, 2507, 2635, 2509, 2635, 2507, 2510, 2638, 2511, 2581, 2511, 2638, 2511, 2598, 2512, 2584, 2512, 2598, 2512, 2639, 2513, 2640, 2513, 2639, 2515, 2636, 2516, 2637, 2516, 2636, 2629, 2517, 2633, 2514, 2633, 2517, 2625, 2518, 2629, 2517, 2629, 2518, 2519, 2594, 2515, 2582, 2515, 2594, 2621, 2520, 2625, 2518, 2625, 2520, 2617, 2521, 2621, 2520, 2621, 2521, 2613, 2522, 2617, 2521, 2617, 2522, 2609, 2523, 2613, 2522, 2613, 2523, 2605, 2524, 2609, 2523, 2609, 2524, 2594, 2519, 2601, 2525, 2601, 2519, 2601, 2525, 2605, 2524, 2605, 2525, 2583, 2528, 2641, 2527, 2641, 2528, 2529, 2630, 2526, 2634, 2526, 2630, 2530, 2626, 2529, 2630, 2529, 2626, 2528, 2595, 2531, 2596, 2531, 2595, 2532, 2622, 2530, 2626, 2530, 2622, 2533, 2618, 2532, 2622, 2532, 2618, 2534, 2614, 2533, 2618, 2533, 2614, 2535, 2610, 2534, 2614, 2534, 2610, 2536, 2606, 2535, 2610, 2535, 2606, 2537, 2602, 2536, 2606, 2536, 2602, 2531, 2596, 2537, 2602, 2537, 2596, 2588, 2538, 2644, 2540, 2644, 2538, 2538, 2645, 2541, 2591, 2541, 2645, 2541, 2647, 2539, 2648, 2539, 2647, 2644, 2540, 2651, 2543, 2651, 2540, 2539, 2648, 2542, 2652, 2542, 2648, 2651, 2543, 2655, 2545, 2655, 2543, 2542, 2652, 2544, 2656, 2544, 2652, 2655, 2545, 2659, 2547, 2659, 2545, 2544, 2656, 2546, 2660, 2546, 2656, 2659, 2547, 2663, 2549, 2663, 2547, 2546, 2660, 2548, 2664, 2548, 2660, 2663, 2549, 2667, 2551, 2667, 2549, 2548, 2664, 2550, 2668, 2550, 2664, 2667, 2551, 2671, 2553, 2671, 2551, 2550, 2668, 2552, 2672, 2552, 2668, 2671, 2553, 2675, 2555, 2675, 2553, 2552, 2672, 2554, 2676, 2554, 2672, 2675, 2555, 2679, 2557, 2679, 2555, 2554, 2676, 2556, 2680, 2556, 2676, 2508, 2632, 2557, 2679, 2557, 2632, 2635, 2509, 2680, 2556, 2680, 2509, 2558, 2646, 2559, 2587, 2559, 2646, 2638, 2510, 2682, 2559, 2682, 2510, 2589, 2558, 2640, 2513, 2640, 2558, 2586, 2560, 2637, 2516, 2637, 2560, 2633, 2514, 2678, 2561, 2678, 2514, 2562, 2674, 2561, 2678, 2561, 2674, 2560, 2642, 2563, 2643, 2563, 2642, 2564, 2670, 2562, 2674, 2562, 2670, 2565, 2666, 2564, 2670, 2564, 2666, 2566, 2662, 2565, 2666, 2565, 2662, 2567, 2658, 2566, 2662, 2566, 2658, 2568, 2654, 2567, 2658, 2567, 2654, 2569, 2650, 2568, 2654, 2568, 2650, 2563, 2643, 2569, 2650, 2569, 2643, 2641, 2527, 2683, 2570, 2683, 2527, 2526, 2634, 2571, 2681, 2571, 2634, 2677, 2572, 2681, 2571, 2681, 2572, 2573, 2649, 2570, 2590, 2570, 2649, 2673, 2574, 2677, 2572, 2677, 2574, 2669, 2575, 2673, 2574, 2673, 2575, 2665, 2576, 2669, 2575, 2669, 2576, 2661, 2577, 2665, 2576, 2665, 2577, 2657, 2578, 2661, 2577, 2661, 2578, 2649, 2573, 2653, 2579, 2653, 2573, 2653, 2579, 2657, 2578, 2657, 2579, 2684, 2685, 2686, 2684, 2687, 2685, 2684, 2688, 2687, 2684, 2689, 2688, 2684, 2690, 2689, 2684, 2691, 2690, 2684, 2692, 2691, 2684, 2693, 2692, 2684, 2694, 2693, 2684, 2695, 2694, 2684, 2696, 2695, 2684, 2697, 2696, 2684, 2698, 2697, 2684, 2699, 2698, 2684, 2700, 2699, 2684, 2701, 2700, 2684, 2702, 2701, 2684, 2686, 2702, 2686, 2703, 2704, 2686, 2685, 2703, 2685, 2705, 2703, 2685, 2687, 2705, 2687, 2706, 2705, 2687, 2688, 2706, 2688, 2707, 2706, 2688, 2689, 2707, 2689, 2708, 2707, 2689, 2690, 2708, 2690, 2709, 2708, 2690, 2691, 2709, 2691, 2710, 2709, 2691, 2692, 2710, 2692, 2711, 2710, 2692, 2693, 2711, 2693, 2712, 2711, 2693, 2694, 2712, 2694, 2713, 2712, 2694, 2695, 2713, 2695, 2714, 2713, 2695, 2696, 2714, 2696, 2715, 2714, 2696, 2697, 2715, 2697, 2716, 2715, 2697, 2698, 2716, 2698, 2717, 2716, 2698, 2699, 2717, 2699, 2718, 2717, 2699, 2700, 2718, 2700, 2719, 2718, 2700, 2701, 2719, 2701, 2720, 2719, 2701, 2702, 2720, 2702, 2704, 2720, 2702, 2686, 2704, 2721, 2704, 2703, 2721, 2703, 2705, 2721, 2705, 2706, 2721, 2706, 2707, 2721, 2707, 2708, 2721, 2708, 2709, 2721, 2709, 2710, 2721, 2710, 2711, 2721, 2711, 2712, 2721, 2712, 2713, 2721, 2713, 2714, 2721, 2714, 2715, 2721, 2715, 2716, 2721, 2716, 2717, 2721, 2717, 2718, 2721, 2718, 2719, 2721, 2719, 2720, 2721, 2720, 2704]
            point3f[] points = [(-0.737603, -0.134562, 0.683475), (-0.738403, -0.134562, 0.683674), (-0.738404, 0.511038, 0.683675), (-0.737604, 0.511038, 0.683475), (-0.736303, -0.145562, 0.683474), (-0.737103, -0.145762, 0.683674), (-0.732703, -0.155562, 0.683474), (-0.733503, -0.155962, 0.683675), (-0.727103, -0.164362, 0.683474), (-0.727703, -0.164862, 0.683675), (-0.719703, -0.171762, 0.683475), (-0.720203, -0.172362, 0.683674), (-0.710903, -0.177362, 0.683474), (-0.711303, -0.178162, 0.683674), (-0.700903, -0.180962, 0.683474), (-0.701103, -0.181762, 0.683674), (-0.689903, -0.182262, 0.683475), (-0.689903, -0.183062, 0.683675), (0.705697, -0.18226, 0.683477), (0.705697, -0.18306, 0.683677), (0.716697, -0.18096, 0.683477), (0.716897, -0.18176, 0.683677), (0.726697, -0.17736, 0.683477), (0.727097, -0.17816, 0.683677), (0.735497, -0.17176, 0.683477), (0.735997, -0.17236, 0.683677), (0.742897, -0.16436, 0.683477), (0.743497, -0.16486, 0.683677), (0.748497, -0.15556, 0.683477), (0.749297, -0.15596, 0.683677), (0.752097, -0.14556, 0.683477), (0.752897, -0.14576, 0.683677), (0.753397, -0.13456, 0.683477), (0.754197, -0.13456, 0.683677), (0.753396, 0.51104, 0.683477), (0.754196, 0.51104, 0.683677), (0.752096, 0.52204, 0.683477), (0.752896, 0.52224, 0.683677), (0.748496, 0.53204, 0.683477), (0.749296, 0.53244, 0.683677), (0.742896, 0.54084, 0.683477), (0.743496, 0.54134, 0.683677), (0.735496, 0.54824, 0.683477), (0.735996, 0.54884, 0.683677), (0.726696, 0.55384, 0.683477), (0.727096, 0.55464, 0.683677), (0.716696, 0.55744, 0.683477), (0.716896, 0.55824, 0.683677), (0.705696, 0.55874, 0.683477), (0.705696, 0.55954, 0.683677), (-0.689904, 0.558738, 0.683475), (-0.689904, 0.559538, 0.683675), (-0.700904, 0.557438, 0.683475), (-0.701104, 0.558238, 0.683675), (-0.710904, 0.553838, 0.683475), (-0.711304, 0.554638, 0.683675), (-0.719704, 0.548238, 0.683475), (-0.720204, 0.548838, 0.683675), (-0.727104, 0.540838, 0.683475), (-0.727704, 0.541338, 0.683675), (-0.732704, 0.532038, 0.683475), (-0.733504, 0.532438, 0.683675), (-0.736304, 0.522038, 0.683475), (-0.737104, 0.522238, 0.683675), (-0.739403, -0.134662, 0.684675), (-0.739404, 0.511138, 0.684675), (-0.738103, -0.145962, 0.684675), (-0.734403, -0.156362, 0.684675), (-0.728503, -0.165562, 0.684675), (-0.720903, -0.173162, 0.684675), (-0.711703, -0.179062, 0.684675), (-0.701303, -0.182762, 0.684675), (-0.690003, -0.184062, 0.684675), (0.705797, -0.18406, 0.684677), (0.717097, -0.18276, 0.684677), (0.727497, -0.17906, 0.684677), (0.736697, -0.17316, 0.684677), (0.744297, -0.16556, 0.684677), (0.750197, -0.15636, 0.684677), (0.753897, -0.14596, 0.684677), (0.755197, -0.13466, 0.684677), (0.755196, 0.51114, 0.684677), (0.753896, 0.52244, 0.684677), (0.750196, 0.53284, 0.684677), (0.744296, 0.54204, 0.684677), (0.736696, 0.54964, 0.684677), (0.727496, 0.55554, 0.684677), (0.717096, 0.55924, 0.684677), (0.705796, 0.56054, 0.684677), (-0.690004, 0.560538, 0.684675), (-0.701304, 0.559238, 0.684675), (-0.711704, 0.555538, 0.684675), (-0.720904, 0.549638, 0.684675), (-0.728504, 0.542038, 0.684675), (-0.734404, 0.532838, 0.684675), (-0.738104, 0.522438, 0.684675), (-0.739603, -0.134662, 0.685474), (-0.739604, 0.511138, 0.685475), (-0.738303, -0.145962, 0.685475), (-0.734603, -0.156462, 0.685474), (-0.728703, -0.165662, 0.685475), (-0.721003, -0.173362, 0.685475), (-0.711803, -0.179262, 0.685475), (-0.701303, -0.182962, 0.685475), (-0.690003, -0.184262, 0.685475), (0.705797, -0.18426, 0.685477), (0.717097, -0.18296, 0.685477), (0.727597, -0.17926, 0.685477), (0.736797, -0.17336, 0.685477), (0.744497, -0.16566, 0.685477), (0.750397, -0.15646, 0.685477), (0.754097, -0.14596, 0.685477), (0.755397, -0.13466, 0.685477), (0.755396, 0.51114, 0.685477), (0.754096, 0.52244, 0.685477), (0.750396, 0.53294, 0.685477), (0.744496, 0.54214, 0.685477), (0.736796, 0.54984, 0.685477), (0.727596, 0.55574, 0.685477), (0.717096, 0.55944, 0.685477), (0.705796, 0.56074, 0.685477), (-0.690004, 0.560738, 0.685475), (-0.701304, 0.559438, 0.685475), (-0.711804, 0.555738, 0.685475), (-0.721004, 0.549838, 0.685475), (-0.728704, 0.542138, 0.685475), (-0.734604, 0.532938, 0.685475), (-0.738304, 0.522438, 0.685475), (-0.737603, -0.134562, 0.713475), (-0.737604, 0.511038, 0.713475), (-0.738404, 0.511038, 0.713275), (-0.738403, -0.134562, 0.713274), (-0.736303, -0.145562, 0.713474), (-0.737103, -0.145762, 0.713274), (-0.732703, -0.155562, 0.713474), (-0.733503, -0.155962, 0.713274), (-0.727103, -0.164362, 0.713475), (-0.727703, -0.164862, 0.713274), (-0.719703, -0.171762, 0.713475), (-0.720203, -0.172362, 0.713274), (-0.710903, -0.177362, 0.713475), (-0.711303, -0.178162, 0.713275), (-0.700903, -0.180962, 0.713475), (-0.701103, -0.181762, 0.713275), (-0.689903, -0.182262, 0.713475), (-0.689903, -0.183062, 0.713274), (0.705697, -0.18226, 0.713477), (0.705697, -0.18306, 0.713277), (0.716697, -0.18096, 0.713477), (0.716897, -0.18176, 0.713277), (0.726697, -0.17736, 0.713477), (0.727097, -0.17816, 0.713277), (0.735497, -0.17176, 0.713477), (0.735997, -0.17236, 0.713277), (0.742897, -0.16436, 0.713477), (0.743497, -0.16486, 0.713277), (0.748497, -0.15556, 0.713477), (0.749297, -0.15596, 0.713277), (0.752097, -0.14556, 0.713477), (0.752897, -0.14576, 0.713277), (0.753397, -0.13456, 0.713477), (0.754197, -0.13456, 0.713277), (0.753396, 0.51104, 0.713477), (0.754196, 0.51104, 0.713277), (0.752096, 0.52204, 0.713477), (0.752896, 0.52224, 0.713277), (0.748496, 0.53204, 0.713477), (0.749296, 0.53244, 0.713277), (0.742896, 0.54084, 0.713477), (0.743496, 0.54134, 0.713277), (0.735496, 0.54824, 0.713477), (0.735996, 0.54884, 0.713277), (0.726696, 0.55384, 0.713477), (0.727096, 0.55464, 0.713277), (0.716696, 0.55744, 0.713477), (0.716896, 0.55824, 0.713277), (0.705696, 0.55874, 0.713477), (0.705696, 0.55954, 0.713277), (-0.689904, 0.558738, 0.713475), (-0.689904, 0.559538, 0.713275), (-0.700904, 0.557438, 0.713475), (-0.701104, 0.558238, 0.713275), (-0.710904, 0.553838, 0.713475), (-0.711304, 0.554638, 0.713275), (-0.719704, 0.548238, 0.713475), (-0.720204, 0.548838, 0.713275), (-0.727104, 0.540838, 0.713475), (-0.727704, 0.541338, 0.713275), (-0.732704, 0.532038, 0.713475), (-0.733504, 0.532438, 0.713275), (-0.736304, 0.522038, 0.713475), (-0.737104, 0.522238, 0.713275), (-0.739404, 0.511138, 0.712275), (-0.739403, -0.134662, 0.712275), (-0.738103, -0.145962, 0.712275), (-0.734403, -0.156362, 0.712275), (-0.728503, -0.165562, 0.712275), (-0.720903, -0.173162, 0.712275), (-0.711703, -0.179062, 0.712274), (-0.701303, -0.182762, 0.712274), (-0.690003, -0.184062, 0.712275), (0.705797, -0.18406, 0.712277), (0.717097, -0.18276, 0.712277), (0.727497, -0.17906, 0.712277), (0.736697, -0.17316, 0.712277), (0.744297, -0.16556, 0.712277), (0.750197, -0.15636, 0.712277), (0.753897, -0.14596, 0.712277), (0.755197, -0.13466, 0.712277), (0.755196, 0.51114, 0.712277), (0.753896, 0.52244, 0.712277), (0.750196, 0.53284, 0.712277), (0.744296, 0.54204, 0.712277), (0.736696, 0.54964, 0.712277), (0.727496, 0.55554, 0.712277), (0.717096, 0.55924, 0.712277), (0.705796, 0.56054, 0.712277), (-0.690004, 0.560538, 0.712275), (-0.701304, 0.559238, 0.712275), (-0.711704, 0.555538, 0.712275), (-0.720904, 0.549638, 0.712275), (-0.728504, 0.542038, 0.712275), (-0.734404, 0.532838, 0.712275), (-0.738104, 0.522438, 0.712275), (-0.739604, 0.511138, 0.711475), (-0.739603, -0.134662, 0.711475), (-0.738303, -0.145962, 0.711475), (-0.734603, -0.156462, 0.711474), (-0.728703, -0.165662, 0.711475), (-0.721003, -0.173362, 0.711475), (-0.711803, -0.179262, 0.711475), (-0.701303, -0.182962, 0.711475), (-0.690003, -0.184262, 0.711475), (0.705797, -0.18426, 0.711477), (0.717097, -0.18296, 0.711477), (0.727597, -0.17926, 0.711477), (0.736797, -0.17336, 0.711477), (0.744497, -0.16566, 0.711477), (0.750397, -0.15646, 0.711477), (0.754097, -0.14596, 0.711477), (0.755397, -0.13466, 0.711477), (0.755396, 0.51114, 0.711477), (0.754096, 0.52244, 0.711477), (0.750396, 0.53294, 0.711477), (0.744496, 0.54214, 0.711477), (0.736796, 0.54984, 0.711477), (0.727596, 0.55574, 0.711477), (0.717096, 0.55944, 0.711477), (0.705796, 0.56074, 0.711477), (-0.690004, 0.560738, 0.711475), (-0.701304, 0.559438, 0.711475), (-0.711804, 0.555738, 0.711475), (-0.721004, 0.549838, 0.711475), (-0.728704, 0.542138, 0.711475), (-0.734604, 0.532938, 0.711475), (-0.738304, 0.522438, 0.711475), (-0.704603, 0.19741, 0.072175), (-0.709403, 0.245499, 0.072175), (-0.704603, 0.246359, 0.072175), (-0.713703, 0.243049, 0.072175), (-0.716803, 0.239279, 0.072175), (-0.718503, 0.234669, 0.072175), (-0.718503, 0.158959, 0.072175), (-0.716803, 0.154339, 0.072175), (-0.713703, 0.150579, 0.072175), (-0.709403, 0.148129, 0.072175), (-0.704602, 0.147269, 0.072175), (-0.699803, 0.148129, 0.072175), (-0.695503, 0.150579, 0.072175), (-0.692403, 0.154339, 0.072175), (-0.690703, 0.158959, 0.072175), (-0.690703, 0.234669, 0.072175), (-0.692403, 0.239279, 0.072175), (-0.695503, 0.243049, 0.072175), (-0.699803, 0.245499, 0.072175), (-0.709403, 0.245498, 0.634365), (-0.704603, 0.246358, 0.634365), (-0.713703, 0.243048, 0.634365), (-0.716803, 0.239278, 0.634365), (-0.718503, 0.234668, 0.634365), (-0.718503, 0.158958, 0.634365), (-0.716803, 0.154338, 0.634365), (-0.713703, 0.150578, 0.634365), (-0.709403, 0.148128, 0.634365), (-0.704603, 0.147268, 0.634365), (-0.699803, 0.148128, 0.634365), (-0.695503, 0.150578, 0.634365), (-0.692403, 0.154338, 0.634365), (-0.690703, 0.158958, 0.634365), (-0.690703, 0.234668, 0.634365), (-0.692403, 0.239278, 0.634365), (-0.695503, 0.243048, 0.634365), (-0.699803, 0.245498, 0.634365), (-0.704603, 0.197409, 0.634365), (0.704597, -0.05516, 0.682277), (0.704597, -0.05516, 0.653527), (0.736197, -0.05516, 0.653527), (0.736197, -0.05516, 0.682277), (0.704597, -0.05496, 0.652487), (0.736197, -0.05496, 0.652487), (0.704597, -0.05446, 0.651547), (0.736197, -0.05446, 0.651547), (0.704597, -0.05356, 0.650727), (0.736197, -0.05356, 0.650727), (0.704597, -0.05246, 0.650037), (0.736197, -0.05246, 0.650037), (0.704597, -0.05116, 0.649487), (0.736197, -0.05116, 0.649487), (0.704597, -0.04986, 0.649077), (0.736197, -0.04986, 0.649077), (0.704597, -0.04846, 0.648827), (0.736197, -0.04846, 0.648827), (0.704597, 0.14626, 0.635407), (0.736197, 0.14626, 0.635407), (0.704597, 0.196815, 0.635407), (0.736197, 0.196815, 0.635407), (0.704596, 0.196815, 0.683477), (0.704597, -0.05396, 0.683477), (0.736197, -0.05396, 0.683477), (0.736196, 0.196815, 0.683477), (0.703396, 0.196815, 0.636607), (0.703397, -0.05396, 0.682277), (0.703396, 0.196815, 0.682277), (0.703396, 0.14631, 0.636607), (0.703397, -0.04826, 0.650017), (0.703397, -0.05456, 0.653577), (0.703397, -0.04956, 0.650247), (0.703397, -0.05076, 0.650607), (0.703397, -0.05186, 0.651107), (0.703397, -0.05286, 0.651667), (0.703397, -0.05396, 0.651967), (0.703397, -0.05446, 0.652697), (0.737396, 0.196815, 0.636607), (0.737396, 0.196815, 0.682277), (0.737397, -0.05396, 0.682277), (0.737397, 0.14631, 0.636607), (0.737397, -0.04826, 0.650017), (0.737397, -0.05456, 0.653577), (0.737397, -0.04956, 0.650247), (0.737397, -0.05076, 0.650607), (0.737397, -0.05186, 0.651107), (0.737397, -0.05286, 0.651667), (0.737397, -0.05396, 0.651967), (0.737397, -0.05446, 0.652697), (0.704596, 0.44884, 0.682277), (0.736196, 0.44884, 0.653527), (0.704596, 0.44884, 0.653527), (0.736196, 0.44884, 0.682277), (0.736196, 0.44864, 0.652487), (0.704596, 0.44864, 0.652487), (0.736196, 0.44804, 0.651547), (0.704596, 0.44804, 0.651547), (0.736196, 0.44714, 0.650727), (0.704596, 0.44714, 0.650727), (0.736196, 0.44604, 0.650037), (0.704596, 0.44604, 0.650037), (0.736196, 0.44484, 0.649487), (0.704596, 0.44484, 0.649487), (0.736196, 0.44344, 0.649077), (0.704596, 0.44344, 0.649077), (0.736196, 0.44204, 0.648827), (0.704596, 0.44204, 0.648827), (0.736197, 0.24737, 0.635407), (0.704597, 0.24737, 0.635407), (0.736196, 0.44764, 0.683477), (0.704596, 0.44764, 0.683477), (0.703396, 0.44764, 0.682277), (0.703396, 0.24732, 0.636607), (0.703396, 0.44194, 0.650017), (0.703396, 0.44824, 0.653577), (0.703396, 0.44314, 0.650247), (0.703396, 0.44434, 0.650607), (0.703396, 0.44554, 0.651107), (0.703396, 0.44654, 0.651667), (0.703396, 0.44764, 0.651967), (0.703396, 0.44804, 0.652697), (0.737396, 0.44764, 0.682277), (0.737396, 0.24732, 0.636607), (0.737396, 0.44194, 0.650017), (0.737396, 0.44824, 0.653577), (0.737396, 0.44314, 0.650247), (0.737396, 0.44434, 0.650607), (0.737396, 0.44554, 0.651107), (0.737396, 0.44654, 0.651667), (0.737396, 0.44764, 0.651967), (0.737396, 0.44804, 0.652697), (0.704397, -0.05506, 0.682618), (0.704297, -0.05416, 0.683335), (0.703497, -0.05426, 0.682477), (0.737297, -0.05416, 0.682618), (0.736397, -0.05426, 0.683335), (0.736497, -0.05506, 0.682477), (0.703496, 0.44784, 0.682618), (0.704396, 0.44794, 0.683336), (0.704296, 0.44864, 0.682477), (0.736496, 0.44784, 0.683336), (0.737296, 0.44794, 0.682477), (0.736396, 0.44864, 0.682618), (0.704297, -0.05506, 0.682477), (0.704197, -0.05506, 0.653537), (0.703597, -0.05486, 0.653557), (0.737297, -0.05426, 0.682477), (0.737197, -0.05486, 0.653557), (0.736597, -0.05506, 0.653537), (0.704397, -0.05426, 0.683335), (0.736397, -0.05506, 0.682618), (0.704197, -0.05496, 0.652517), (0.703597, -0.05466, 0.652597), (0.737197, -0.05466, 0.652597), (0.736597, -0.05496, 0.652517), (0.704197, -0.05436, 0.651597), (0.703597, -0.05416, 0.651747), (0.737197, -0.05416, 0.651747), (0.736597, -0.05436, 0.651597), (0.704297, -0.05346, 0.650837), (0.703497, -0.05306, 0.651367), (0.737297, -0.05306, 0.651367), (0.736497, -0.05346, 0.650837), (0.704297, -0.05236, 0.650167), (0.703497, -0.05206, 0.650797), (0.737297, -0.05206, 0.650797), (0.736497, -0.05236, 0.650167), (0.704297, -0.05116, 0.649617), (0.703497, -0.05086, 0.650287), (0.737297, -0.05086, 0.650287), (0.736497, -0.05116, 0.649617), (0.704297, -0.04976, 0.649217), (0.703497, -0.04966, 0.649907), (0.737297, -0.04966, 0.649907), (0.736497, -0.04976, 0.649217), (0.704297, -0.04846, 0.648967), (0.703497, -0.04836, 0.649677), (0.737297, -0.04836, 0.649677), (0.736497, -0.04846, 0.648967), (0.704297, 0.14627, 0.635547), (0.703497, 0.14629, 0.636257), (0.737297, 0.14629, 0.636257), (0.736497, 0.14627, 0.635547), (0.704297, 0.196815, 0.635547), (0.703496, 0.196815, 0.636257), (0.737297, 0.196815, 0.636257), (0.736497, 0.196815, 0.635547), (0.703497, -0.05416, 0.682618), (0.703496, 0.196815, 0.682618), (0.704296, 0.196815, 0.683335), (0.736497, -0.05416, 0.683335), (0.736496, 0.196815, 0.683335), (0.737296, 0.196815, 0.682618), (0.703496, 0.44794, 0.682477), (0.703596, 0.44844, 0.653557), (0.704196, 0.44874, 0.653537), (0.704396, 0.44864, 0.682618), (0.736396, 0.44794, 0.683336), (0.736496, 0.44864, 0.682477), (0.736596, 0.44874, 0.653537), (0.737196, 0.44844, 0.653557), (0.703596, 0.44834, 0.652597), (0.704196, 0.44854, 0.652517), (0.736596, 0.44854, 0.652517), (0.737196, 0.44834, 0.652597), (0.703596, 0.44784, 0.651747), (0.704196, 0.44804, 0.651597), (0.736596, 0.44804, 0.651597), (0.737196, 0.44784, 0.651747), (0.703496, 0.44664, 0.651367), (0.704296, 0.44704, 0.650837), (0.736496, 0.44704, 0.650837), (0.737296, 0.44664, 0.651367), (0.703496, 0.44564, 0.650797), (0.704296, 0.44604, 0.650167), (0.736496, 0.44604, 0.650167), (0.737296, 0.44564, 0.650797), (0.703496, 0.44454, 0.650287), (0.704296, 0.44474, 0.649617), (0.736496, 0.44474, 0.649617), (0.737296, 0.44454, 0.650287), (0.703496, 0.44324, 0.649907), (0.704296, 0.44344, 0.649217), (0.736496, 0.44344, 0.649217), (0.737296, 0.44324, 0.649907), (0.703496, 0.44194, 0.649677), (0.704296, 0.44204, 0.648967), (0.736496, 0.44204, 0.648967), (0.737296, 0.44194, 0.649677), (0.703496, 0.24734, 0.636257), (0.704297, 0.24736, 0.635547), (0.736497, 0.24736, 0.635547), (0.737297, 0.24734, 0.636257), (0.704296, 0.44784, 0.683336), (0.737296, 0.44784, 0.682618), (0.730397, 0.24934, 0.068777), (0.738197, 0.24343, 0.068477), (0.738297, 0.30914, 0.066777), (0.730797, 0.31194, 0.066877), (0.720397, 0.30914, 0.066977), (0.720397, 0.25272, 0.068777), (0.745297, 0.37084, 0.039877), (0.745297, 0.196815, 0.037777), (0.745397, 0.196815, 0.007877), (0.745297, 0.35534, 0.007877), (0.745297, 0.51384, 0.007877), (0.745297, 0.47944, 0.031377), (0.745297, 0.47944, 0.032577), (0.745297, 0.47944, 0.042077), (0.744997, 0.48684, 0.049777), (0.744997, 0.39964, 0.052877), (0.744897, 0.32304, 0.059277), (0.745097, 0.27513, 0.057977), (0.745097, 0.196815, 0.057477), (0.745297, 0.51934, 0.031977), (0.745197, 0.52624, 0.028877), (0.744997, 0.52634, 0.043677), (0.744997, 0.52004, 0.045377), (0.745297, 0.52064, 0.007877), (0.745297, 0.52754, 0.007877), (0.724197, 0.54664, 0.027077), (0.727697, 0.54664, 0.026977), (0.727897, 0.54664, 0.007877), (0.724197, 0.54664, 0.007877), (0.720397, 0.54664, 0.007877), (0.720397, 0.54664, 0.027177), (0.720397, 0.54644, 0.042077), (0.724197, 0.54644, 0.041977), (0.727697, 0.54634, 0.041677), (0.730897, 0.54644, 0.026877), (0.733697, 0.54604, 0.026777), (0.733897, 0.54594, 0.007877), (0.730897, 0.54634, 0.007877), (0.730897, 0.54624, 0.041477), (0.733697, 0.54584, 0.041377), (0.745097, 0.53044, 0.027777), (0.745097, 0.53044, 0.007877), (0.744897, 0.53334, 0.007877), (0.744797, 0.53334, 0.027677), (0.744597, 0.53324, 0.042777), (0.744897, 0.53044, 0.042977), (0.736197, 0.54544, 0.026777), (0.738297, 0.54464, 0.026777), (0.738397, 0.54444, 0.007877), (0.736197, 0.54514, 0.007877), (0.736097, 0.54524, 0.041377), (0.738197, 0.54444, 0.041377), (0.744397, 0.53604, 0.027477), (0.744397, 0.53594, 0.007877), (0.743797, 0.53864, 0.007877), (0.743697, 0.53844, 0.027277), (0.743497, 0.53824, 0.042277), (0.744097, 0.53584, 0.042577), (0.740097, 0.54354, 0.026877), (0.741497, 0.54224, 0.026977), (0.741697, 0.54224, 0.007877), (0.740097, 0.54334, 0.007877), (0.739897, 0.54334, 0.041577), (0.741397, 0.54194, 0.041777), (0.742697, 0.54054, 0.027177), (0.742697, 0.54044, 0.007877), (0.742497, 0.54024, 0.041977), (0.744397, 0.24327, 0.064977), (0.744397, 0.196815, 0.064977), (0.744297, 0.31174, 0.063177), (0.743197, 0.30904, 0.064677), (0.743197, 0.24332, 0.066377), (0.743197, 0.196815, 0.066377), (0.724197, 0.54574, 0.048077), (0.727697, 0.54564, 0.047777), (0.720397, 0.54574, 0.048177), (0.720397, 0.54474, 0.049877), (0.724097, 0.54464, 0.049777), (0.727697, 0.54444, 0.049577), (0.730897, 0.54534, 0.047577), (0.733597, 0.54484, 0.047477), (0.730797, 0.54394, 0.049377), (0.733497, 0.54324, 0.049177), (0.744097, 0.53034, 0.049077), (0.744197, 0.52624, 0.049677), (0.743897, 0.53294, 0.048877), (0.742797, 0.53264, 0.050277), (0.743097, 0.53014, 0.050477), (0.743197, 0.52634, 0.051077), (0.735997, 0.54414, 0.047377), (0.737997, 0.54334, 0.047477), (0.735797, 0.54244, 0.049177), (0.737597, 0.54154, 0.049177), (0.743397, 0.53544, 0.048577), (0.742797, 0.53764, 0.048277), (0.741897, 0.53674, 0.049877), (0.742397, 0.53484, 0.050077), (0.739597, 0.54224, 0.047577), (0.740897, 0.54104, 0.047777), (0.739097, 0.54064, 0.049277), (0.740297, 0.53954, 0.049477), (0.741997, 0.53944, 0.048077), (0.741197, 0.53824, 0.049677), (0.744197, 0.42424, 0.057577), (0.744297, 0.49284, 0.053177), (0.744297, 0.49284, 0.053277), (0.743797, 0.49284, 0.053977), (0.743097, 0.49014, 0.054877), (0.743097, 0.41304, 0.059477), (0.744197, 0.51934, 0.051277), (0.743197, 0.52004, 0.052377), (0.741897, 0.24338, 0.067677), (0.741897, 0.196815, 0.067677), (0.741797, 0.31194, 0.065777), (0.738297, 0.196815, 0.068477), (0.724097, 0.54324, 0.051177), (0.727597, 0.54284, 0.051077), (0.720397, 0.54334, 0.051177), (0.720397, 0.53904, 0.052577), (0.726597, 0.53914, 0.052377), (0.728197, 0.54064, 0.051877), (0.730697, 0.54214, 0.050877), (0.733297, 0.54134, 0.050777), (0.731497, 0.53824, 0.052277), (0.733197, 0.53914, 0.051777), (0.741697, 0.52994, 0.051777), (0.741797, 0.52614, 0.052377), (0.741497, 0.53214, 0.051577), (0.739997, 0.53164, 0.052377), (0.739097, 0.52994, 0.052777), (0.740297, 0.52624, 0.053077), (0.735497, 0.54044, 0.050777), (0.737197, 0.53954, 0.050777), (0.735097, 0.53674, 0.052177), (0.736597, 0.53744, 0.051777), (0.741097, 0.53404, 0.051377), (0.740697, 0.53554, 0.051277), (0.739397, 0.53434, 0.052077), (0.738697, 0.53264, 0.052577), (0.738497, 0.53864, 0.050877), (0.739497, 0.53774, 0.050977), (0.737097, 0.53544, 0.052277), (0.738497, 0.53604, 0.051877), (0.740197, 0.53674, 0.051077), (0.738097, 0.53424, 0.052377), (0.741697, 0.42424, 0.060077), (0.741897, 0.49284, 0.055777), (0.741797, 0.49284, 0.055877), (0.741097, 0.49284, 0.056377), (0.739597, 0.49094, 0.056777), (0.738697, 0.41314, 0.061477), (0.741697, 0.51934, 0.053777), (0.739197, 0.52274, 0.054077), (0.734297, 0.53014, 0.053477), (0.720397, 0.52904, 0.053977), (0.720397, 0.49244, 0.057077), (0.731497, 0.49554, 0.056677), (0.731797, 0.49554, 0.056677), (0.736497, 0.49554, 0.056577), (0.732097, 0.42434, 0.061077), (0.720397, 0.41314, 0.061777), (0.734397, 0.47244, -0.000123), (0.739697, 0.53334, -0.000123), (0.739897, 0.53174, -0.000123), (0.740097, 0.52964, -0.000123), (0.740197, 0.52624, -0.000123), (0.740197, 0.52054, -0.000123), (0.740297, 0.47594, -0.000123), (0.740297, 0.35534, -0.000123), (0.740297, 0.196815, -0.000123), (0.730398, 0.196815, -0.000123), (0.720397, 0.196815, -0.000123), (0.720397, 0.36924, -0.000123), (0.720397, 0.54164, -0.000123), (0.724097, 0.54154, -0.000123), (0.727597, 0.54114, -0.000123), (0.730597, 0.54024, -0.000123), (0.733197, 0.53924, -0.000123), (0.735197, 0.53824, -0.000123), (0.736797, 0.53724, -0.000123), (0.737897, 0.53654, -0.000123), (0.738597, 0.53584, -0.000123), (0.738997, 0.53524, -0.000123), (0.739297, 0.53444, -0.000123), (0.710397, 0.24934, 0.068777), (0.709997, 0.31194, 0.066877), (0.702497, 0.30914, 0.066777), (0.702597, 0.24343, 0.068477), (0.695497, 0.37084, 0.039877), (0.695497, 0.35534, 0.007877), (0.695397, 0.196815, 0.007877), (0.695497, 0.196815, 0.037777), (0.695697, 0.196815, 0.057477), (0.695697, 0.27513, 0.057977), (0.695897, 0.32304, 0.059277), (0.695797, 0.39964, 0.052877), (0.695797, 0.48684, 0.049777), (0.695497, 0.47944, 0.042077), (0.695497, 0.47944, 0.032577), (0.695497, 0.47944, 0.031377), (0.695497, 0.51384, 0.007877), (0.695497, 0.51934, 0.031977), (0.695797, 0.52004, 0.045377), (0.695797, 0.52634, 0.043677), (0.695597, 0.52624, 0.028877), (0.695497, 0.52754, 0.007877), (0.695497, 0.52064, 0.007877), (0.716597, 0.54664, 0.027077), (0.716597, 0.54664, 0.007877), (0.712897, 0.54664, 0.007877), (0.713097, 0.54664, 0.026977), (0.713097, 0.54634, 0.041677), (0.716597, 0.54644, 0.041977), (0.709897, 0.54644, 0.026877), (0.709897, 0.54634, 0.007877), (0.706897, 0.54594, 0.007877), (0.707097, 0.54604, 0.026777), (0.707097, 0.54584, 0.041377), (0.709897, 0.54624, 0.041477), (0.695697, 0.53044, 0.027777), (0.695697, 0.53044, 0.007877), (0.695897, 0.53044, 0.042977), (0.696197, 0.53324, 0.042777), (0.695997, 0.53334, 0.027677), (0.695897, 0.53334, 0.007877), (0.704597, 0.54544, 0.026777), (0.704597, 0.54514, 0.007877), (0.702397, 0.54444, 0.007877), (0.702497, 0.54464, 0.026777), (0.702597, 0.54444, 0.041377), (0.704697, 0.54524, 0.041377), (0.696397, 0.53604, 0.027477), (0.696397, 0.53594, 0.007877), (0.696697, 0.53584, 0.042577), (0.697297, 0.53824, 0.042277), (0.697097, 0.53844, 0.027277), (0.696997, 0.53864, 0.007877), (0.700697, 0.54354, 0.026877), (0.700697, 0.54334, 0.007877), (0.699097, 0.54224, 0.007877), (0.699297, 0.54224, 0.026977), (0.699397, 0.54194, 0.041777), (0.700897, 0.54334, 0.041577), (0.698097, 0.54054, 0.027177), (0.698097, 0.54044, 0.007877), (0.698297, 0.54024, 0.041977), (0.696397, 0.24327, 0.064977), (0.696397, 0.196815, 0.064977), (0.697597, 0.196815, 0.066377), (0.697597, 0.24332, 0.066377), (0.697597, 0.30904, 0.064677), (0.696497, 0.31174, 0.063177), (0.716597, 0.54574, 0.048077), (0.713097, 0.54564, 0.047777), (0.713097, 0.54444, 0.049577), (0.716697, 0.54464, 0.049777), (0.709897, 0.54534, 0.047577), (0.707197, 0.54484, 0.047477), (0.707297, 0.54324, 0.049177), (0.709997, 0.54394, 0.049377), (0.696697, 0.53034, 0.049077), (0.696597, 0.52624, 0.049677), (0.697597, 0.52634, 0.051077), (0.697697, 0.53014, 0.050477), (0.697997, 0.53264, 0.050277), (0.696897, 0.53294, 0.048877), (0.704797, 0.54414, 0.047377), (0.702797, 0.54334, 0.047477), (0.703197, 0.54154, 0.049177), (0.704997, 0.54244, 0.049177), (0.697397, 0.53544, 0.048577), (0.698397, 0.53484, 0.050077), (0.698897, 0.53674, 0.049877), (0.697997, 0.53764, 0.048277), (0.701197, 0.54224, 0.047577), (0.699897, 0.54104, 0.047777), (0.700497, 0.53954, 0.049477), (0.701697, 0.54064, 0.049277), (0.698797, 0.53944, 0.048077), (0.699597, 0.53824, 0.049677), (0.696597, 0.42424, 0.057577), (0.697697, 0.41304, 0.059477), (0.697697, 0.49014, 0.054877), (0.696997, 0.49284, 0.053977), (0.696497, 0.49284, 0.053277), (0.696497, 0.49284, 0.053177), (0.696597, 0.51934, 0.051277), (0.697597, 0.52004, 0.052377), (0.698897, 0.24338, 0.067677), (0.698897, 0.196815, 0.067677), (0.702597, 0.196815, 0.068477), (0.698997, 0.31194, 0.065777), (0.716697, 0.54324, 0.051177), (0.713197, 0.54284, 0.051077), (0.712597, 0.54064, 0.051877), (0.714197, 0.53914, 0.052377), (0.710097, 0.54214, 0.050877), (0.707497, 0.54134, 0.050777), (0.707597, 0.53914, 0.051777), (0.709297, 0.53824, 0.052277), (0.699097, 0.52994, 0.051777), (0.698997, 0.52614, 0.052377), (0.700497, 0.52624, 0.053077), (0.701697, 0.52994, 0.052777), (0.700797, 0.53164, 0.052377), (0.699297, 0.53214, 0.051577), (0.705297, 0.54044, 0.050777), (0.703597, 0.53954, 0.050777), (0.704197, 0.53744, 0.051777), (0.705697, 0.53674, 0.052177), (0.699697, 0.53404, 0.051377), (0.702097, 0.53264, 0.052577), (0.701397, 0.53434, 0.052077), (0.700097, 0.53554, 0.051277), (0.702297, 0.53864, 0.050877), (0.701297, 0.53774, 0.050977), (0.702297, 0.53604, 0.051877), (0.703697, 0.53544, 0.052277), (0.700597, 0.53674, 0.051077), (0.702697, 0.53424, 0.052377), (0.699097, 0.42424, 0.060077), (0.702097, 0.41314, 0.061477), (0.701197, 0.49094, 0.056777), (0.699697, 0.49284, 0.056377), (0.698997, 0.49284, 0.055877), (0.698897, 0.49284, 0.055777), (0.699097, 0.51934, 0.053777), (0.701597, 0.52274, 0.054077), (0.706497, 0.53014, 0.053477), (0.704297, 0.49554, 0.056577), (0.708997, 0.49554, 0.056677), (0.709297, 0.49554, 0.056677), (0.708697, 0.42434, 0.061077), (0.706397, 0.47244, -0.000123), (0.700697, 0.52964, -0.000123), (0.700897, 0.53174, -0.000123), (0.701097, 0.53334, -0.000123), (0.701497, 0.53444, -0.000123), (0.701797, 0.53524, -0.000123), (0.702197, 0.53584, -0.000123), (0.702897, 0.53654, -0.000123), (0.703997, 0.53724, -0.000123), (0.705597, 0.53824, -0.000123), (0.707597, 0.53924, -0.000123), (0.710197, 0.54024, -0.000123), (0.713197, 0.54114, -0.000123), (0.716697, 0.54154, -0.000123), (0.710397, 0.196815, -0.000123), (0.700498, 0.196815, -0.000123), (0.700497, 0.35534, -0.000123), (0.700497, 0.47594, -0.000123), (0.700597, 0.52054, -0.000123), (0.700597, 0.52624, -0.000123), (0.730397, 0.14429, 0.068777), (0.720397, 0.14091, 0.068777), (0.720397, 0.08444, 0.066977), (0.730797, 0.08164, 0.066877), (0.738298, 0.08444, 0.066777), (0.738197, 0.1502, 0.068477), (0.745298, 0.02284, 0.039877), (0.745298, 0.03834, 0.007877), (0.745097, 0.1185, 0.057977), (0.744897, 0.07054, 0.059277), (0.744998, -0.00596, 0.052877), (0.744998, -0.09266, 0.049777), (0.745298, -0.08536, 0.042077), (0.745298, -0.08536, 0.032577), (0.745298, -0.08536, 0.031377), (0.745298, -0.12016, 0.007877), (0.745298, -0.12386, 0.031977), (0.744998, -0.12436, 0.045377), (0.744998, -0.12896, 0.043677), (0.745198, -0.12886, 0.028877), (0.745298, -0.12936, 0.007877), (0.745298, -0.12476, 0.007877), (0.724198, -0.15306, 0.027077), (0.724198, -0.15306, 0.007877), (0.727898, -0.15306, 0.007877), (0.727698, -0.15296, 0.026977), (0.727698, -0.15276, 0.041677), (0.724198, -0.15286, 0.041977), (0.720398, -0.15286, 0.042077), (0.720398, -0.15306, 0.027177), (0.720398, -0.15306, 0.007877), (0.730898, -0.15266, 0.026877), (0.730898, -0.15256, 0.007877), (0.733898, -0.15206, 0.007877), (0.733698, -0.15216, 0.026777), (0.733698, -0.15196, 0.041377), (0.730898, -0.15246, 0.041477), (0.745098, -0.13276, 0.027777), (0.745098, -0.13276, 0.007877), (0.744898, -0.13266, 0.042977), (0.744598, -0.13596, 0.042777), (0.744798, -0.13606, 0.027677), (0.744898, -0.13606, 0.007877), (0.736198, -0.15136, 0.026777), (0.736198, -0.15096, 0.007877), (0.738398, -0.14986, 0.007877), (0.738298, -0.15026, 0.026777), (0.738198, -0.15016, 0.041377), (0.736098, -0.15126, 0.041377), (0.744398, -0.13936, 0.027477), (0.744398, -0.13936, 0.007877), (0.744098, -0.13916, 0.042577), (0.743498, -0.14216, 0.042277), (0.743698, -0.14246, 0.027277), (0.743798, -0.14266, 0.007877), (0.740098, -0.14896, 0.026877), (0.740098, -0.14856, 0.007877), (0.741698, -0.14726, 0.007877), (0.741498, -0.14726, 0.026977), (0.741398, -0.14696, 0.041777), (0.739898, -0.14876, 0.041577), (0.742698, -0.14506, 0.027177), (0.742698, -0.14496, 0.007877), (0.742498, -0.14476, 0.041977), (0.744397, 0.15036, 0.064977), (0.743197, 0.15031, 0.066377), (0.743198, 0.08464, 0.064677), (0.744298, 0.08194, 0.063177), (0.724198, -0.15216, 0.048077), (0.727698, -0.15196, 0.047777), (0.727698, -0.15066, 0.049577), (0.724098, -0.15096, 0.049777), (0.720398, -0.15106, 0.049877), (0.720398, -0.15216, 0.048177), (0.730898, -0.15146, 0.047577), (0.733598, -0.15086, 0.047477), (0.733498, -0.14896, 0.049177), (0.730798, -0.14996, 0.049377), (0.744098, -0.13256, 0.049077), (0.744198, -0.12886, 0.049677), (0.743198, -0.12896, 0.051077), (0.743098, -0.13236, 0.050477), (0.742798, -0.13516, 0.050277), (0.743898, -0.13566, 0.048877), (0.735998, -0.14996, 0.047377), (0.737998, -0.14876, 0.047477), (0.737598, -0.14656, 0.049177), (0.735798, -0.14776, 0.049177), (0.743398, -0.13866, 0.048577), (0.742398, -0.13786, 0.050077), (0.741898, -0.14026, 0.049877), (0.742798, -0.14146, 0.048277), (0.739598, -0.14736, 0.047577), (0.740898, -0.14576, 0.047777), (0.740298, -0.14386, 0.049477), (0.739098, -0.14526, 0.049277), (0.741998, -0.14376, 0.048077), (0.741198, -0.14216, 0.049677), (0.744198, -0.03056, 0.057577), (0.743098, -0.01936, 0.059477), (0.743098, -0.09606, 0.054877), (0.743798, -0.09876, 0.053977), (0.744298, -0.09876, 0.053277), (0.744298, -0.09876, 0.053177), (0.744198, -0.12386, 0.051277), (0.743198, -0.12436, 0.052377), (0.741897, 0.15024, 0.067677), (0.741798, 0.08174, 0.065777), (0.724098, -0.14956, 0.051177), (0.727598, -0.14906, 0.051077), (0.728198, -0.14646, 0.051877), (0.726598, -0.14506, 0.052377), (0.720398, -0.14516, 0.052577), (0.720398, -0.14966, 0.051177), (0.730698, -0.14796, 0.050877), (0.733298, -0.14666, 0.050777), (0.733198, -0.14416, 0.051777), (0.731498, -0.14356, 0.052277), (0.741698, -0.13216, 0.051777), (0.741798, -0.12876, 0.052377), (0.740298, -0.12926, 0.053077), (0.739098, -0.13266, 0.052777), (0.739998, -0.13426, 0.052377), (0.741498, -0.13466, 0.051577), (0.735498, -0.14526, 0.050777), (0.737198, -0.14396, 0.050777), (0.736598, -0.14166, 0.051777), (0.735098, -0.14126, 0.052177), (0.741098, -0.13686, 0.051377), (0.738698, -0.13586, 0.052577), (0.739398, -0.13756, 0.052077), (0.740698, -0.13876, 0.051277), (0.738498, -0.14276, 0.050877), (0.739498, -0.14156, 0.050977), (0.738498, -0.13966, 0.051877), (0.737098, -0.13936, 0.052277), (0.740198, -0.14026, 0.051077), (0.738098, -0.13786, 0.052377), (0.741698, -0.03066, 0.060077), (0.738698, -0.01946, 0.061477), (0.739598, -0.09676, 0.056777), (0.741098, -0.09876, 0.056377), (0.741798, -0.09876, 0.055877), (0.741898, -0.09876, 0.055777), (0.741698, -0.12396, 0.053777), (0.739198, -0.12706, 0.054077), (0.734298, -0.13466, 0.053477), (0.720398, -0.13446, 0.053977), (0.736498, -0.10146, 0.056577), (0.731798, -0.10146, 0.056677), (0.731498, -0.10146, 0.056677), (0.720398, -0.09856, 0.057077), (0.732098, -0.03066, 0.061077), (0.720398, -0.01956, 0.061777), (0.734398, -0.07706, -0.000123), (0.740098, -0.13186, -0.000123), (0.739898, -0.13426, -0.000123), (0.739698, -0.13606, -0.000123), (0.739298, -0.13746, -0.000123), (0.738998, -0.13846, -0.000123), (0.738598, -0.13926, -0.000123), (0.737898, -0.14006, -0.000123), (0.736798, -0.14116, -0.000123), (0.735198, -0.14256, -0.000123), (0.733198, -0.14406, -0.000123), (0.730598, -0.14576, -0.000123), (0.727598, -0.14716, -0.000123), (0.724098, -0.14776, -0.000123), (0.720398, -0.14806, -0.000123), (0.720398, 0.02444, -0.000123), (0.740298, 0.03834, -0.000123), (0.740298, -0.08166, -0.000123), (0.740198, -0.12466, -0.000123), (0.740198, -0.12876, -0.000123), (0.710397, 0.14429, 0.068777), (0.702597, 0.1502, 0.068477), (0.702497, 0.08444, 0.066777), (0.709997, 0.08164, 0.066877), (0.695498, 0.02284, 0.039877), (0.695498, 0.03834, 0.007877), (0.695498, -0.12016, 0.007877), (0.695498, -0.08616, 0.031377), (0.695498, -0.08616, 0.032577), (0.695498, -0.08616, 0.042077), (0.695798, -0.09316, 0.049777), (0.695798, -0.00596, 0.052877), (0.695898, 0.07054, 0.059277), (0.695697, 0.1185, 0.057977), (0.695498, -0.12686, 0.031977), (0.695598, -0.13506, 0.028877), (0.695798, -0.13276, 0.043677), (0.695798, -0.12636, 0.045377), (0.695498, -0.13026, 0.007877), (0.695498, -0.14026, 0.007877), (0.716598, -0.15306, 0.027077), (0.713098, -0.15306, 0.026977), (0.712898, -0.15306, 0.007877), (0.716598, -0.15306, 0.007877), (0.716598, -0.15286, 0.041977), (0.713098, -0.15276, 0.041677), (0.709898, -0.15286, 0.026877), (0.707098, -0.15266, 0.026777), (0.706898, -0.15276, 0.007877), (0.709898, -0.15296, 0.007877), (0.709898, -0.15256, 0.041477), (0.707098, -0.15216, 0.041377), (0.695698, -0.13956, 0.027777), (0.695698, -0.14256, 0.007877), (0.695898, -0.14496, 0.007877), (0.695998, -0.14206, 0.027677), (0.696198, -0.13966, 0.042777), (0.695898, -0.13686, 0.042977), (0.704598, -0.15216, 0.026777), (0.702498, -0.15146, 0.026777), (0.702398, -0.15206, 0.007877), (0.704598, -0.15246, 0.007877), (0.704698, -0.15146, 0.041377), (0.702598, -0.15056, 0.041377), (0.696398, -0.14446, 0.027477), (0.696398, -0.14666, 0.007877), (0.696998, -0.14836, 0.007877), (0.697098, -0.14646, 0.027277), (0.697298, -0.14466, 0.042277), (0.696698, -0.14236, 0.042577), (0.700698, -0.15066, 0.026877), (0.699298, -0.14956, 0.026977), (0.699098, -0.15066, 0.007877), (0.700698, -0.15136, 0.007877), (0.700898, -0.14956, 0.041577), (0.699398, -0.14826, 0.041777), (0.698098, -0.14816, 0.027177), (0.698098, -0.14956, 0.007877), (0.698298, -0.14666, 0.041977), (0.696397, 0.15036, 0.064977), (0.696497, 0.08194, 0.063177), (0.697598, 0.08464, 0.064677), (0.697597, 0.15031, 0.066377), (0.716598, -0.15216, 0.048077), (0.713098, -0.15196, 0.047777), (0.716698, -0.15096, 0.049777), (0.713098, -0.15066, 0.049577), (0.709898, -0.15146, 0.047577), (0.707198, -0.15086, 0.047477), (0.709998, -0.14996, 0.049377), (0.707298, -0.14896, 0.049177), (0.696698, -0.13496, 0.049077), (0.696598, -0.13106, 0.049677), (0.696898, -0.13776, 0.048877), (0.697998, -0.13636, 0.050277), (0.697698, -0.13366, 0.050477), (0.697598, -0.13016, 0.051077), (0.704798, -0.14996, 0.047377), (0.702798, -0.14886, 0.047477), (0.704998, -0.14776, 0.049177), (0.703198, -0.14656, 0.049177), (0.697398, -0.14046, 0.048577), (0.697998, -0.14276, 0.048277), (0.698898, -0.14086, 0.049877), (0.698398, -0.13876, 0.050077), (0.701198, -0.14766, 0.047577), (0.699898, -0.14636, 0.047777), (0.701698, -0.14536, 0.049277), (0.700498, -0.14406, 0.049477), (0.698798, -0.14476, 0.048077), (0.699598, -0.14266, 0.049677), (0.696598, -0.03056, 0.057577), (0.696498, -0.09896, 0.053177), (0.696498, -0.09896, 0.053277), (0.696998, -0.09896, 0.053977), (0.697698, -0.09626, 0.054877), (0.697698, -0.01936, 0.059477), (0.696598, -0.12496, 0.051277), (0.697598, -0.12506, 0.052377), (0.698897, 0.15024, 0.067677), (0.698997, 0.08174, 0.065777), (0.716698, -0.14956, 0.051177), (0.713198, -0.14906, 0.051077), (0.714198, -0.14506, 0.052377), (0.712598, -0.14646, 0.051877), (0.710098, -0.14796, 0.050877), (0.707498, -0.14666, 0.050777), (0.709298, -0.14356, 0.052277), (0.707598, -0.14416, 0.051777), (0.699098, -0.13266, 0.051777), (0.698998, -0.12926, 0.052377), (0.699298, -0.13506, 0.051577), (0.700798, -0.13446, 0.052377), (0.701698, -0.13276, 0.052777), (0.700498, -0.12946, 0.053077), (0.705298, -0.14526, 0.050777), (0.703598, -0.14396, 0.050777), (0.705698, -0.14126, 0.052177), (0.704198, -0.14166, 0.051777), (0.699698, -0.13726, 0.051377), (0.700098, -0.13906, 0.051277), (0.701398, -0.13766, 0.052077), (0.702098, -0.13586, 0.052577), (0.702298, -0.14276, 0.050877), (0.701298, -0.14156, 0.050977), (0.703698, -0.13936, 0.052277), (0.702298, -0.13976, 0.051877), (0.700598, -0.14046, 0.051077), (0.702698, -0.13786, 0.052377), (0.699098, -0.03066, 0.060077), (0.698898, -0.09886, 0.055777), (0.698998, -0.09886, 0.055877), (0.699698, -0.09886, 0.056377), (0.701198, -0.09676, 0.056777), (0.702098, -0.01946, 0.061477), (0.699098, -0.12416, 0.053777), (0.701598, -0.12716, 0.054077), (0.706498, -0.13466, 0.053477), (0.709298, -0.10146, 0.056677), (0.708998, -0.10146, 0.056677), (0.704298, -0.10146, 0.056577), (0.708698, -0.03066, 0.061077), (0.706398, -0.08126, -0.000123), (0.701098, -0.14486, -0.000123), (0.700898, -0.14366, -0.000123), (0.700698, -0.14206, -0.000123), (0.700598, -0.13806, -0.000123), (0.700598, -0.13016, -0.000123), (0.700498, -0.08306, -0.000123), (0.700498, 0.03834, -0.000123), (0.716698, -0.14806, -0.000123), (0.713198, -0.14796, -0.000123), (0.710198, -0.14786, -0.000123), (0.707598, -0.14776, -0.000123), (0.705598, -0.14746, -0.000123), (0.703998, -0.14716, -0.000123), (0.702898, -0.14686, -0.000123), (0.702198, -0.14646, -0.000123), (0.701798, -0.14616, -0.000123), (0.701498, -0.14566, -0.000123), (0.742797, 0.35534, 0.007877), (0.742797, 0.51384, 0.007877), (0.742797, 0.196815, 0.007877), (0.740297, 0.196815, 0.007877), (0.740297, 0.35534, 0.007877), (0.740297, 0.51384, 0.007877), (0.724097, 0.54414, 0.007877), (0.720397, 0.54414, 0.007877), (0.727897, 0.54404, 0.007877), (0.727797, 0.54134, 0.007877), (0.724097, 0.54154, 0.007877), (0.720397, 0.54164, 0.007877), (0.730797, 0.54334, 0.007877), (0.733697, 0.54254, 0.007877), (0.733397, 0.53914, 0.007877), (0.730597, 0.54024, 0.007877), (0.742597, 0.53004, 0.007877), (0.742397, 0.53274, 0.007877), (0.742797, 0.52744, 0.007877), (0.740197, 0.52734, 0.007877), (0.740097, 0.52964, 0.007877), (0.739997, 0.53204, 0.007877), (0.735697, 0.54164, 0.007877), (0.737697, 0.54084, 0.007877), (0.736997, 0.53724, 0.007877), (0.735197, 0.53824, 0.007877), (0.741997, 0.53464, 0.007877), (0.741597, 0.53664, 0.007877), (0.739697, 0.53334, 0.007877), (0.739397, 0.53464, 0.007877), (0.738997, 0.53994, 0.007877), (0.740197, 0.53904, 0.007877), (0.738697, 0.53584, 0.007877), (0.737897, 0.53654, 0.007877), (0.740897, 0.53784, 0.007877), (0.738997, 0.53524, 0.007877), (0.742797, 0.52064, 0.007877), (0.740197, 0.52054, 0.007877), (0.697997, 0.35534, 0.007877), (0.697997, 0.196815, 0.007877), (0.697997, 0.51384, 0.007877), (0.700497, 0.51384, 0.007877), (0.700497, 0.35534, 0.007877), (0.700497, 0.196815, 0.007877), (0.716697, 0.54414, 0.007877), (0.712897, 0.54404, 0.007877), (0.716697, 0.54154, 0.007877), (0.712997, 0.54134, 0.007877), (0.709997, 0.54334, 0.007877), (0.707097, 0.54254, 0.007877), (0.710197, 0.54024, 0.007877), (0.707397, 0.53914, 0.007877), (0.698197, 0.53004, 0.007877), (0.697997, 0.52744, 0.007877), (0.698397, 0.53274, 0.007877), (0.700797, 0.53204, 0.007877), (0.700697, 0.52964, 0.007877), (0.700597, 0.52734, 0.007877), (0.705097, 0.54164, 0.007877), (0.703097, 0.54084, 0.007877), (0.705597, 0.53824, 0.007877), (0.703797, 0.53724, 0.007877), (0.698797, 0.53464, 0.007877), (0.699197, 0.53664, 0.007877), (0.701397, 0.53464, 0.007877), (0.701097, 0.53334, 0.007877), (0.701797, 0.53994, 0.007877), (0.700597, 0.53904, 0.007877), (0.702897, 0.53654, 0.007877), (0.702097, 0.53584, 0.007877), (0.699897, 0.53784, 0.007877), (0.701797, 0.53524, 0.007877), (0.697997, 0.52064, 0.007877), (0.700597, 0.52054, 0.007877), (0.742798, 0.03834, 0.007877), (0.742798, -0.12016, 0.007877), (0.740298, -0.12016, 0.007877), (0.740298, 0.03834, 0.007877), (0.724098, -0.15046, 0.007877), (0.727898, -0.15026, 0.007877), (0.720398, -0.15056, 0.007877), (0.720398, -0.14806, 0.007877), (0.724098, -0.14776, 0.007877), (0.727798, -0.14746, 0.007877), (0.730798, -0.14916, 0.007877), (0.733698, -0.14796, 0.007877), (0.730598, -0.14576, 0.007877), (0.733398, -0.14396, 0.007877), (0.742598, -0.13226, 0.007877), (0.742798, -0.12926, 0.007877), (0.742398, -0.13526, 0.007877), (0.739998, -0.13446, 0.007877), (0.740098, -0.13186, 0.007877), (0.740198, -0.12916, 0.007877), (0.735698, -0.14676, 0.007877), (0.737698, -0.14546, 0.007877), (0.735198, -0.14256, 0.007877), (0.736998, -0.14106, 0.007877), (0.741998, -0.13776, 0.007877), (0.741598, -0.14016, 0.007877), (0.739398, -0.13766, 0.007877), (0.739698, -0.13606, 0.007877), (0.738998, -0.14436, 0.007877), (0.740198, -0.14316, 0.007877), (0.737898, -0.14006, 0.007877), (0.738698, -0.13916, 0.007877), (0.740898, -0.14166, 0.007877), (0.738998, -0.13846, 0.007877), (0.742798, -0.12476, 0.007877), (0.740198, -0.12466, 0.007877), (0.697998, 0.03834, 0.007877), (0.697998, -0.12016, 0.007877), (0.700498, 0.03834, 0.007877), (0.700498, -0.12016, 0.007877), (0.716698, -0.15056, 0.007877), (0.712898, -0.15056, 0.007877), (0.712998, -0.14806, 0.007877), (0.716698, -0.14806, 0.007877), (0.709998, -0.15046, 0.007877), (0.707098, -0.15026, 0.007877), (0.707398, -0.14776, 0.007877), (0.710198, -0.14786, 0.007877), (0.698198, -0.14226, 0.007877), (0.698398, -0.14446, 0.007877), (0.697998, -0.14016, 0.007877), (0.700598, -0.14006, 0.007877), (0.700698, -0.14206, 0.007877), (0.700798, -0.14396, 0.007877), (0.705098, -0.14996, 0.007877), (0.703098, -0.14966, 0.007877), (0.703798, -0.14726, 0.007877), (0.705598, -0.14746, 0.007877), (0.698798, -0.14576, 0.007877), (0.699198, -0.14706, 0.007877), (0.701098, -0.14486, 0.007877), (0.701398, -0.14576, 0.007877), (0.701798, -0.14916, 0.007877), (0.700598, -0.14856, 0.007877), (0.702098, -0.14646, 0.007877), (0.702898, -0.14686, 0.007877), (0.699898, -0.14786, 0.007877), (0.701798, -0.14616, 0.007877), (0.697998, -0.13016, 0.007877), (0.700598, -0.13016, 0.007877), (0.724097, 0.54154, 0.003877), (0.720397, 0.54154, 0.003877), (0.727597, 0.54114, 0.003877), (0.730597, 0.54024, 0.003877), (0.733197, 0.53924, 0.003877), (0.735197, 0.53824, 0.003877), (0.736797, 0.53724, 0.003877), (0.737897, 0.53654, 0.003877), (0.738597, 0.53584, 0.003877), (0.738997, 0.53524, 0.003877), (0.739297, 0.53444, 0.003877), (0.739697, 0.53334, 0.003877), (0.739897, 0.53174, 0.003877), (0.740097, 0.52964, 0.003877), (0.740197, 0.52624, 0.003877), (0.740197, 0.52054, 0.003877), (0.740297, 0.47594, 0.003877), (0.740297, 0.35534, 0.003877), (0.740297, 0.196815, 0.003877), (0.710197, 0.54024, 0.003877), (0.707597, 0.53924, 0.003877), (0.713197, 0.54114, 0.003877), (0.716697, 0.54154, 0.003877), (0.702897, 0.53654, 0.003877), (0.702197, 0.53584, 0.003877), (0.703997, 0.53724, 0.003877), (0.705597, 0.53824, 0.003877), (0.701097, 0.53334, 0.003877), (0.700897, 0.53174, 0.003877), (0.701497, 0.53444, 0.003877), (0.701797, 0.53524, 0.003877), (0.700597, 0.52054, 0.003877), (0.700497, 0.47594, 0.003877), (0.700597, 0.52624, 0.003877), (0.700697, 0.52964, 0.003877), (0.700497, 0.35534, 0.003877), (0.700498, 0.196815, 0.003877), (0.730598, -0.14576, 0.003877), (0.733198, -0.14406, 0.003877), (0.727598, -0.14716, 0.003877), (0.724098, -0.14776, 0.003877), (0.720398, -0.14796, 0.003877), (0.737898, -0.14006, 0.003877), (0.738598, -0.13926, 0.003877), (0.736798, -0.14116, 0.003877), (0.735198, -0.14256, 0.003877), (0.739698, -0.13606, 0.003877), (0.739898, -0.13426, 0.003877), (0.739298, -0.13746, 0.003877), (0.738998, -0.13846, 0.003877), (0.740198, -0.12466, 0.003877), (0.740298, -0.08166, 0.003877), (0.740198, -0.12876, 0.003877), (0.740098, -0.13186, 0.003877), (0.740298, 0.03834, 0.003877), (0.716698, -0.14806, 0.003877), (0.713198, -0.14796, 0.003877), (0.710198, -0.14786, 0.003877), (0.707598, -0.14776, 0.003877), (0.705598, -0.14746, 0.003877), (0.703998, -0.14716, 0.003877), (0.702898, -0.14686, 0.003877), (0.702198, -0.14646, 0.003877), (0.701798, -0.14616, 0.003877), (0.701498, -0.14566, 0.003877), (0.701098, -0.14486, 0.003877), (0.700898, -0.14366, 0.003877), (0.700698, -0.14206, 0.003877), (0.700598, -0.13806, 0.003877), (0.700598, -0.13016, 0.003877), (0.700498, -0.08306, 0.003877), (0.700498, 0.03834, 0.003877), (0.720397, 0.2479, 0.071777), (0.714997, 0.24702, 0.071777), (0.714997, 0.24702, 0.078977), (0.720397, 0.2479, 0.078977), (0.710197, 0.24447, 0.071777), (0.710197, 0.24447, 0.078977), (0.706597, 0.24057, 0.071777), (0.706597, 0.24057, 0.078977), (0.704797, 0.23578, 0.071777), (0.704797, 0.23578, 0.078977), (0.704797, 0.15723, 0.071777), (0.704797, 0.15723, 0.078977), (0.706597, 0.15244, 0.071777), (0.706597, 0.15244, 0.078977), (0.710197, 0.14854, 0.071777), (0.710197, 0.14854, 0.078977), (0.714997, 0.14599, 0.071777), (0.714997, 0.14599, 0.078977), (0.720397, 0.14511, 0.071777), (0.720397, 0.14511, 0.078977), (0.725797, 0.14599, 0.071777), (0.725797, 0.14599, 0.078977), (0.730597, 0.14854, 0.071777), (0.730597, 0.14854, 0.078977), (0.734197, 0.15244, 0.071777), (0.734197, 0.15244, 0.078977), (0.735997, 0.15723, 0.071777), (0.735997, 0.15723, 0.078977), (0.735997, 0.23578, 0.071777), (0.735997, 0.23578, 0.078977), (0.734197, 0.24057, 0.071777), (0.734197, 0.24057, 0.078977), (0.730597, 0.24447, 0.071777), (0.730597, 0.24447, 0.078977), (0.725797, 0.24702, 0.071777), (0.725797, 0.24702, 0.078977), (0.735997, 0.2432, 0.069577), (0.732497, 0.24634, 0.069677), (0.730297, 0.24807, 0.069777), (0.727197, 0.24926, 0.069777), (0.722697, 0.25083, 0.069777), (0.719897, 0.25114, 0.069777), (0.715997, 0.25008, 0.069777), (0.712197, 0.24886, 0.069777), (0.709597, 0.24743, 0.069777), (0.705997, 0.24459, 0.069677), (0.703697, 0.2427, 0.069577), (0.703397, 0.24001, 0.069577), (0.703097, 0.21732, 0.069577), (0.703097, 0.17498, 0.069577), (0.703197, 0.15226, 0.069577), (0.704797, 0.15022, 0.069577), (0.708297, 0.14708, 0.069677), (0.710497, 0.14535, 0.069777), (0.713597, 0.14416, 0.069777), (0.718097, 0.14259, 0.069777), (0.720897, 0.14228, 0.069777), (0.724797, 0.14334, 0.069777), (0.728597, 0.14457, 0.069777), (0.731197, 0.146, 0.069777), (0.734797, 0.14883, 0.069677), (0.737097, 0.15073, 0.069577), (0.737397, 0.15341, 0.069577), (0.737697, 0.1761, 0.069577), (0.737697, 0.21844, 0.069577), (0.737597, 0.24117, 0.069577), (0.735297, 0.24023, 0.070677), (0.732597, 0.24374, 0.070777), (0.730597, 0.24561, 0.070777), (0.727897, 0.24701, 0.070777), (0.723597, 0.24857, 0.070777), (0.720897, 0.24896, 0.070777), (0.717097, 0.24841, 0.070777), (0.713397, 0.24738, 0.070777), (0.710997, 0.24605, 0.070777), (0.707597, 0.24327, 0.070677), (0.705597, 0.24127, 0.070677), (0.704897, 0.23877, 0.070677), (0.704197, 0.21724, 0.070677), (0.704197, 0.17689, 0.070677), (0.704297, 0.15525, 0.070677), (0.705497, 0.15298, 0.070677), (0.708197, 0.14948, 0.070777), (0.710197, 0.1476, 0.070777), (0.712897, 0.14621, 0.070777), (0.717197, 0.14465, 0.070777), (0.719897, 0.14425, 0.070777), (0.723697, 0.14481, 0.070777), (0.727397, 0.14583, 0.070777), (0.729797, 0.14716, 0.070777), (0.733197, 0.14994, 0.070677), (0.735197, 0.15195, 0.070677), (0.735897, 0.15444, 0.070677), (0.736597, 0.17598, 0.070677), (0.736597, 0.21633, 0.070677), (0.736497, 0.23796, 0.070677), (-0.694603, 0.249339, 0.068775), (-0.686803, 0.243429, 0.068475), (-0.686703, 0.309139, 0.066775), (-0.694203, 0.311939, 0.066875), (-0.704603, 0.309139, 0.066975), (-0.704603, 0.252719, 0.068775), (-0.679703, 0.370839, 0.039875), (-0.679703, 0.196814, 0.037775), (-0.679603, 0.196814, 0.007875), (-0.679703, 0.355339, 0.007875), (-0.679703, 0.513839, 0.007875), (-0.679703, 0.479439, 0.031375), (-0.679703, 0.479439, 0.032575), (-0.679703, 0.479439, 0.042075), (-0.680003, 0.486839, 0.049775), (-0.680003, 0.399639, 0.052875), (-0.680103, 0.323039, 0.059275), (-0.679903, 0.275129, 0.057975), (-0.679903, 0.196814, 0.057475), (-0.679703, 0.519339, 0.031975), (-0.679803, 0.526239, 0.028875), (-0.680003, 0.526339, 0.043675), (-0.680003, 0.520039, 0.045375), (-0.679703, 0.520639, 0.007875), (-0.679703, 0.527539, 0.007875), (-0.700803, 0.546639, 0.027075), (-0.697303, 0.546639, 0.026975), (-0.697103, 0.546639, 0.007875), (-0.700803, 0.546639, 0.007875), (-0.704603, 0.546639, 0.007875), (-0.704603, 0.546639, 0.027175), (-0.704603, 0.546439, 0.042075), (-0.700803, 0.546439, 0.041975), (-0.697303, 0.546339, 0.041675), (-0.694103, 0.546439, 0.026875), (-0.691303, 0.546039, 0.026775), (-0.691103, 0.545939, 0.007875), (-0.694103, 0.546339, 0.007875), (-0.694103, 0.546239, 0.041475), (-0.691303, 0.545839, 0.041375), (-0.679903, 0.530439, 0.027775), (-0.679903, 0.530439, 0.007875), (-0.680103, 0.533339, 0.007875), (-0.680203, 0.533339, 0.027675), (-0.680403, 0.533239, 0.042775), (-0.680103, 0.530439, 0.042975), (-0.688803, 0.545439, 0.026775), (-0.686703, 0.544639, 0.026775), (-0.686603, 0.544439, 0.007875), (-0.688803, 0.545139, 0.007875), (-0.688903, 0.545239, 0.041375), (-0.686803, 0.544439, 0.041375), (-0.680603, 0.536039, 0.027475), (-0.680603, 0.535939, 0.007875), (-0.681203, 0.538639, 0.007875), (-0.681303, 0.538439, 0.027275), (-0.681503, 0.538239, 0.042275), (-0.680903, 0.535839, 0.042575), (-0.684903, 0.543539, 0.026875), (-0.683503, 0.542239, 0.026975), (-0.683303, 0.542239, 0.007875), (-0.684903, 0.543339, 0.007875), (-0.685103, 0.543339, 0.041575), (-0.683603, 0.541939, 0.041775), (-0.682303, 0.540539, 0.027175), (-0.682303, 0.540439, 0.007875), (-0.682503, 0.540239, 0.041975), (-0.680603, 0.243269, 0.064975), (-0.680603, 0.196814, 0.064975), (-0.680703, 0.311739, 0.063175), (-0.681803, 0.309039, 0.064675), (-0.681803, 0.243319, 0.066375), (-0.681803, 0.196814, 0.066375), (-0.700803, 0.545739, 0.048075), (-0.697303, 0.545639, 0.047775), (-0.704603, 0.545739, 0.048175), (-0.704603, 0.544739, 0.049875), (-0.700903, 0.544639, 0.049775), (-0.697303, 0.544439, 0.049575), (-0.694103, 0.545339, 0.047575), (-0.691403, 0.544839, 0.047475), (-0.694203, 0.543939, 0.049375), (-0.691503, 0.543239, 0.049175), (-0.680903, 0.530339, 0.049075), (-0.680803, 0.526239, 0.049675), (-0.681103, 0.532939, 0.048875), (-0.682203, 0.532639, 0.050275), (-0.681903, 0.530139, 0.050475), (-0.681803, 0.526339, 0.051075), (-0.689003, 0.544139, 0.047375), (-0.687003, 0.543339, 0.047475), (-0.689203, 0.542439, 0.049175), (-0.687403, 0.541539, 0.049175), (-0.681603, 0.535439, 0.048575), (-0.682203, 0.537639, 0.048275), (-0.683103, 0.536739, 0.049875), (-0.682603, 0.534839, 0.050075), (-0.685403, 0.542239, 0.047575), (-0.684103, 0.541039, 0.047775), (-0.685903, 0.540639, 0.049275), (-0.684703, 0.539539, 0.049475), (-0.683003, 0.539439, 0.048075), (-0.683803, 0.538239, 0.049675), (-0.680803, 0.424239, 0.057575), (-0.680703, 0.492839, 0.053175), (-0.680703, 0.492839, 0.053275), (-0.681203, 0.492839, 0.053975), (-0.681903, 0.490139, 0.054875), (-0.681903, 0.413039, 0.059475), (-0.680803, 0.519339, 0.051275), (-0.681803, 0.520039, 0.052375), (-0.683103, 0.243379, 0.067675), (-0.683103, 0.196814, 0.067675), (-0.683203, 0.311939, 0.065775), (-0.686803, 0.196814, 0.068475), (-0.700903, 0.543239, 0.051175), (-0.697403, 0.542839, 0.051075), (-0.704603, 0.543339, 0.051175), (-0.704603, 0.539039, 0.052575), (-0.698403, 0.539139, 0.052375), (-0.696803, 0.540639, 0.051875), (-0.694303, 0.542139, 0.050875), (-0.691703, 0.541339, 0.050775), (-0.693503, 0.538239, 0.052275), (-0.691803, 0.539139, 0.051775), (-0.683303, 0.529939, 0.051775), (-0.683203, 0.526139, 0.052375), (-0.683503, 0.532139, 0.051575), (-0.685003, 0.531639, 0.052375), (-0.685903, 0.529939, 0.052775), (-0.684703, 0.526239, 0.053075), (-0.689503, 0.540439, 0.050775), (-0.687803, 0.539539, 0.050775), (-0.689903, 0.536739, 0.052175), (-0.688403, 0.537439, 0.051775), (-0.683903, 0.534039, 0.051375), (-0.684303, 0.535539, 0.051275), (-0.685603, 0.534339, 0.052075), (-0.686303, 0.532639, 0.052575), (-0.686503, 0.538639, 0.050875), (-0.685503, 0.537739, 0.050975), (-0.687903, 0.535439, 0.052275), (-0.686503, 0.536039, 0.051875), (-0.684803, 0.536739, 0.051075), (-0.686903, 0.534239, 0.052375), (-0.683303, 0.424239, 0.060075), (-0.683103, 0.492839, 0.055775), (-0.683203, 0.492839, 0.055875), (-0.683903, 0.492839, 0.056375), (-0.685403, 0.490939, 0.056775), (-0.686303, 0.413139, 0.061475), (-0.683303, 0.519339, 0.053775), (-0.685803, 0.522739, 0.054075), (-0.690703, 0.530139, 0.053475), (-0.704603, 0.529039, 0.053975), (-0.704603, 0.492439, 0.057075), (-0.693603, 0.495539, 0.056675), (-0.693203, 0.495539, 0.056675), (-0.688503, 0.495539, 0.056575), (-0.692903, 0.424339, 0.061075), (-0.704603, 0.413139, 0.061775), (-0.690603, 0.472439, -0.000125), (-0.685303, 0.533339, -0.000125), (-0.685103, 0.531739, -0.000125), (-0.684903, 0.529639, -0.000125), (-0.684803, 0.526239, -0.000125), (-0.684803, 0.520539, -0.000125), (-0.684703, 0.475939, -0.000125), (-0.684703, 0.355339, -0.000125), (-0.684703, 0.196814, -0.000125), (-0.694602, 0.196814, -0.000125), (-0.704602, 0.196814, -0.000125), (-0.704603, 0.369239, -0.000125), (-0.704603, 0.541639, -0.000125), (-0.700903, 0.541539, -0.000125), (-0.697403, 0.541139, -0.000125), (-0.694403, 0.540239, -0.000125), (-0.691803, 0.539239, -0.000125), (-0.689803, 0.538239, -0.000125), (-0.688203, 0.537239, -0.000125), (-0.687103, 0.536539, -0.000125), (-0.686403, 0.535839, -0.000125), (-0.686003, 0.535239, -0.000125), (-0.685703, 0.534439, -0.000125), (-0.714603, 0.249339, 0.068775), (-0.715003, 0.311939, 0.066875), (-0.722503, 0.309139, 0.066775), (-0.722403, 0.243429, 0.068475), (-0.729503, 0.370839, 0.039875), (-0.729503, 0.355339, 0.007875), (-0.729603, 0.196814, 0.007875), (-0.729503, 0.196814, 0.037775), (-0.729303, 0.196814, 0.057475), (-0.729303, 0.275129, 0.057975), (-0.729103, 0.323039, 0.059275), (-0.729203, 0.399639, 0.052875), (-0.729203, 0.486839, 0.049775), (-0.729503, 0.479439, 0.042075), (-0.729503, 0.479439, 0.032575), (-0.729503, 0.479439, 0.031375), (-0.729503, 0.513839, 0.007875), (-0.729503, 0.519339, 0.031975), (-0.729203, 0.520039, 0.045375), (-0.729203, 0.526339, 0.043675), (-0.729403, 0.526239, 0.028875), (-0.729503, 0.527539, 0.007875), (-0.729503, 0.520639, 0.007875), (-0.708403, 0.546639, 0.027075), (-0.708403, 0.546639, 0.007875), (-0.712103, 0.546639, 0.007875), (-0.711903, 0.546639, 0.026975), (-0.711903, 0.546339, 0.041675), (-0.708403, 0.546439, 0.041975), (-0.715103, 0.546439, 0.026875), (-0.715103, 0.546339, 0.007875), (-0.718103, 0.545939, 0.007875), (-0.717903, 0.546039, 0.026775), (-0.717903, 0.545839, 0.041375), (-0.715103, 0.546239, 0.041475), (-0.729303, 0.530439, 0.027775), (-0.729303, 0.530439, 0.007875), (-0.729103, 0.530439, 0.042975), (-0.728803, 0.533239, 0.042775), (-0.729003, 0.533339, 0.027675), (-0.729103, 0.533339, 0.007875), (-0.720403, 0.545439, 0.026775), (-0.720403, 0.545139, 0.007875), (-0.722603, 0.544439, 0.007875), (-0.722503, 0.544639, 0.026775), (-0.722403, 0.544439, 0.041375), (-0.720303, 0.545239, 0.041375), (-0.728603, 0.536039, 0.027475), (-0.728603, 0.535939, 0.007875), (-0.728303, 0.535839, 0.042575), (-0.727703, 0.538239, 0.042275), (-0.727903, 0.538439, 0.027275), (-0.728003, 0.538639, 0.007875), (-0.724303, 0.543539, 0.026875), (-0.724303, 0.543339, 0.007875), (-0.725903, 0.542239, 0.007875), (-0.725703, 0.542239, 0.026975), (-0.725603, 0.541939, 0.041775), (-0.724103, 0.543339, 0.041575), (-0.726903, 0.540539, 0.027175), (-0.726903, 0.540439, 0.007875), (-0.726703, 0.540239, 0.041975), (-0.728603, 0.243269, 0.064975), (-0.728603, 0.196814, 0.064975), (-0.727403, 0.196814, 0.066375), (-0.727403, 0.243319, 0.066375), (-0.727403, 0.309039, 0.064675), (-0.728503, 0.311739, 0.063175), (-0.708403, 0.545739, 0.048075), (-0.711903, 0.545639, 0.047775), (-0.711903, 0.544439, 0.049575), (-0.708303, 0.544639, 0.049775), (-0.715103, 0.545339, 0.047575), (-0.717803, 0.544839, 0.047475), (-0.717703, 0.543239, 0.049175), (-0.715003, 0.543939, 0.049375), (-0.728303, 0.530339, 0.049075), (-0.728403, 0.526239, 0.049675), (-0.727403, 0.526339, 0.051075), (-0.727303, 0.530139, 0.050475), (-0.727003, 0.532639, 0.050275), (-0.728103, 0.532939, 0.048875), (-0.720203, 0.544139, 0.047375), (-0.722203, 0.543339, 0.047475), (-0.721803, 0.541539, 0.049175), (-0.720003, 0.542439, 0.049175), (-0.727603, 0.535439, 0.048575), (-0.726603, 0.534839, 0.050075), (-0.726103, 0.536739, 0.049875), (-0.727003, 0.537639, 0.048275), (-0.723803, 0.542239, 0.047575), (-0.725103, 0.541039, 0.047775), (-0.724503, 0.539539, 0.049475), (-0.723303, 0.540639, 0.049275), (-0.726203, 0.539439, 0.048075), (-0.725403, 0.538239, 0.049675), (-0.728403, 0.424239, 0.057575), (-0.727303, 0.413039, 0.059475), (-0.727303, 0.490139, 0.054875), (-0.728003, 0.492839, 0.053975), (-0.728503, 0.492839, 0.053275), (-0.728503, 0.492839, 0.053175), (-0.728403, 0.519339, 0.051275), (-0.727403, 0.520039, 0.052375), (-0.726103, 0.243379, 0.067675), (-0.726103, 0.196814, 0.067675), (-0.722503, 0.196814, 0.068475), (-0.726003, 0.311939, 0.065775), (-0.708303, 0.543239, 0.051175), (-0.711803, 0.542839, 0.051075), (-0.712403, 0.540639, 0.051875), (-0.710803, 0.539139, 0.052375), (-0.714903, 0.542139, 0.050875), (-0.717503, 0.541339, 0.050775), (-0.717403, 0.539139, 0.051775), (-0.715703, 0.538239, 0.052275), (-0.725903, 0.529939, 0.051775), (-0.726003, 0.526139, 0.052375), (-0.724503, 0.526239, 0.053075), (-0.723303, 0.529939, 0.052775), (-0.724203, 0.531639, 0.052375), (-0.725703, 0.532139, 0.051575), (-0.719703, 0.540439, 0.050775), (-0.721403, 0.539539, 0.050775), (-0.720803, 0.537439, 0.051775), (-0.719303, 0.536739, 0.052175), (-0.725303, 0.534039, 0.051375), (-0.722903, 0.532639, 0.052575), (-0.723603, 0.534339, 0.052075), (-0.724903, 0.535539, 0.051275), (-0.722703, 0.538639, 0.050875), (-0.723703, 0.537739, 0.050975), (-0.722703, 0.536039, 0.051875), (-0.721303, 0.535439, 0.052275), (-0.724403, 0.536739, 0.051075), (-0.722303, 0.534239, 0.052375), (-0.725903, 0.424239, 0.060075), (-0.722903, 0.413139, 0.061475), (-0.723803, 0.490939, 0.056775), (-0.725303, 0.492839, 0.056375), (-0.726003, 0.492839, 0.055875), (-0.726103, 0.492839, 0.055775), (-0.725903, 0.519339, 0.053775), (-0.723403, 0.522739, 0.054075), (-0.718503, 0.530139, 0.053475), (-0.720703, 0.495539, 0.056575), (-0.716003, 0.495539, 0.056675), (-0.715703, 0.495539, 0.056675), (-0.716303, 0.424339, 0.061075), (-0.718603, 0.472439, -0.000125), (-0.724303, 0.529639, -0.000125), (-0.724103, 0.531739, -0.000125), (-0.723903, 0.533339, -0.000125), (-0.723503, 0.534439, -0.000125), (-0.723203, 0.535239, -0.000125), (-0.722803, 0.535839, -0.000125), (-0.722103, 0.536539, -0.000125), (-0.721003, 0.537239, -0.000125), (-0.719403, 0.538239, -0.000125), (-0.717403, 0.539239, -0.000125), (-0.714803, 0.540239, -0.000125), (-0.711803, 0.541139, -0.000125), (-0.708303, 0.541539, -0.000125), (-0.714603, 0.196814, -0.000125), (-0.724503, 0.196814, -0.000125), (-0.724503, 0.355339, -0.000125), (-0.724503, 0.475939, -0.000125), (-0.724403, 0.520539, -0.000125), (-0.724403, 0.526239, -0.000125), (-0.694603, 0.144289, 0.068775), (-0.704603, 0.140909, 0.068775), (-0.704602, 0.084439, 0.066975), (-0.694202, 0.081639, 0.066875), (-0.686702, 0.084439, 0.066775), (-0.686803, 0.150199, 0.068475), (-0.679702, 0.022839, 0.039875), (-0.679702, 0.038339, 0.007875), (-0.679903, 0.118499, 0.057975), (-0.680103, 0.070539, 0.059275), (-0.680002, -0.005961, 0.052875), (-0.680002, -0.092661, 0.049775), (-0.679702, -0.085361, 0.042075), (-0.679702, -0.085361, 0.032575), (-0.679702, -0.085361, 0.031375), (-0.679702, -0.120161, 0.007875), (-0.679702, -0.123861, 0.031975), (-0.680002, -0.124361, 0.045375), (-0.680002, -0.128961, 0.043675), (-0.679802, -0.128861, 0.028875), (-0.679702, -0.129361, 0.007875), (-0.679702, -0.124761, 0.007875), (-0.700802, -0.153061, 0.027074), (-0.700802, -0.153061, 0.007875), (-0.697102, -0.153061, 0.007875), (-0.697302, -0.152961, 0.026975), (-0.697302, -0.152761, 0.041675), (-0.700802, -0.152861, 0.041975), (-0.704602, -0.152861, 0.042075), (-0.704602, -0.153061, 0.027175), (-0.704602, -0.153061, 0.007875), (-0.694102, -0.152661, 0.026875), (-0.694102, -0.152561, 0.007875), (-0.691102, -0.152061, 0.007875), (-0.691302, -0.152161, 0.026775), (-0.691302, -0.151961, 0.041375), (-0.694102, -0.152461, 0.041475), (-0.679902, -0.132761, 0.027775), (-0.679902, -0.132761, 0.007875), (-0.680102, -0.132661, 0.042975), (-0.680402, -0.135961, 0.042775), (-0.680202, -0.136061, 0.027675), (-0.680102, -0.136061, 0.007875), (-0.688802, -0.151361, 0.026775), (-0.688802, -0.150961, 0.007875), (-0.686602, -0.149861, 0.007875), (-0.686702, -0.150261, 0.026775), (-0.686802, -0.150161, 0.041375), (-0.688902, -0.151261, 0.041375), (-0.680602, -0.139361, 0.027475), (-0.680602, -0.139361, 0.007875), (-0.680902, -0.139161, 0.042575), (-0.681502, -0.142161, 0.042275), (-0.681302, -0.142461, 0.027275), (-0.681202, -0.142661, 0.007875), (-0.684902, -0.148961, 0.026875), (-0.684902, -0.148561, 0.007875), (-0.683302, -0.147261, 0.007875), (-0.683502, -0.147261, 0.026975), (-0.683602, -0.146961, 0.041774), (-0.685102, -0.148761, 0.041575), (-0.682302, -0.145061, 0.027175), (-0.682302, -0.144961, 0.007875), (-0.682502, -0.144761, 0.041975), (-0.680603, 0.150359, 0.064975), (-0.681803, 0.150309, 0.066375), (-0.681803, 0.084639, 0.064675), (-0.680703, 0.081939, 0.063175), (-0.700802, -0.152161, 0.048075), (-0.697302, -0.151961, 0.047775), (-0.697302, -0.150661, 0.049575), (-0.700902, -0.150961, 0.049774), (-0.704602, -0.151061, 0.049875), (-0.704602, -0.152161, 0.048175), (-0.694102, -0.151461, 0.047575), (-0.691402, -0.150861, 0.047475), (-0.691502, -0.148961, 0.049175), (-0.694202, -0.149961, 0.049374), (-0.680902, -0.132561, 0.049075), (-0.680802, -0.128861, 0.049675), (-0.681802, -0.128961, 0.051075), (-0.681902, -0.132361, 0.050475), (-0.682202, -0.135161, 0.050275), (-0.681102, -0.135661, 0.048875), (-0.689002, -0.149961, 0.047375), (-0.687002, -0.148761, 0.047475), (-0.687402, -0.146561, 0.049175), (-0.689202, -0.147761, 0.049175), (-0.681602, -0.138661, 0.048575), (-0.682602, -0.137861, 0.050075), (-0.683102, -0.140261, 0.049875), (-0.682202, -0.141461, 0.048275), (-0.685402, -0.147361, 0.047575), (-0.684102, -0.145761, 0.047775), (-0.684702, -0.143861, 0.049475), (-0.685902, -0.145261, 0.049275), (-0.683002, -0.143761, 0.048075), (-0.683802, -0.142161, 0.049674), (-0.680802, -0.030561, 0.057575), (-0.681902, -0.019361, 0.059475), (-0.681902, -0.096061, 0.054875), (-0.681202, -0.098761, 0.053975), (-0.680702, -0.098761, 0.053275), (-0.680702, -0.098761, 0.053175), (-0.680802, -0.123861, 0.051275), (-0.681802, -0.124361, 0.052375), (-0.683103, 0.150239, 0.067675), (-0.683203, 0.081739, 0.065775), (-0.700902, -0.149561, 0.051174), (-0.697402, -0.149061, 0.051075), (-0.696802, -0.146461, 0.051874), (-0.698402, -0.145061, 0.052375), (-0.704602, -0.145161, 0.052574), (-0.704602, -0.149661, 0.051174), (-0.694302, -0.147961, 0.050875), (-0.691702, -0.146661, 0.050774), (-0.691802, -0.144161, 0.051775), (-0.693502, -0.143561, 0.052274), (-0.683302, -0.132161, 0.051775), (-0.683202, -0.128761, 0.052375), (-0.684702, -0.129261, 0.053075), (-0.685902, -0.132661, 0.052775), (-0.685002, -0.134261, 0.052375), (-0.683502, -0.134661, 0.051574), (-0.689502, -0.145261, 0.050774), (-0.687802, -0.143961, 0.050774), (-0.688402, -0.141661, 0.051775), (-0.689902, -0.141261, 0.052175), (-0.683902, -0.136861, 0.051375), (-0.686302, -0.135861, 0.052575), (-0.685602, -0.137561, 0.052075), (-0.684302, -0.138761, 0.051275), (-0.686502, -0.142761, 0.050875), (-0.685502, -0.141561, 0.050975), (-0.686502, -0.139661, 0.051875), (-0.687902, -0.139361, 0.052274), (-0.684802, -0.140261, 0.051075), (-0.686902, -0.137861, 0.052375), (-0.683302, -0.030661, 0.060075), (-0.686302, -0.019461, 0.061475), (-0.685402, -0.096761, 0.056775), (-0.683902, -0.098761, 0.056375), (-0.683202, -0.098761, 0.055875), (-0.683102, -0.098761, 0.055775), (-0.683302, -0.123961, 0.053775), (-0.685802, -0.127061, 0.054075), (-0.690702, -0.134661, 0.053475), (-0.704602, -0.134461, 0.053975), (-0.688502, -0.101461, 0.056575), (-0.693202, -0.101461, 0.056675), (-0.693602, -0.101461, 0.056675), (-0.704602, -0.098561, 0.057075), (-0.692902, -0.030661, 0.061075), (-0.704602, -0.019561, 0.061775), (-0.690602, -0.077061, -0.000125), (-0.684902, -0.131861, -0.000125), (-0.685102, -0.134261, -0.000125), (-0.685302, -0.136061, -0.000125), (-0.685702, -0.137461, -0.000125), (-0.686002, -0.138461, -0.000125), (-0.686402, -0.139261, -0.000125), (-0.687102, -0.140061, -0.000125), (-0.688202, -0.141161, -0.000125), (-0.689802, -0.142561, -0.000125), (-0.691802, -0.144061, -0.000125), (-0.694402, -0.145761, -0.000125), (-0.697402, -0.147161, -0.000125), (-0.700902, -0.147761, -0.000125), (-0.704602, -0.148061, -0.000126), (-0.704602, 0.024439, -0.000125), (-0.684702, 0.038339, -0.000125), (-0.684702, -0.081661, -0.000125), (-0.684802, -0.124661, -0.000125), (-0.684802, -0.128761, -0.000125), (-0.714603, 0.144289, 0.068775), (-0.722403, 0.150199, 0.068475), (-0.722503, 0.084439, 0.066775), (-0.715002, 0.081639, 0.066875), (-0.729502, 0.022839, 0.039875), (-0.729502, 0.038339, 0.007875), (-0.729502, -0.120161, 0.007875), (-0.729502, -0.086161, 0.031374), (-0.729502, -0.086161, 0.032575), (-0.729502, -0.086161, 0.042075), (-0.729202, -0.093161, 0.049775), (-0.729202, -0.005961, 0.052875), (-0.729102, 0.070539, 0.059275), (-0.729303, 0.118499, 0.057975), (-0.729502, -0.126861, 0.031975), (-0.729402, -0.135061, 0.028874), (-0.729202, -0.132761, 0.043674), (-0.729202, -0.126361, 0.045374), (-0.729502, -0.130261, 0.007875), (-0.729502, -0.140261, 0.007874), (-0.708402, -0.153061, 0.027074), (-0.711902, -0.153061, 0.026975), (-0.712102, -0.153061, 0.007875), (-0.708402, -0.153061, 0.007875), (-0.708402, -0.152861, 0.041974), (-0.711902, -0.152761, 0.041675), (-0.715102, -0.152861, 0.026874), (-0.717902, -0.152661, 0.026774), (-0.718102, -0.152761, 0.007874), (-0.715102, -0.152961, 0.007875), (-0.715102, -0.152561, 0.041474), (-0.717902, -0.152161, 0.041375), (-0.729302, -0.139561, 0.027774), (-0.729302, -0.142561, 0.007874), (-0.729102, -0.144961, 0.007874), (-0.729002, -0.142061, 0.027674), (-0.728802, -0.139661, 0.042775), (-0.729102, -0.136861, 0.042975), (-0.720402, -0.152161, 0.026774), (-0.722502, -0.151461, 0.026774), (-0.722602, -0.152061, 0.007874), (-0.720402, -0.152461, 0.007874), (-0.720302, -0.151461, 0.041375), (-0.722402, -0.150561, 0.041375), (-0.728602, -0.144461, 0.027474), (-0.728602, -0.146661, 0.007874), (-0.728002, -0.148361, 0.007874), (-0.727902, -0.146461, 0.027274), (-0.727702, -0.144661, 0.042274), (-0.728302, -0.142361, 0.042574), (-0.724302, -0.150661, 0.026874), (-0.725702, -0.149561, 0.026974), (-0.725902, -0.150661, 0.007874), (-0.724302, -0.151361, 0.007874), (-0.724102, -0.149561, 0.041574), (-0.725602, -0.148261, 0.041774), (-0.726902, -0.148161, 0.027174), (-0.726902, -0.149561, 0.007874), (-0.726702, -0.146661, 0.041974), (-0.728603, 0.150359, 0.064975), (-0.728503, 0.081939, 0.063175), (-0.727403, 0.084639, 0.064675), (-0.727403, 0.150309, 0.066375), (-0.708402, -0.152161, 0.048074), (-0.711902, -0.151961, 0.047775), (-0.708302, -0.150961, 0.049774), (-0.711902, -0.150661, 0.049575), (-0.715102, -0.151461, 0.047574), (-0.717802, -0.150861, 0.047475), (-0.715002, -0.149961, 0.049374), (-0.717702, -0.148961, 0.049174), (-0.728302, -0.134961, 0.049074), (-0.728402, -0.131061, 0.049674), (-0.728102, -0.137761, 0.048874), (-0.727002, -0.136361, 0.050275), (-0.727302, -0.133661, 0.050474), (-0.727402, -0.130161, 0.051075), (-0.720202, -0.149961, 0.047374), (-0.722202, -0.148861, 0.047475), (-0.720002, -0.147761, 0.049174), (-0.721802, -0.146561, 0.049174), (-0.727602, -0.140461, 0.048574), (-0.727002, -0.142761, 0.048274), (-0.726102, -0.140861, 0.049875), (-0.726602, -0.138761, 0.050074), (-0.723802, -0.147661, 0.047574), (-0.725102, -0.146361, 0.047774), (-0.723302, -0.145361, 0.049274), (-0.724502, -0.144061, 0.049474), (-0.726202, -0.144761, 0.048074), (-0.725402, -0.142661, 0.049674), (-0.728402, -0.030561, 0.057575), (-0.728502, -0.098961, 0.053174), (-0.728502, -0.098961, 0.053274), (-0.728002, -0.098961, 0.053975), (-0.727302, -0.096261, 0.054875), (-0.727302, -0.019361, 0.059475), (-0.728402, -0.124961, 0.051274), (-0.727402, -0.125061, 0.052374), (-0.726103, 0.150239, 0.067675), (-0.726003, 0.081739, 0.065775), (-0.708302, -0.149561, 0.051174), (-0.711802, -0.149061, 0.051075), (-0.710802, -0.145061, 0.052374), (-0.712402, -0.146461, 0.051874), (-0.714902, -0.147961, 0.050874), (-0.717502, -0.146661, 0.050774), (-0.715702, -0.143561, 0.052274), (-0.717402, -0.144161, 0.051775), (-0.725902, -0.132661, 0.051775), (-0.726002, -0.129261, 0.052375), (-0.725702, -0.135061, 0.051574), (-0.724202, -0.134461, 0.052375), (-0.723302, -0.132761, 0.052775), (-0.724502, -0.129461, 0.053075), (-0.719702, -0.145261, 0.050774), (-0.721402, -0.143961, 0.050774), (-0.719302, -0.141261, 0.052175), (-0.720802, -0.141661, 0.051774), (-0.725302, -0.137261, 0.051375), (-0.724902, -0.139061, 0.051274), (-0.723602, -0.137661, 0.052074), (-0.722902, -0.135861, 0.052575), (-0.722702, -0.142761, 0.050874), (-0.723702, -0.141561, 0.050974), (-0.721302, -0.139361, 0.052275), (-0.722702, -0.139761, 0.051874), (-0.724402, -0.140461, 0.051074), (-0.722302, -0.137861, 0.052374), (-0.725902, -0.030661, 0.060075), (-0.726102, -0.098861, 0.055774), (-0.726002, -0.098861, 0.055875), (-0.725302, -0.098861, 0.056374), (-0.723802, -0.096761, 0.056775), (-0.722902, -0.019461, 0.061475), (-0.725902, -0.124161, 0.053774), (-0.723402, -0.127161, 0.054074), (-0.718502, -0.134661, 0.053474), (-0.715702, -0.101461, 0.056675), (-0.716002, -0.101461, 0.056675), (-0.720702, -0.101461, 0.056574), (-0.716302, -0.030661, 0.061075), (-0.718602, -0.081261, -0.000125), (-0.723902, -0.144861, -0.000126), (-0.724102, -0.143661, -0.000126), (-0.724302, -0.142061, -0.000126), (-0.724402, -0.138061, -0.000126), (-0.724402, -0.130161, -0.000125), (-0.724502, -0.083061, -0.000125), (-0.724502, 0.038339, -0.000125), (-0.708302, -0.148061, -0.000126), (-0.711802, -0.147961, -0.000126), (-0.714802, -0.147861, -0.000126), (-0.717402, -0.147761, -0.000126), (-0.719402, -0.147461, -0.000126), (-0.721002, -0.147161, -0.000126), (-0.722102, -0.146861, -0.000126), (-0.722802, -0.146461, -0.000126), (-0.723202, -0.146161, -0.000126), (-0.723502, -0.145661, -0.000126), (-0.682203, 0.355339, 0.007875), (-0.682203, 0.513839, 0.007875), (-0.682203, 0.196814, 0.007875), (-0.684703, 0.196814, 0.007875), (-0.684703, 0.355339, 0.007875), (-0.684703, 0.513839, 0.007875), (-0.700903, 0.544139, 0.007875), (-0.704603, 0.544139, 0.007875), (-0.697103, 0.544039, 0.007875), (-0.697203, 0.541339, 0.007875), (-0.700903, 0.541539, 0.007875), (-0.704603, 0.541639, 0.007875), (-0.694203, 0.543339, 0.007875), (-0.691303, 0.542539, 0.007875), (-0.691603, 0.539139, 0.007875), (-0.694403, 0.540239, 0.007875), (-0.682403, 0.530039, 0.007875), (-0.682603, 0.532739, 0.007875), (-0.682203, 0.527439, 0.007875), (-0.684803, 0.527339, 0.007875), (-0.684903, 0.529639, 0.007875), (-0.685003, 0.532039, 0.007875), (-0.689303, 0.541639, 0.007875), (-0.687303, 0.540839, 0.007875), (-0.688003, 0.537239, 0.007875), (-0.689803, 0.538239, 0.007875), (-0.683003, 0.534639, 0.007875), (-0.683403, 0.536639, 0.007875), (-0.685303, 0.533339, 0.007875), (-0.685603, 0.534639, 0.007875), (-0.686003, 0.539939, 0.007875), (-0.684803, 0.539039, 0.007875), (-0.686303, 0.535839, 0.007875), (-0.687103, 0.536539, 0.007875), (-0.684103, 0.537839, 0.007875), (-0.686003, 0.535239, 0.007875), (-0.682203, 0.520639, 0.007875), (-0.684803, 0.520539, 0.007875), (-0.727003, 0.355339, 0.007875), (-0.727003, 0.196814, 0.007875), (-0.727003, 0.513839, 0.007875), (-0.724503, 0.513839, 0.007875), (-0.724503, 0.355339, 0.007875), (-0.724503, 0.196814, 0.007875), (-0.708303, 0.544139, 0.007875), (-0.712103, 0.544039, 0.007875), (-0.708303, 0.541539, 0.007875), (-0.712003, 0.541339, 0.007875), (-0.715003, 0.543339, 0.007875), (-0.717903, 0.542539, 0.007875), (-0.714803, 0.540239, 0.007875), (-0.717603, 0.539139, 0.007875), (-0.726803, 0.530039, 0.007875), (-0.727003, 0.527439, 0.007875), (-0.726603, 0.532739, 0.007875), (-0.724203, 0.532039, 0.007875), (-0.724303, 0.529639, 0.007875), (-0.724403, 0.527339, 0.007875), (-0.719903, 0.541639, 0.007875), (-0.721903, 0.540839, 0.007875), (-0.719403, 0.538239, 0.007875), (-0.721203, 0.537239, 0.007875), (-0.726203, 0.534639, 0.007875), (-0.725803, 0.536639, 0.007875), (-0.723603, 0.534639, 0.007875), (-0.723903, 0.533339, 0.007875), (-0.723203, 0.539939, 0.007875), (-0.724403, 0.539039, 0.007875), (-0.722103, 0.536539, 0.007875), (-0.722903, 0.535839, 0.007875), (-0.725103, 0.537839, 0.007875), (-0.723203, 0.535239, 0.007875), (-0.727003, 0.520639, 0.007875), (-0.724403, 0.520539, 0.007875), (-0.682202, 0.038339, 0.007875), (-0.682202, -0.120161, 0.007875), (-0.684702, -0.120161, 0.007875), (-0.684702, 0.038339, 0.007875), (-0.700902, -0.150461, 0.007875), (-0.697102, -0.150261, 0.007875), (-0.704602, -0.150561, 0.007875), (-0.704602, -0.148061, 0.007875), (-0.700902, -0.147761, 0.007875), (-0.697202, -0.147461, 0.007875), (-0.694202, -0.149161, 0.007875), (-0.691302, -0.147961, 0.007875), (-0.694402, -0.145761, 0.007875), (-0.691602, -0.143961, 0.007875), (-0.682402, -0.132261, 0.007875), (-0.682202, -0.129261, 0.007875), (-0.682602, -0.135261, 0.007875), (-0.685002, -0.134461, 0.007875), (-0.684902, -0.131861, 0.007875), (-0.684802, -0.129161, 0.007875), (-0.689302, -0.146761, 0.007875), (-0.687302, -0.145461, 0.007875), (-0.689802, -0.142561, 0.007875), (-0.688002, -0.141061, 0.007875), (-0.683002, -0.137761, 0.007875), (-0.683402, -0.140161, 0.007875), (-0.685602, -0.137661, 0.007875), (-0.685302, -0.136061, 0.007875), (-0.686002, -0.144361, 0.007875), (-0.684802, -0.143161, 0.007875), (-0.687102, -0.140061, 0.007875), (-0.686302, -0.139161, 0.007875), (-0.684102, -0.141661, 0.007875), (-0.686002, -0.138461, 0.007875), (-0.682202, -0.124761, 0.007875), (-0.684802, -0.124661, 0.007875), (-0.727002, 0.038339, 0.007875), (-0.727002, -0.120161, 0.007875), (-0.724502, 0.038339, 0.007875), (-0.724502, -0.120161, 0.007875), (-0.708302, -0.150561, 0.007875), (-0.712102, -0.150561, 0.007875), (-0.712002, -0.148061, 0.007875), (-0.708302, -0.148061, 0.007875), (-0.715002, -0.150461, 0.007875), (-0.717902, -0.150261, 0.007874), (-0.717602, -0.147761, 0.007874), (-0.714802, -0.147861, 0.007874), (-0.726802, -0.142261, 0.007874), (-0.726602, -0.144461, 0.007874), (-0.727002, -0.140161, 0.007875), (-0.724402, -0.140061, 0.007874), (-0.724302, -0.142061, 0.007874), (-0.724202, -0.143961, 0.007874), (-0.719902, -0.149961, 0.007874), (-0.721902, -0.149661, 0.007874), (-0.721202, -0.147261, 0.007874), (-0.719402, -0.147461, 0.007874), (-0.726202, -0.145761, 0.007874), (-0.725802, -0.147061, 0.007874), (-0.723902, -0.144861, 0.007874), (-0.723602, -0.145761, 0.007874), (-0.723202, -0.149161, 0.007874), (-0.724402, -0.148561, 0.007874), (-0.722902, -0.146461, 0.007874), (-0.722102, -0.146861, 0.007874), (-0.725102, -0.147861, 0.007874), (-0.723202, -0.146161, 0.007874), (-0.727002, -0.130161, 0.007875), (-0.724402, -0.130161, 0.007875), (-0.700903, 0.541539, 0.003875), (-0.704603, 0.541539, 0.003875), (-0.697403, 0.541139, 0.003875), (-0.694403, 0.540239, 0.003875), (-0.691803, 0.539239, 0.003875), (-0.689803, 0.538239, 0.003875), (-0.688203, 0.537239, 0.003875), (-0.687103, 0.536539, 0.003875), (-0.686403, 0.535839, 0.003875), (-0.686003, 0.535239, 0.003875), (-0.685703, 0.534439, 0.003875), (-0.685303, 0.533339, 0.003875), (-0.685103, 0.531739, 0.003875), (-0.684903, 0.529639, 0.003875), (-0.684803, 0.526239, 0.003875), (-0.684803, 0.520539, 0.003875), (-0.684703, 0.475939, 0.003875), (-0.684703, 0.355339, 0.003875), (-0.684703, 0.196814, 0.003875), (-0.714803, 0.540239, 0.003875), (-0.717403, 0.539239, 0.003875), (-0.711803, 0.541139, 0.003875), (-0.708303, 0.541539, 0.003875), (-0.722103, 0.536539, 0.003875), (-0.722803, 0.535839, 0.003875), (-0.721003, 0.537239, 0.003875), (-0.719403, 0.538239, 0.003875), (-0.723903, 0.533339, 0.003875), (-0.724103, 0.531739, 0.003875), (-0.723503, 0.534439, 0.003875), (-0.723203, 0.535239, 0.003875), (-0.724403, 0.520539, 0.003875), (-0.724503, 0.475939, 0.003875), (-0.724403, 0.526239, 0.003875), (-0.724303, 0.529639, 0.003875), (-0.724503, 0.355339, 0.003875), (-0.724503, 0.196814, 0.003875), (-0.694402, -0.145761, 0.003875), (-0.691802, -0.144061, 0.003875), (-0.697402, -0.147161, 0.003875), (-0.700902, -0.147761, 0.003875), (-0.704602, -0.147961, 0.003874), (-0.687102, -0.140061, 0.003875), (-0.686402, -0.139261, 0.003875), (-0.688202, -0.141161, 0.003875), (-0.689802, -0.142561, 0.003875), (-0.685302, -0.136061, 0.003875), (-0.685102, -0.134261, 0.003875), (-0.685702, -0.137461, 0.003875), (-0.686002, -0.138461, 0.003875), (-0.684802, -0.124661, 0.003875), (-0.684702, -0.081661, 0.003875), (-0.684802, -0.128761, 0.003875), (-0.684902, -0.131861, 0.003875), (-0.684702, 0.038339, 0.003875), (-0.708302, -0.148061, 0.003874), (-0.711802, -0.147961, 0.003874), (-0.714802, -0.147861, 0.003874), (-0.717402, -0.147761, 0.003874), (-0.719402, -0.147461, 0.003874), (-0.721002, -0.147161, 0.003874), (-0.722102, -0.146861, 0.003874), (-0.722802, -0.146461, 0.003874), (-0.723202, -0.146161, 0.003874), (-0.723502, -0.145661, 0.003874), (-0.723902, -0.144861, 0.003874), (-0.724102, -0.143661, 0.003874), (-0.724302, -0.142061, 0.003874), (-0.724402, -0.138061, 0.003875), (-0.724402, -0.130161, 0.003875), (-0.724502, -0.083061, 0.003875), (-0.724502, 0.038339, 0.003875), (-0.704603, 0.247899, 0.071775), (-0.710003, 0.247019, 0.071775), (-0.710003, 0.247019, 0.078975), (-0.704603, 0.247899, 0.078975), (-0.714803, 0.244469, 0.071775), (-0.714803, 0.244469, 0.078975), (-0.718403, 0.240569, 0.071775), (-0.718403, 0.240569, 0.078975), (-0.720203, 0.235779, 0.071775), (-0.720203, 0.235779, 0.078975), (-0.720203, 0.157229, 0.071775), (-0.720203, 0.157229, 0.078975), (-0.718403, 0.152439, 0.071775), (-0.718403, 0.152439, 0.078975), (-0.714803, 0.148539, 0.071775), (-0.714803, 0.148539, 0.078975), (-0.710003, 0.145989, 0.071775), (-0.710003, 0.145989, 0.078975), (-0.704603, 0.145109, 0.071775), (-0.704603, 0.145109, 0.078975), (-0.699203, 0.145989, 0.071775), (-0.699203, 0.145989, 0.078975), (-0.694403, 0.148539, 0.071775), (-0.694403, 0.148539, 0.078975), (-0.690803, 0.152439, 0.071775), (-0.690803, 0.152439, 0.078975), (-0.689003, 0.157229, 0.071775), (-0.689003, 0.157229, 0.078975), (-0.689003, 0.235779, 0.071775), (-0.689003, 0.235779, 0.078975), (-0.690803, 0.240569, 0.071775), (-0.690803, 0.240569, 0.078975), (-0.694403, 0.244469, 0.071775), (-0.694403, 0.244469, 0.078975), (-0.699203, 0.247019, 0.071775), (-0.699203, 0.247019, 0.078975), (-0.689003, 0.243199, 0.069575), (-0.692503, 0.246339, 0.069675), (-0.694703, 0.248069, 0.069775), (-0.697803, 0.249259, 0.069775), (-0.702303, 0.250829, 0.069775), (-0.705103, 0.251139, 0.069775), (-0.709003, 0.250079, 0.069775), (-0.712803, 0.248859, 0.069775), (-0.715403, 0.247429, 0.069775), (-0.719003, 0.244589, 0.069675), (-0.721303, 0.242699, 0.069575), (-0.721603, 0.240009, 0.069575), (-0.721903, 0.217319, 0.069575), (-0.721903, 0.174979, 0.069575), (-0.721803, 0.152259, 0.069575), (-0.720203, 0.150219, 0.069575), (-0.716703, 0.147079, 0.069675), (-0.714503, 0.145349, 0.069775), (-0.711403, 0.144159, 0.069775), (-0.706903, 0.142589, 0.069775), (-0.704103, 0.142279, 0.069775), (-0.700203, 0.143339, 0.069775), (-0.696403, 0.144569, 0.069775), (-0.693803, 0.145999, 0.069775), (-0.690203, 0.148829, 0.069675), (-0.687903, 0.150729, 0.069575), (-0.687603, 0.153409, 0.069575), (-0.687303, 0.176099, 0.069575), (-0.687303, 0.218439, 0.069575), (-0.687403, 0.241169, 0.069575), (-0.689703, 0.240229, 0.070675), (-0.692403, 0.243739, 0.070775), (-0.694403, 0.245609, 0.070775), (-0.697103, 0.247009, 0.070775), (-0.701403, 0.248569, 0.070775), (-0.704103, 0.248959, 0.070775), (-0.707903, 0.248409, 0.070775), (-0.711603, 0.247379, 0.070775), (-0.714003, 0.246049, 0.070775), (-0.717403, 0.243269, 0.070675), (-0.719403, 0.241269, 0.070675), (-0.720103, 0.238769, 0.070675), (-0.720803, 0.217239, 0.070675), (-0.720803, 0.176889, 0.070675), (-0.720703, 0.155249, 0.070675), (-0.719503, 0.152979, 0.070675), (-0.716803, 0.149479, 0.070775), (-0.714803, 0.147599, 0.070775), (-0.712103, 0.146209, 0.070775), (-0.707803, 0.144649, 0.070775), (-0.705103, 0.144249, 0.070775), (-0.701303, 0.144809, 0.070775), (-0.697603, 0.145829, 0.070775), (-0.695203, 0.147159, 0.070775), (-0.691803, 0.149939, 0.070675), (-0.689803, 0.151949, 0.070675), (-0.689103, 0.154439, 0.070675), (-0.688403, 0.175979, 0.070675), (-0.688403, 0.216329, 0.070675), (-0.688503, 0.237959, 0.070675), (-0.720403, -0.055162, 0.682275), (-0.720403, -0.055162, 0.653525), (-0.688803, -0.055162, 0.653525), (-0.688803, -0.055162, 0.682275), (-0.720403, -0.054962, 0.652485), (-0.688803, -0.054962, 0.652485), (-0.720403, -0.054462, 0.651545), (-0.688803, -0.054462, 0.651545), (-0.720403, -0.053562, 0.650725), (-0.688803, -0.053562, 0.650725), (-0.720403, -0.052462, 0.650035), (-0.688803, -0.052462, 0.650035), (-0.720403, -0.051162, 0.649485), (-0.688803, -0.051162, 0.649485), (-0.720403, -0.049862, 0.649074), (-0.688803, -0.049862, 0.649075), (-0.720403, -0.048462, 0.648825), (-0.688803, -0.048462, 0.648825), (-0.720403, 0.146258, 0.635405), (-0.688803, 0.146258, 0.635405), (-0.720403, 0.196813, 0.635405), (-0.688803, 0.196813, 0.635405), (-0.720404, 0.196813, 0.683475), (-0.720403, -0.053962, 0.683474), (-0.688803, -0.053962, 0.683475), (-0.688804, 0.196813, 0.683475), (-0.721604, 0.196813, 0.636605), (-0.721603, -0.053962, 0.682274), (-0.721604, 0.196813, 0.682275), (-0.721603, 0.146308, 0.636605), (-0.721603, -0.048262, 0.650015), (-0.721603, -0.054562, 0.653575), (-0.721603, -0.049562, 0.650245), (-0.721603, -0.050762, 0.650605), (-0.721603, -0.051862, 0.651105), (-0.721603, -0.052862, 0.651665), (-0.721603, -0.053962, 0.651965), (-0.721603, -0.054462, 0.652695), (-0.687604, 0.196813, 0.636605), (-0.687604, 0.196813, 0.682275), (-0.687603, -0.053962, 0.682275), (-0.687603, 0.146308, 0.636605), (-0.687603, -0.048262, 0.650015), (-0.687603, -0.054562, 0.653575), (-0.687603, -0.049562, 0.650245), (-0.687603, -0.050762, 0.650605), (-0.687603, -0.051862, 0.651105), (-0.687603, -0.052862, 0.651665), (-0.687603, -0.053962, 0.651965), (-0.687603, -0.054462, 0.652695), (-0.720404, 0.448838, 0.682275), (-0.688804, 0.448838, 0.653525), (-0.720404, 0.448838, 0.653525), (-0.688804, 0.448838, 0.682275), (-0.688804, 0.448638, 0.652485), (-0.720404, 0.448638, 0.652485), (-0.688804, 0.448038, 0.651545), (-0.720404, 0.448038, 0.651545), (-0.688804, 0.447138, 0.650725), (-0.720404, 0.447138, 0.650725), (-0.688804, 0.446038, 0.650035), (-0.720404, 0.446038, 0.650035), (-0.688804, 0.444838, 0.649485), (-0.720404, 0.444838, 0.649485), (-0.688804, 0.443438, 0.649075), (-0.720404, 0.443438, 0.649075), (-0.688804, 0.442038, 0.648825), (-0.720404, 0.442038, 0.648825), (-0.688803, 0.247368, 0.635405), (-0.720403, 0.247368, 0.635405), (-0.688804, 0.447638, 0.683475), (-0.720404, 0.447638, 0.683475), (-0.721604, 0.447638, 0.682275), (-0.721604, 0.247318, 0.636605), (-0.721604, 0.441938, 0.650015), (-0.721604, 0.448238, 0.653575), (-0.721604, 0.443138, 0.650245), (-0.721604, 0.444338, 0.650605), (-0.721604, 0.445538, 0.651105), (-0.721604, 0.446538, 0.651665), (-0.721604, 0.447638, 0.651965), (-0.721604, 0.448038, 0.652695), (-0.687604, 0.447638, 0.682275), (-0.687604, 0.247318, 0.636605), (-0.687604, 0.441938, 0.650015), (-0.687604, 0.448238, 0.653575), (-0.687604, 0.443138, 0.650245), (-0.687604, 0.444338, 0.650605), (-0.687604, 0.445538, 0.651105), (-0.687604, 0.446538, 0.651665), (-0.687604, 0.447638, 0.651965), (-0.687604, 0.448038, 0.652695), (-0.720603, -0.055062, 0.682616), (-0.720703, -0.054162, 0.683333), (-0.721503, -0.054262, 0.682475), (-0.687703, -0.054162, 0.682616), (-0.688603, -0.054262, 0.683333), (-0.688503, -0.055062, 0.682475), (-0.721504, 0.447838, 0.682616), (-0.720604, 0.447938, 0.683333), (-0.720704, 0.448638, 0.682475), (-0.688504, 0.447838, 0.683333), (-0.687704, 0.447938, 0.682475), (-0.688604, 0.448638, 0.682616), (-0.720703, -0.055062, 0.682475), (-0.720803, -0.055062, 0.653535), (-0.721403, -0.054862, 0.653554), (-0.687703, -0.054262, 0.682475), (-0.687803, -0.054862, 0.653555), (-0.688403, -0.055062, 0.653535), (-0.720603, -0.054262, 0.683333), (-0.688603, -0.055062, 0.682616), (-0.720803, -0.054962, 0.652514), (-0.721403, -0.054662, 0.652595), (-0.687803, -0.054662, 0.652595), (-0.688403, -0.054962, 0.652515), (-0.720803, -0.054362, 0.651595), (-0.721403, -0.054162, 0.651745), (-0.687803, -0.054162, 0.651745), (-0.688403, -0.054362, 0.651595), (-0.720703, -0.053462, 0.650835), (-0.721503, -0.053062, 0.651365), (-0.687703, -0.053062, 0.651365), (-0.688503, -0.053462, 0.650835), (-0.720703, -0.052362, 0.650165), (-0.721503, -0.052062, 0.650795), (-0.687703, -0.052062, 0.650795), (-0.688503, -0.052362, 0.650165), (-0.720703, -0.051162, 0.649615), (-0.721503, -0.050862, 0.650285), (-0.687703, -0.050862, 0.650285), (-0.688503, -0.051162, 0.649615), (-0.720703, -0.049762, 0.649215), (-0.721503, -0.049662, 0.649904), (-0.687703, -0.049662, 0.649905), (-0.688503, -0.049762, 0.649215), (-0.720703, -0.048462, 0.648964), (-0.721503, -0.048362, 0.649675), (-0.687703, -0.048362, 0.649675), (-0.688503, -0.048462, 0.648965), (-0.720703, 0.146268, 0.635545), (-0.721503, 0.146288, 0.636255), (-0.687703, 0.146288, 0.636255), (-0.688503, 0.146268, 0.635545), (-0.720703, 0.196813, 0.635545), (-0.721503, 0.196813, 0.636255), (-0.687703, 0.196813, 0.636255), (-0.688503, 0.196813, 0.635545), (-0.721503, -0.054162, 0.682616), (-0.721504, 0.196813, 0.682616), (-0.720704, 0.196813, 0.683333), (-0.688503, -0.054162, 0.683333), (-0.688504, 0.196813, 0.683333), (-0.687704, 0.196813, 0.682616), (-0.721504, 0.447938, 0.682475), (-0.721404, 0.448438, 0.653555), (-0.720804, 0.448738, 0.653535), (-0.720604, 0.448638, 0.682616), (-0.688604, 0.447938, 0.683333), (-0.688504, 0.448638, 0.682475), (-0.688404, 0.448738, 0.653535), (-0.687804, 0.448438, 0.653555), (-0.721404, 0.448338, 0.652595), (-0.720804, 0.448538, 0.652515), (-0.688404, 0.448538, 0.652515), (-0.687804, 0.448338, 0.652595), (-0.721404, 0.447838, 0.651745), (-0.720804, 0.448038, 0.651595), (-0.688404, 0.448038, 0.651595), (-0.687804, 0.447838, 0.651745), (-0.721504, 0.446638, 0.651365), (-0.720704, 0.447038, 0.650835), (-0.688504, 0.447038, 0.650835), (-0.687704, 0.446638, 0.651365), (-0.721504, 0.445638, 0.650795), (-0.720704, 0.446038, 0.650165), (-0.688504, 0.446038, 0.650165), (-0.687704, 0.445638, 0.650795), (-0.721504, 0.444538, 0.650285), (-0.720704, 0.444738, 0.649615), (-0.688504, 0.444738, 0.649615), (-0.687704, 0.444538, 0.650285), (-0.721504, 0.443238, 0.649905), (-0.720704, 0.443438, 0.649215), (-0.688504, 0.443438, 0.649215), (-0.687704, 0.443238, 0.649905), (-0.721504, 0.441938, 0.649675), (-0.720704, 0.442038, 0.648965), (-0.688504, 0.442038, 0.648965), (-0.687704, 0.441938, 0.649675), (-0.721503, 0.247338, 0.636255), (-0.720703, 0.247358, 0.635545), (-0.688503, 0.247358, 0.635545), (-0.687703, 0.247338, 0.636255), (-0.720704, 0.447838, 0.683333), (-0.687704, 0.447838, 0.682616), (0.720397, 0.197411, 0.072177), (0.715597, 0.2455, 0.072177), (0.720397, 0.24636, 0.072177), (0.711297, 0.24305, 0.072177), (0.708197, 0.23928, 0.072177), (0.706497, 0.23467, 0.072177), (0.706497, 0.15896, 0.072177), (0.708197, 0.15434, 0.072177), (0.711297, 0.15058, 0.072177), (0.715597, 0.14813, 0.072177), (0.720397, 0.14727, 0.072177), (0.725197, 0.14813, 0.072177), (0.729497, 0.15058, 0.072177), (0.732597, 0.15434, 0.072177), (0.734297, 0.15896, 0.072177), (0.734297, 0.23467, 0.072177), (0.732597, 0.23928, 0.072177), (0.729497, 0.24305, 0.072177), (0.725197, 0.2455, 0.072177), (0.715596, 0.2455, 0.634367), (0.720397, 0.24636, 0.634367), (0.711297, 0.24305, 0.634367), (0.708196, 0.23928, 0.634367), (0.706497, 0.23467, 0.634367), (0.706497, 0.15896, 0.634367), (0.708197, 0.15434, 0.634367), (0.711297, 0.15058, 0.634367), (0.715597, 0.14813, 0.634367), (0.720397, 0.14727, 0.634367), (0.725197, 0.14813, 0.634367), (0.729497, 0.15058, 0.634367), (0.732597, 0.15434, 0.634367), (0.734297, 0.15896, 0.634367), (0.734297, 0.23467, 0.634367), (0.732596, 0.23928, 0.634367), (0.729496, 0.24305, 0.634367), (0.725197, 0.2455, 0.634367), (0.720397, 0.197411, 0.634367)]
            uniform token subdivisionScheme = "none"
        }
    }
    def Scope "collisions"
    {
        def Mesh "collision_0" (
            prepend apiSchemas = ["PhysicsCollisionAPI", "PhysicsMeshCollisionAPI"]
        )
        {
            uniform token physics:approximation = "none"
            uniform token purpose = "guide"
            int[] faceVertexCounts = [3, 3, 3, 3, 3, 3, 3, 3, 3, 3, 3, 3, 3, 3, 3, 3, 3, 3, 3, 3, 3, 3, 3, 3, 3, 3, 3, 3, 3, 3, 3, 3, 3, 3, 3, 3, 3, 3, 3, 3, 3, 3, 3, 3, 3, 3, 3, 3, 3, 3, 3, 3, 3, 3, 3, 3, 3, 3, 3, 3, 3, 3, 3, 3, 3, 3, 3, 3, 3, 3, 3, 3, 3, 3, 3, 3, 3, 3, 3, 3, 3, 3, 3, 3, 3, 3, 3, 3, 3, 3, 3, 3, 3, 3, 3, 3, 3, 3, 3, 3, 3, 3, 3, 3, 3, 3, 3, 3, 3, 3, 3, 3, 3, 3, 3, 3, 3, 3, 3, 3, 3, 3, 3, 3, 3, 3, 3, 3, 3, 3, 3, 3, 3, 3, 3, 3, 3, 3, 3, 3, 3, 3, 3, 3, 3, 3, 3, 3, 3, 3, 3, 3, 3, 3, 3, 3, 3, 3, 3, 3, 3, 3, 3, 3, 3, 3, 3, 3, 3, 3, 3, 3, 3, 3, 3, 3, 3, 3, 3, 3, 3, 3, 3, 3, 3, 3, 3, 3, 3, 3, 3, 3, 3, 3, 3, 3, 3, 3, 3, 3, 3, 3, 3, 3, 3, 3, 3, 3, 3, 3, 3, 3, 3, 3, 3, 3, 3, 3, 3, 3, 3, 3, 3, 3, 3, 3, 3, 3, 3, 3, 3, 3, 3, 3, 3, 3, 3, 3, 3, 3, 3, 3, 3, 3, 3, 3, 3, 3, 3, 3, 3, 3, 3, 3, 3, 3, 3, 3, 3, 3, 3, 3, 3, 3, 3, 3, 3, 3, 3, 3, 3, 3, 3, 3, 3, 3, 3, 3, 3, 3, 3, 3, 3, 3, 3, 3, 3, 3, 3, 3, 3, 3, 3, 3, 3, 3, 3, 3, 3, 3, 3, 3, 3, 3, 3, 3, 3, 3, 3, 3, 3, 3, 3, 3, 3, 3, 3, 3, 3, 3, 3, 3, 3, 3, 3, 3, 3, 3, 3, 3, 3, 3, 3, 3, 3, 3, 3, 3, 3, 3, 3, 3, 3, 3, 3, 3, 3, 3, 3, 3, 3, 3, 3, 3, 3, 3, 3, 3, 3, 3, 3, 3, 3, 3, 3, 3, 3, 3, 3, 3, 3, 3, 3, 3, 3, 3, 3, 3, 3, 3, 3, 3, 3, 3, 3, 3, 3, 3, 3, 3, 3, 3, 3, 3, 3, 3, 3, 3, 3, 3, 3, 3, 3, 3, 3, 3, 3, 3, 3, 3, 3, 3, 3, 3, 3, 3, 3, 3, 3, 3, 3, 3, 3, 3, 3, 3, 3, 3, 3, 3, 3, 3, 3, 3, 3, 3, 3, 3, 3, 3, 3, 3, 3, 3, 3, 3, 3, 3, 3, 3, 3, 3, 3, 3, 3, 3, 3, 3, 3, 3, 3, 3, 3, 3, 3, 3, 3, 3, 3, 3, 3, 3, 3, 3, 3, 3, 3, 3, 3, 3, 3, 3, 3, 3, 3, 3, 3, 3, 3, 3, 3, 3, 3, 3, 3, 3, 3, 3, 3, 3, 3, 3, 3, 3, 3, 3, 3, 3, 3, 3, 3, 3, 3, 3, 3, 3, 3, 3, 3, 3, 3, 3, 3, 3, 3, 3, 3, 3, 3, 3, 3, 3, 3, 3, 3, 3, 3, 3, 3, 3, 3, 3, 3, 3, 3, 3, 3, 3, 3, 3, 3, 3, 3, 3, 3, 3, 3, 3, 3, 3, 3, 3, 3, 3, 3, 3, 3, 3, 3, 3, 3, 3, 3, 3, 3, 3, 3, 3, 3, 3, 3, 3, 3, 3, 3, 3, 3, 3, 3, 3, 3, 3, 3, 3, 3, 3, 3, 3, 3, 3, 3, 3, 3, 3, 3, 3, 3, 3, 3, 3, 3, 3, 3, 3, 3, 3, 3, 3, 3, 3, 3, 3, 3, 3, 3, 3, 3, 3, 3, 3, 3, 3, 3, 3, 3, 3, 3, 3, 3, 3, 3, 3, 3, 3, 3, 3, 3, 3, 3, 3, 3, 3, 3, 3, 3, 3, 3, 3, 3, 3, 3, 3, 3, 3, 3, 3, 3, 3, 3, 3, 3, 3, 3, 3, 3, 3, 3, 3, 3, 3, 3, 3, 3, 3, 3, 3, 3, 3, 3, 3, 3, 3, 3, 3, 3, 3, 3, 3, 3, 3, 3, 3, 3, 3, 3, 3, 3, 3, 3, 3, 3, 3, 3, 3, 3, 3, 3, 3, 3, 3, 3, 3, 3, 3, 3, 3, 3, 3, 3, 3, 3, 3, 3, 3, 3, 3, 3, 3, 3, 3, 3, 3, 3, 3, 3, 3, 3, 3, 3, 3, 3, 3, 3, 3, 3, 3, 3, 3, 3, 3, 3, 3, 3, 3, 3, 3, 3, 3, 3, 3, 3, 3, 3, 3, 3, 3, 3, 3, 3, 3, 3, 3, 3, 3, 3, 3, 3, 3, 3, 3, 3, 3, 3, 3, 3, 3, 3, 3, 3, 3, 3, 3, 3, 3, 3, 3, 3, 3, 3, 3, 3, 3, 3, 3, 3, 3, 3, 3, 3, 3, 3, 3, 3, 3, 3, 3, 3, 3, 3, 3, 3, 3, 3, 3, 3, 3, 3, 3, 3, 3, 3, 3, 3, 3, 3, 3, 3, 3, 3, 3, 3, 3, 3, 3, 3, 3, 3, 3, 3, 3, 3, 3, 3, 3, 3, 3, 3, 3, 3, 3, 3, 3, 3, 3, 3, 3, 3, 3, 3, 3, 3, 3, 3, 3, 3, 3, 3, 3, 3, 3, 3, 3, 3, 3, 3, 3, 3, 3, 3, 3, 3, 3, 3, 3, 3, 3, 3, 3, 3, 3, 3, 3, 3, 3, 3, 3, 3, 3, 3, 3, 3, 3, 3, 3, 3, 3, 3, 3, 3, 3, 3, 3, 3, 3, 3, 3, 3, 3, 3, 3, 3, 3, 3, 3, 3, 3, 3, 3, 3, 3, 3, 3, 3, 3, 3, 3, 3, 3, 3, 3, 3, 3, 3, 3, 3, 3, 3, 3, 3, 3, 3, 3, 3, 3, 3, 3, 3, 3, 3, 3, 3, 3, 3, 3, 3, 3, 3, 3, 3, 3, 3, 3, 3, 3, 3, 3, 3, 3, 3, 3, 3, 3, 3, 3, 3, 3, 3, 3, 3, 3, 3, 3, 3, 3, 3, 3, 3, 3, 3, 3, 3, 3, 3, 3, 3, 3, 3, 3, 3, 3, 3, 3, 3, 3, 3, 3, 3, 3, 3, 3, 3, 3, 3, 3, 3, 3, 3, 3, 3, 3, 3, 3, 3, 3, 3, 3, 3, 3, 3, 3, 3, 3, 3, 3, 3, 3, 3, 3, 3, 3, 3, 3, 3, 3, 3, 3, 3, 3, 3, 3, 3, 3, 3, 3, 3, 3, 3, 3, 3, 3, 3, 3, 3, 3, 3, 3, 3, 3, 3, 3, 3, 3, 3, 3, 3, 3, 3, 3, 3, 3, 3, 3, 3, 3, 3, 3, 3, 3, 3, 3, 3, 3, 3, 3, 3, 3, 3, 3, 3, 3, 3, 3, 3, 3, 3, 3, 3, 3, 3, 3, 3, 3, 3, 3, 3, 3, 3, 3, 3, 3, 3, 3, 3, 3, 3, 3, 3, 3, 3, 3, 3, 3, 3, 3, 3, 3, 3, 3, 3, 3, 3, 3, 3, 3, 3, 3, 3, 3, 3, 3, 3, 3, 3, 3, 3, 3, 3, 3, 3, 3, 3, 3, 3, 3, 3, 3, 3, 3, 3, 3, 3, 3, 3, 3, 3, 3, 3, 3, 3, 3, 3, 3, 3, 3, 3, 3, 3, 3, 3, 3, 3, 3, 3, 3, 3, 3, 3, 3, 3, 3, 3, 3, 3, 3, 3, 3, 3, 3, 3, 3, 3, 3, 3, 3, 3, 3, 3, 3, 3, 3, 3, 3, 3, 3, 3, 3, 3, 3, 3, 3, 3, 3, 3, 3, 3, 3, 3, 3, 3, 3, 3, 3, 3, 3, 3, 3, 3, 3, 3, 3, 3, 3, 3, 3, 3, 3, 3, 3, 3, 3, 3, 3, 3, 3, 3, 3, 3, 3, 3, 3, 3, 3, 3, 3, 3, 3, 3, 3, 3, 3, 3, 3, 3, 3, 3, 3, 3, 3, 3, 3, 3, 3, 3, 3, 3, 3, 3, 3, 3, 3, 3, 3, 3, 3, 3, 3, 3, 3, 3, 3, 3, 3, 3, 3, 3, 3, 3, 3, 3, 3, 3, 3, 3, 3, 3, 3, 3, 3, 3, 3, 3, 3, 3, 3, 3, 3, 3, 3, 3, 3, 3, 3, 3, 3, 3, 3, 3, 3, 3, 3, 3, 3, 3, 3, 3, 3, 3, 3, 3, 3, 3, 3, 3, 3, 3, 3, 3, 3, 3, 3, 3, 3, 3, 3, 3, 3, 3, 3, 3, 3, 3, 3, 3, 3, 3, 3, 3, 3, 3, 3, 3, 3, 3, 3, 3, 3, 3, 3, 3, 3, 3, 3, 3, 3, 3, 3, 3, 3, 3, 3, 3, 3, 3, 3, 3, 3, 3, 3, 3, 3, 3, 3, 3, 3, 3, 3, 3, 3, 3, 3, 3, 3, 3, 3, 3, 3, 3, 3, 3, 3, 3, 3, 3, 3, 3, 3, 3, 3, 3, 3, 3, 3, 3, 3, 3, 3, 3, 3, 3, 3, 3, 3, 3, 3, 3, 3, 3, 3, 3, 3, 3, 3, 3, 3, 3, 3, 3, 3, 3, 3, 3, 3, 3, 3, 3, 3, 3, 3, 3, 3, 3, 3, 3, 3, 3, 3, 3, 3, 3, 3, 3, 3, 3, 3, 3, 3, 3, 3, 3, 3, 3, 3, 3, 3, 3, 3, 3, 3, 3, 3, 3, 3, 3, 3, 3, 3, 3, 3, 3, 3, 3, 3, 3, 3, 3, 3, 3, 3, 3, 3, 3, 3, 3, 3, 3, 3, 3, 3, 3, 3, 3, 3, 3, 3, 3, 3, 3, 3, 3, 3, 3, 3, 3, 3, 3, 3, 3, 3, 3, 3, 3, 3, 3, 3, 3, 3, 3, 3, 3, 3, 3, 3, 3, 3, 3, 3, 3, 3, 3, 3, 3, 3, 3, 3, 3, 3, 3, 3, 3, 3, 3, 3, 3, 3, 3, 3, 3, 3, 3, 3, 3, 3, 3, 3, 3, 3, 3, 3, 3, 3, 3, 3, 3, 3, 3, 3, 3, 3, 3, 3, 3, 3, 3, 3, 3, 3, 3, 3, 3, 3, 3, 3, 3, 3, 3, 3, 3, 3, 3, 3, 3, 3, 3, 3, 3, 3, 3, 3, 3, 3, 3, 3, 3, 3, 3, 3, 3, 3, 3, 3, 3, 3, 3, 3, 3, 3, 3, 3, 3, 3, 3, 3, 3, 3, 3, 3, 3, 3, 3, 3, 3, 3, 3, 3, 3, 3, 3, 3, 3, 3, 3, 3, 3, 3, 3, 3, 3, 3, 3, 3, 3, 3, 3, 3, 3, 3, 3, 3, 3, 3, 3, 3, 3, 3, 3, 3, 3, 3, 3, 3, 3, 3, 3, 3, 3, 3, 3, 3, 3, 3, 3, 3, 3, 3, 3, 3, 3, 3, 3, 3, 3, 3, 3, 3, 3, 3, 3, 3, 3, 3, 3, 3, 3, 3, 3, 3, 3, 3, 3, 3, 3, 3, 3, 3, 3, 3, 3, 3, 3, 3, 3, 3, 3, 3, 3, 3, 3, 3, 3, 3, 3, 3, 3, 3, 3, 3, 3, 3, 3, 3, 3, 3, 3, 3, 3, 3, 3, 3, 3, 3, 3, 3, 3, 3, 3, 3, 3, 3, 3, 3, 3, 3, 3, 3, 3, 3, 3, 3, 3, 3, 3, 3, 3, 3, 3, 3, 3, 3, 3, 3, 3, 3, 3, 3, 3, 3, 3, 3, 3, 3, 3, 3, 3, 3, 3, 3, 3, 3, 3, 3, 3, 3, 3, 3, 3, 3, 3, 3, 3, 3, 3, 3, 3, 3, 3, 3, 3, 3, 3, 3, 3, 3, 3, 3, 3, 3, 3, 3, 3, 3, 3, 3, 3, 3, 3, 3, 3, 3, 3, 3, 3, 3, 3, 3, 3, 3, 3, 3, 3, 3, 3, 3, 3, 3, 3, 3, 3, 3, 3, 3, 3, 3, 3, 3, 3, 3, 3, 3, 3, 3, 3, 3, 3, 3, 3, 3, 3, 3, 3, 3, 3, 3, 3, 3, 3, 3, 3, 3, 3, 3, 3, 3, 3, 3, 3, 3, 3, 3, 3, 3, 3, 3, 3, 3, 3, 3, 3, 3, 3, 3, 3, 3, 3, 3, 3, 3, 3, 3, 3, 3, 3, 3, 3, 3, 3, 3, 3, 3, 3, 3, 3, 3, 3, 3, 3, 3, 3, 3, 3, 3, 3, 3, 3, 3, 3, 3, 3, 3, 3, 3, 3, 3, 3, 3, 3, 3, 3, 3, 3, 3, 3, 3, 3, 3, 3, 3, 3, 3, 3, 3, 3, 3, 3, 3, 3, 3, 3, 3, 3, 3, 3, 3, 3, 3, 3, 3, 3, 3, 3, 3, 3, 3, 3, 3, 3, 3, 3, 3, 3, 3, 3, 3, 3, 3, 3, 3, 3, 3, 3, 3, 3, 3, 3, 3, 3, 3, 3, 3, 3, 3, 3, 3, 3, 3, 3, 3, 3, 3, 3, 3, 3, 3, 3, 3, 3, 3, 3, 3, 3, 3, 3, 3, 3, 3, 3, 3, 3, 3, 3, 3, 3, 3, 3, 3, 3, 3, 3, 3, 3, 3, 3, 3, 3, 3, 3, 3, 3, 3, 3, 3, 3, 3, 3, 3, 3, 3, 3, 3, 3, 3, 3, 3, 3, 3, 3, 3, 3, 3, 3, 3, 3, 3, 3, 3, 3, 3, 3, 3, 3, 3, 3, 3, 3, 3, 3, 3, 3, 3, 3, 3, 3, 3, 3, 3, 3, 3, 3, 3, 3, 3, 3, 3, 3, 3, 3, 3, 3, 3, 3, 3, 3, 3, 3, 3, 3, 3, 3, 3, 3, 3, 3, 3, 3, 3, 3, 3, 3, 3, 3, 3, 3, 3, 3, 3, 3, 3, 3, 3, 3, 3, 3, 3, 3, 3, 3, 3, 3, 3, 3, 3, 3, 3, 3, 3, 3, 3, 3, 3, 3, 3, 3, 3, 3, 3, 3, 3, 3, 3, 3, 3, 3, 3, 3, 3, 3, 3, 3, 3, 3, 3, 3, 3, 3, 3, 3, 3, 3, 3, 3, 3, 3, 3, 3, 3, 3, 3, 3, 3, 3, 3, 3, 3, 3, 3, 3, 3, 3, 3, 3, 3, 3, 3, 3, 3, 3, 3, 3, 3, 3, 3, 3, 3, 3, 3, 3, 3, 3, 3, 3, 3, 3, 3, 3, 3, 3, 3, 3, 3, 3, 3, 3, 3, 3, 3, 3, 3, 3, 3, 3, 3, 3, 3, 3, 3, 3, 3, 3, 3, 3, 3, 3, 3, 3, 3, 3, 3, 3, 3, 3, 3, 3, 3, 3, 3, 3, 3, 3, 3, 3, 3, 3, 3, 3, 3, 3, 3, 3, 3, 3, 3, 3, 3, 3, 3, 3, 3, 3, 3, 3, 3, 3, 3, 3, 3, 3, 3, 3, 3, 3, 3, 3, 3, 3, 3, 3, 3, 3, 3, 3, 3, 3, 3, 3, 3, 3, 3, 3, 3, 3, 3, 3, 3, 3, 3, 3, 3, 3, 3, 3, 3, 3, 3, 3, 3, 3, 3, 3, 3, 3, 3, 3, 3, 3, 3, 3, 3, 3, 3, 3, 3, 3, 3, 3, 3, 3, 3, 3, 3, 3, 3, 3, 3, 3, 3, 3, 3, 3, 3, 3, 3, 3, 3, 3, 3, 3, 3, 3, 3, 3, 3, 3, 3, 3, 3, 3, 3, 3, 3, 3, 3, 3, 3, 3, 3, 3, 3, 3, 3, 3, 3, 3, 3, 3, 3, 3, 3, 3, 3, 3, 3, 3, 3, 3, 3, 3, 3, 3, 3, 3, 3, 3, 3, 3, 3, 3, 3, 3, 3, 3, 3, 3, 3, 3, 3, 3, 3, 3, 3, 3, 3, 3, 3, 3, 3, 3, 3, 3, 3, 3, 3, 3, 3, 3, 3, 3, 3, 3, 3, 3, 3, 3, 3, 3, 3, 3, 3, 3, 3, 3, 3, 3, 3, 3, 3, 3, 3, 3, 3, 3, 3, 3, 3, 3, 3, 3, 3, 3, 3, 3, 3, 3, 3, 3, 3, 3, 3, 3, 3, 3, 3, 3, 3, 3, 3, 3, 3, 3, 3, 3, 3, 3, 3, 3, 3, 3, 3, 3, 3, 3, 3, 3, 3, 3, 3, 3, 3, 3, 3, 3, 3, 3, 3, 3, 3, 3, 3, 3, 3, 3, 3, 3, 3, 3, 3, 3, 3, 3, 3, 3, 3, 3, 3, 3, 3, 3, 3, 3, 3, 3, 3, 3, 3, 3, 3, 3, 3, 3, 3, 3, 3, 3, 3, 3, 3, 3, 3, 3, 3, 3, 3, 3, 3, 3, 3, 3, 3, 3, 3, 3, 3, 3, 3, 3, 3, 3, 3, 3, 3, 3, 3, 3, 3, 3, 3, 3, 3, 3, 3, 3, 3, 3, 3, 3, 3, 3, 3, 3, 3, 3, 3, 3, 3, 3, 3, 3, 3, 3, 3, 3, 3, 3, 3, 3, 3, 3, 3, 3, 3, 3, 3, 3, 3, 3, 3, 3, 3, 3, 3, 3, 3, 3, 3, 3, 3, 3, 3, 3, 3, 3, 3, 3, 3, 3, 3, 3, 3, 3, 3, 3, 3, 3, 3, 3, 3, 3, 3, 3, 3, 3, 3, 3, 3, 3, 3, 3, 3, 3, 3, 3, 3, 3, 3, 3, 3, 3, 3, 3, 3, 3, 3, 3, 3, 3, 3, 3, 3, 3, 3, 3, 3, 3, 3, 3, 3, 3, 3, 3, 3, 3, 3, 3, 3, 3, 3, 3, 3, 3, 3, 3, 3, 3, 3, 3, 3, 3, 3, 3, 3, 3, 3, 3, 3, 3, 3, 3, 3, 3, 3, 3, 3, 3, 3, 3, 3, 3, 3, 3, 3, 3, 3, 3, 3, 3, 3, 3, 3, 3, 3, 3, 3, 3, 3, 3, 3, 3, 3, 3, 3, 3, 3, 3, 3, 3, 3, 3, 3, 3, 3, 3, 3, 3, 3, 3, 3, 3, 3, 3, 3, 3, 3, 3, 3, 3, 3, 3, 3, 3, 3, 3, 3, 3, 3, 3, 3, 3, 3, 3, 3, 3, 3, 3, 3, 3, 3, 3, 3, 3, 3, 3, 3, 3, 3, 3, 3, 3, 3, 3, 3, 3, 3, 3, 3, 3, 3, 3, 3, 3, 3, 3, 3, 3, 3, 3, 3, 3, 3, 3, 3, 3, 3, 3, 3, 3, 3, 3, 3, 3, 3, 3, 3, 3, 3, 3, 3, 3, 3, 3, 3, 3, 3, 3, 3, 3, 3, 3, 3, 3, 3, 3, 3, 3, 3, 3, 3, 3, 3, 3, 3, 3, 3, 3, 3, 3, 3, 3, 3, 3, 3, 3, 3, 3, 3, 3, 3, 3, 3, 3, 3, 3, 3, 3, 3, 3, 3, 3, 3, 3, 3, 3, 3, 3, 3, 3, 3, 3, 3, 3, 3, 3, 3, 3, 3, 3, 3, 3, 3, 3, 3, 3, 3, 3, 3, 3, 3, 3, 3, 3, 3, 3, 3, 3, 3, 3, 3, 3, 3, 3, 3, 3, 3, 3, 3, 3, 3, 3, 3, 3, 3, 3, 3, 3, 3, 3, 3, 3, 3, 3, 3, 3, 3, 3, 3, 3, 3, 3, 3, 3, 3, 3, 3, 3, 3, 3, 3, 3, 3, 3, 3, 3, 3, 3, 3, 3, 3, 3, 3, 3, 3, 3, 3, 3, 3, 3, 3, 3, 3, 3, 3, 3, 3, 3, 3, 3, 3, 3, 3, 3, 3, 3, 3, 3, 3, 3, 3, 3, 3, 3, 3, 3, 3, 3, 3, 3, 3, 3, 3, 3, 3, 3, 3, 3, 3, 3, 3, 3, 3, 3, 3, 3, 3, 3, 3, 3, 3, 3, 3, 3, 3, 3, 3, 3, 3, 3, 3, 3, 3, 3, 3, 3, 3, 3, 3, 3, 3, 3, 3, 3, 3, 3, 3, 3, 3, 3, 3, 3, 3, 3, 3, 3, 3, 3, 3, 3, 3, 3, 3, 3, 3, 3, 3, 3, 3, 3, 3, 3, 3, 3, 3, 3, 3, 3, 3, 3, 3, 3, 3, 3, 3, 3, 3, 3, 3, 3, 3, 3, 3, 3, 3, 3, 3, 3, 3, 3, 3, 3, 3, 3, 3, 3, 3, 3, 3, 3, 3, 3, 3, 3, 3, 3, 3, 3, 3, 3, 3, 3, 3, 3, 3, 3, 3, 3, 3, 3, 3, 3, 3, 3, 3, 3, 3, 3, 3, 3, 3, 3, 3, 3, 3, 3, 3, 3, 3, 3, 3, 3, 3, 3, 3, 3, 3, 3, 3, 3, 3, 3, 3, 3, 3, 3, 3, 3, 3, 3, 3, 3, 3, 3, 3, 3, 3, 3, 3, 3, 3, 3, 3, 3, 3, 3, 3, 3, 3, 3, 3, 3, 3, 3, 3, 3, 3, 3, 3, 3, 3, 3, 3, 3, 3, 3, 3, 3, 3, 3, 3, 3, 3, 3, 3, 3, 3, 3, 3, 3, 3, 3, 3, 3, 3, 3, 3, 3, 3, 3, 3, 3, 3, 3, 3, 3, 3, 3, 3, 3, 3, 3, 3, 3, 3, 3, 3, 3, 3, 3, 3, 3, 3, 3, 3, 3, 3, 3, 3, 3, 3, 3, 3, 3, 3, 3, 3, 3, 3, 3, 3, 3, 3, 3, 3, 3, 3, 3, 3, 3, 3, 3, 3, 3, 3, 3, 3, 3, 3, 3, 3, 3, 3, 3, 3, 3, 3, 3, 3, 3, 3, 3, 3, 3, 3, 3, 3, 3, 3, 3, 3, 3, 3, 3, 3, 3, 3, 3, 3, 3, 3, 3, 3, 3, 3, 3, 3, 3, 3, 3, 3, 3, 3, 3, 3, 3, 3, 3, 3, 3, 3, 3, 3, 3, 3, 3, 3, 3, 3, 3, 3, 3, 3, 3, 3, 3, 3, 3, 3, 3, 3, 3, 3, 3, 3, 3, 3, 3, 3, 3, 3, 3, 3, 3, 3, 3, 3, 3, 3, 3, 3, 3, 3, 3, 3, 3, 3, 3, 3, 3, 3, 3, 3, 3, 3, 3, 3, 3, 3, 3, 3, 3, 3, 3, 3, 3, 3, 3, 3, 3, 3, 3, 3, 3, 3, 3, 3, 3, 3, 3, 3, 3, 3, 3, 3, 3, 3, 3, 3, 3, 3, 3, 3, 3, 3, 3, 3, 3, 3, 3, 3, 3, 3, 3, 3, 3, 3, 3, 3, 3, 3, 3, 3, 3, 3, 3, 3, 3, 3, 3, 3, 3, 3, 3, 3, 3, 3, 3, 3, 3, 3, 3, 3, 3, 3, 3, 3, 3, 3, 3, 3, 3, 3, 3, 3, 3, 3, 3, 3, 3, 3, 3, 3, 3, 3, 3, 3, 3, 3, 3, 3, 3, 3, 3, 3, 3, 3, 3, 3, 3, 3, 3, 3, 3, 3, 3, 3, 3, 3, 3, 3, 3, 3, 3, 3, 3, 3, 3, 3, 3, 3, 3, 3, 3, 3, 3, 3, 3, 3, 3, 3, 3, 3, 3, 3, 3, 3, 3, 3, 3, 3, 3, 3, 3, 3, 3, 3, 3, 3, 3, 3, 3, 3, 3, 3, 3, 3, 3, 3, 3, 3, 3, 3, 3, 3, 3, 3, 3, 3, 3, 3, 3, 3, 3, 3, 3, 3, 3, 3, 3, 3, 3, 3, 3, 3, 3, 3, 3, 3, 3, 3, 3, 3, 3, 3, 3, 3, 3, 3, 3, 3, 3, 3, 3, 3, 3, 3, 3, 3, 3, 3, 3, 3, 3, 3, 3, 3, 3, 3, 3, 3, 3, 3, 3, 3, 3, 3, 3, 3, 3, 3, 3, 3, 3, 3, 3, 3, 3, 3, 3, 3, 3, 3, 3, 3, 3, 3, 3, 3, 3, 3, 3, 3, 3, 3, 3, 3, 3, 3, 3, 3, 3, 3, 3, 3, 3, 3, 3, 3, 3, 3, 3, 3, 3, 3, 3, 3, 3, 3, 3, 3, 3, 3, 3, 3, 3, 3, 3, 3, 3, 3, 3, 3, 3, 3, 3, 3, 3, 3, 3, 3, 3, 3, 3, 3, 3, 3, 3, 3, 3, 3, 3, 3, 3, 3, 3, 3, 3, 3, 3, 3, 3, 3, 3, 3, 3, 3, 3, 3, 3, 3, 3, 3, 3, 3, 3, 3, 3, 3, 3, 3, 3, 3, 3, 3, 3, 3, 3, 3, 3, 3, 3, 3, 3, 3, 3, 3, 3, 3, 3, 3, 3, 3, 3, 3, 3, 3, 3, 3, 3, 3, 3, 3, 3, 3, 3, 3, 3, 3, 3, 3, 3, 3, 3, 3, 3, 3, 3, 3, 3, 3, 3, 3, 3, 3, 3, 3, 3, 3, 3, 3, 3, 3, 3, 3, 3, 3, 3, 3, 3, 3, 3, 3, 3, 3, 3, 3, 3, 3, 3, 3, 3, 3, 3, 3, 3, 3, 3, 3, 3, 3, 3, 3, 3, 3, 3, 3, 3, 3, 3, 3, 3, 3, 3, 3, 3, 3, 3, 3, 3, 3, 3, 3, 3, 3, 3, 3, 3, 3, 3, 3, 3, 3, 3, 3, 3, 3, 3, 3, 3, 3, 3, 3, 3, 3, 3, 3, 3, 3, 3, 3, 3, 3, 3, 3, 3, 3, 3, 3, 3, 3, 3, 3, 3, 3, 3, 3, 3, 3, 3, 3, 3, 3, 3, 3, 3, 3, 3, 3, 3, 3, 3, 3, 3, 3, 3, 3, 3, 3, 3, 3, 3, 3, 3, 3, 3, 3, 3, 3, 3, 3, 3, 3, 3, 3, 3, 3, 3, 3, 3, 3, 3, 3, 3, 3, 3, 3, 3, 3, 3, 3, 3, 3, 3, 3, 3, 3, 3, 3, 3, 3, 3, 3, 3, 3, 3, 3, 3, 3, 3, 3, 3, 3, 3, 3, 3, 3, 3, 3, 3, 3, 3, 3, 3, 3, 3, 3, 3, 3, 3, 3, 3, 3, 3, 3, 3, 3, 3, 3, 3, 3, 3, 3, 3, 3, 3, 3, 3, 3, 3, 3, 3, 3, 3, 3, 3, 3, 3, 3, 3, 3, 3, 3, 3, 3, 3, 3, 3, 3, 3, 3, 3, 3, 3, 3, 3, 3, 3, 3, 3, 3, 3, 3, 3, 3, 3, 3, 3, 3, 3, 3, 3, 3, 3, 3, 3, 3, 3, 3, 3, 3, 3, 3, 3, 3, 3, 3, 3, 3, 3, 3, 3, 3, 3, 3, 3, 3, 3, 3, 3, 3, 3, 3, 3, 3, 3, 3, 3, 3, 3, 3, 3, 3, 3, 3, 3, 3, 3, 3, 3, 3, 3, 3, 3, 3, 3, 3, 3, 3, 3, 3, 3, 3, 3, 3, 3, 3, 3, 3, 3, 3, 3, 3, 3, 3, 3, 3, 3, 3, 3, 3, 3, 3, 3, 3, 3, 3, 3, 3, 3, 3, 3, 3, 3, 3, 3, 3, 3, 3, 3, 3, 3, 3, 3, 3, 3, 3, 3, 3, 3, 3, 3, 3, 3, 3, 3, 3, 3, 3, 3, 3, 3, 3, 3, 3, 3, 3, 3, 3, 3, 3, 3, 3, 3, 3, 3, 3, 3, 3, 3, 3, 3, 3, 3, 3, 3, 3, 3, 3, 3, 3, 3, 3, 3, 3, 3, 3, 3, 3, 3, 3, 3, 3, 3, 3, 3, 3, 3, 3, 3, 3, 3, 3, 3, 3, 3, 3, 3, 3, 3, 3, 3, 3, 3, 3, 3, 3, 3, 3, 3, 3, 3, 3, 3, 3, 3, 3, 3, 3, 3, 3, 3, 3, 3, 3, 3, 3, 3, 3, 3, 3, 3, 3, 3, 3, 3, 3, 3, 3, 3, 3, 3, 3, 3, 3, 3, 3, 3, 3, 3, 3, 3, 3, 3, 3, 3, 3, 3, 3, 3, 3, 3, 3, 3, 3, 3, 3, 3, 3, 3, 3, 3, 3, 3, 3, 3, 3, 3, 3, 3, 3, 3, 3, 3, 3, 3, 3, 3, 3, 3, 3, 3, 3, 3, 3, 3, 3, 3, 3, 3, 3, 3, 3, 3, 3, 3, 3, 3, 3, 3, 3, 3, 3, 3, 3, 3, 3, 3, 3, 3, 3, 3, 3, 3, 3, 3, 3, 3, 3, 3, 3, 3, 3, 3, 3, 3, 3, 3, 3, 3, 3, 3, 3, 3, 3, 3, 3, 3, 3, 3, 3, 3, 3, 3, 3, 3, 3, 3, 3, 3, 3, 3, 3, 3, 3, 3, 3, 3, 3, 3, 3, 3, 3, 3, 3, 3, 3, 3, 3, 3, 3, 3, 3, 3, 3, 3, 3, 3, 3, 3, 3, 3, 3, 3, 3, 3, 3, 3, 3, 3, 3, 3, 3, 3, 3, 3, 3, 3, 3, 3, 3, 3, 3, 3, 3, 3, 3, 3, 3, 3, 3, 3, 3, 3, 3, 3, 3, 3, 3, 3, 3, 3, 3, 3, 3, 3, 3, 3, 3, 3, 3, 3, 3, 3, 3, 3, 3, 3, 3, 3, 3, 3, 3, 3, 3, 3, 3, 3, 3, 3, 3, 3, 3, 3, 3, 3, 3, 3, 3, 3, 3, 3, 3, 3, 3, 3, 3, 3, 3, 3, 3, 3, 3, 3, 3, 3, 3, 3, 3, 3, 3, 3, 3, 3, 3, 3, 3, 3, 3, 3, 3, 3, 3, 3, 3, 3, 3, 3, 3, 3, 3, 3, 3, 3, 3, 3, 3, 3, 3, 3, 3, 3, 3, 3, 3, 3, 3, 3, 3, 3, 3, 3, 3, 3, 3, 3, 3, 3, 3, 3, 3, 3, 3, 3, 3, 3, 3, 3, 3, 3, 3, 3, 3, 3, 3, 3, 3, 3, 3, 3, 3, 3, 3, 3, 3, 3, 3, 3, 3, 3, 3, 3, 3, 3, 3, 3, 3, 3, 3, 3, 3, 3, 3, 3, 3, 3, 3, 3, 3, 3, 3, 3, 3, 3, 3, 3, 3, 3, 3, 3, 3, 3, 3, 3, 3, 3, 3, 3, 3, 3, 3, 3, 3, 3, 3, 3, 3, 3, 3, 3, 3, 3, 3, 3, 3, 3, 3, 3, 3, 3, 3, 3, 3, 3, 3, 3, 3, 3, 3, 3, 3, 3, 3, 3, 3, 3, 3, 3, 3, 3, 3, 3, 3, 3, 3, 3, 3, 3, 3, 3, 3, 3, 3, 3, 3, 3, 3, 3, 3, 3, 3, 3, 3, 3, 3, 3, 3, 3, 3, 3, 3, 3, 3, 3, 3, 3, 3, 3, 3, 3, 3, 3, 3, 3, 3, 3, 3, 3, 3, 3, 3, 3, 3, 3, 3, 3, 3, 3, 3, 3, 3, 3, 3, 3, 3, 3, 3, 3, 3, 3, 3, 3, 3, 3, 3, 3, 3, 3, 3, 3, 3, 3, 3, 3, 3, 3, 3, 3, 3, 3, 3, 3, 3, 3, 3, 3, 3, 3, 3, 3, 3, 3, 3, 3, 3, 3, 3, 3, 3, 3, 3, 3, 3, 3, 3, 3, 3, 3, 3, 3, 3, 3, 3, 3, 3, 3, 3, 3, 3, 3, 3, 3, 3, 3, 3, 3, 3, 3, 3, 3, 3, 3, 3, 3, 3, 3, 3, 3, 3, 3, 3, 3, 3, 3, 3, 3, 3, 3, 3, 3, 3, 3, 3, 3, 3, 3, 3, 3, 3, 3, 3, 3, 3, 3, 3, 3, 3, 3, 3, 3, 3, 3, 3, 3, 3, 3, 3, 3, 3, 3, 3, 3, 3, 3, 3, 3, 3, 3, 3, 3, 3, 3, 3, 3, 3, 3, 3, 3, 3, 3, 3, 3, 3, 3, 3, 3, 3, 3, 3, 3, 3, 3, 3, 3, 3, 3, 3, 3, 3, 3, 3, 3, 3, 3, 3, 3, 3, 3, 3, 3, 3, 3, 3, 3, 3, 3, 3, 3, 3, 3, 3, 3, 3, 3, 3, 3, 3, 3, 3, 3, 3, 3, 3, 3, 3, 3, 3, 3, 3, 3, 3, 3, 3, 3, 3, 3, 3, 3, 3, 3, 3, 3, 3, 3, 3, 3, 3, 3, 3, 3, 3, 3, 3, 3, 3, 3, 3, 3, 3, 3, 3, 3, 3, 3, 3, 3, 3, 3, 3, 3, 3, 3, 3, 3, 3, 3, 3, 3, 3, 3, 3, 3, 3, 3, 3, 3, 3, 3, 3, 3, 3, 3, 3, 3, 3, 3, 3, 3, 3, 3, 3, 3, 3, 3, 3, 3, 3, 3, 3, 3, 3, 3, 3, 3, 3, 3, 3, 3, 3, 3, 3, 3, 3, 3, 3, 3, 3, 3, 3, 3, 3, 3, 3, 3, 3, 3, 3, 3, 3, 3, 3, 3, 3, 3, 3, 3, 3, 3, 3, 3, 3, 3, 3, 3, 3, 3, 3, 3, 3, 3, 3, 3, 3, 3, 3, 3, 3, 3, 3, 3, 3, 3, 3, 3, 3, 3, 3, 3, 3, 3, 3, 3, 3, 3, 3, 3, 3, 3, 3, 3, 3, 3, 3, 3, 3, 3, 3, 3, 3, 3, 3, 3, 3, 3, 3, 3, 3, 3, 3, 3, 3, 3, 3, 3, 3, 3, 3, 3, 3, 3, 3, 3, 3, 3, 3, 3, 3, 3, 3, 3, 3, 3, 3, 3, 3, 3, 3, 3, 3, 3, 3, 3, 3, 3, 3, 3, 3, 3, 3, 3, 3, 3, 3, 3, 3, 3, 3, 3, 3, 3, 3, 3, 3, 3, 3, 3, 3, 3, 3, 3, 3, 3, 3, 3, 3, 3, 3, 3, 3, 3, 3, 3, 3, 3, 3, 3, 3, 3, 3, 3, 3, 3, 3, 3, 3, 3, 3, 3, 3, 3, 3, 3, 3, 3, 3, 3, 3, 3, 3, 3, 3, 3, 3]
            int[] faceVertexIndices = [0, 1, 2, 2, 3, 0, 4, 5, 1, 1, 0, 4, 6, 7, 5, 5, 4, 6, 8, 9, 7, 7, 6, 8, 10, 11, 9, 9, 8, 10, 12, 13, 11, 11, 10, 12, 14, 15, 13, 13, 12, 14, 16, 17, 15, 15, 14, 16, 18, 19, 17, 17, 16, 18, 20, 21, 19, 19, 18, 20, 22, 23, 21, 21, 20, 22, 24, 25, 23, 23, 22, 24, 26, 27, 25, 25, 24, 26, 28, 29, 27, 27, 26, 28, 30, 31, 29, 29, 28, 30, 32, 33, 31, 31, 30, 32, 34, 35, 33, 33, 32, 34, 36, 37, 35, 35, 34, 36, 38, 39, 37, 37, 36, 38, 40, 41, 39, 39, 38, 40, 42, 43, 41, 41, 40, 42, 44, 45, 43, 43, 42, 44, 46, 47, 45, 45, 44, 46, 48, 49, 47, 47, 46, 48, 50, 51, 49, 49, 48, 50, 52, 53, 51, 51, 50, 52, 54, 55, 53, 53, 52, 54, 56, 57, 55, 55, 54, 56, 58, 59, 57, 57, 56, 58, 60, 61, 59, 59, 58, 60, 62, 63, 61, 61, 60, 62, 3, 2, 63, 63, 62, 3, 1, 64, 65, 65, 2, 1, 5, 66, 64, 64, 1, 5, 7, 67, 66, 66, 5, 7, 9, 68, 67, 67, 7, 9, 11, 69, 68, 68, 9, 11, 13, 70, 69, 69, 11, 13, 15, 71, 70, 70, 13, 15, 17, 72, 71, 71, 15, 17, 19, 73, 72, 72, 17, 19, 21, 74, 73, 73, 19, 21, 23, 75, 74, 74, 21, 23, 25, 76, 75, 75, 23, 25, 27, 77, 76, 76, 25, 27, 29, 78, 77, 77, 27, 29, 31, 79, 78, 78, 29, 31, 33, 80, 79, 79, 31, 33, 35, 81, 80, 80, 33, 35, 37, 82, 81, 81, 35, 37, 39, 83, 82, 82, 37, 39, 41, 84, 83, 83, 39, 41, 43, 85, 84, 84, 41, 43, 45, 86, 85, 85, 43, 45, 47, 87, 86, 86, 45, 47, 49, 88, 87, 87, 47, 49, 51, 89, 88, 88, 49, 51, 53, 90, 89, 89, 51, 53, 55, 91, 90, 90, 53, 55, 57, 92, 91, 91, 55, 57, 59, 93, 92, 92, 57, 59, 61, 94, 93, 93, 59, 61, 63, 95, 94, 94, 61, 63, 2, 65, 95, 95, 63, 2, 64, 96, 97, 97, 65, 64, 66, 98, 96, 96, 64, 66, 67, 99, 98, 98, 66, 67, 68, 100, 99, 99, 67, 68, 69, 101, 100, 100, 68, 69, 70, 102, 101, 101, 69, 70, 71, 103, 102, 102, 70, 71, 72, 104, 103, 103, 71, 72, 73, 105, 104, 104, 72, 73, 74, 106, 105, 105, 73, 74, 75, 107, 106, 106, 74, 75, 76, 108, 107, 107, 75, 76, 77, 109, 108, 108, 76, 77, 78, 110, 109, 109, 77, 78, 79, 111, 110, 110, 78, 79, 80, 112, 111, 111, 79, 80, 81, 113, 112, 112, 80, 81, 82, 114, 113, 113, 81, 82, 83, 115, 114, 114, 82, 83, 84, 116, 115, 115, 83, 84, 85, 117, 116, 116, 84, 85, 86, 118, 117, 117, 85, 86, 87, 119, 118, 118, 86, 87, 88, 120, 119, 119, 87, 88, 89, 121, 120, 120, 88, 89, 90, 122, 121, 121, 89, 90, 91, 123, 122, 122, 90, 91, 92, 124, 123, 123, 91, 92, 93, 125, 124, 124, 92, 93, 94, 126, 125, 125, 93, 94, 95, 127, 126, 126, 94, 95, 65, 97, 127, 127, 95, 65, 60, 58, 56, 60, 56, 54, 60, 54, 52, 62, 60, 52, 62, 52, 50, 3, 62, 50, 0, 3, 50, 4, 0, 50, 6, 4, 50, 8, 6, 50, 10, 8, 50, 12, 10, 50, 14, 12, 50, 16, 14, 50, 18, 16, 50, 20, 18, 50, 22, 20, 50, 24, 22, 50, 26, 24, 50, 28, 26, 50, 30, 28, 50, 32, 30, 50, 32, 50, 48, 34, 32, 48, 34, 48, 46, 34, 46, 44, 34, 44, 42, 34, 42, 40, 34, 40, 38, 34, 38, 36, 128, 129, 130, 130, 131, 128, 132, 128, 131, 131, 133, 132, 134, 132, 133, 133, 135, 134, 136, 134, 135, 135, 137, 136, 138, 136, 137, 137, 139, 138, 140, 138, 139, 139, 141, 140, 142, 140, 141, 141, 143, 142, 144, 142, 143, 143, 145, 144, 146, 144, 145, 145, 147, 146, 148, 146, 147, 147, 149, 148, 150, 148, 149, 149, 151, 150, 152, 150, 151, 151, 153, 152, 154, 152, 153, 153, 155, 154, 156, 154, 155, 155, 157, 156, 158, 156, 157, 157, 159, 158, 160, 158, 159, 159, 161, 160, 162, 160, 161, 161, 163, 162, 164, 162, 163, 163, 165, 164, 166, 164, 165, 165, 167, 166, 168, 166, 167, 167, 169, 168, 170, 168, 169, 169, 171, 170, 172, 170, 171, 171, 173, 172, 174, 172, 173, 173, 175, 174, 176, 174, 175, 175, 177, 176, 178, 176, 177, 177, 179, 178, 180, 178, 179, 179, 181, 180, 182, 180, 181, 181, 183, 182, 184, 182, 183, 183, 185, 184, 186, 184, 185, 185, 187, 186, 188, 186, 187, 187, 189, 188, 190, 188, 189, 189, 191, 190, 129, 190, 191, 191, 130, 129, 131, 130, 192, 192, 193, 131, 133, 131, 193, 193, 194, 133, 135, 133, 194, 194, 195, 135, 137, 135, 195, 195, 196, 137, 139, 137, 196, 196, 197, 139, 141, 139, 197, 197, 198, 141, 143, 141, 198, 198, 199, 143, 145, 143, 199, 199, 200, 145, 147, 145, 200, 200, 201, 147, 149, 147, 201, 201, 202, 149, 151, 149, 202, 202, 203, 151, 153, 151, 203, 203, 204, 153, 155, 153, 204, 204, 205, 155, 157, 155, 205, 205, 206, 157, 159, 157, 206, 206, 207, 159, 161, 159, 207, 207, 208, 161, 163, 161, 208, 208, 209, 163, 165, 163, 209, 209, 210, 165, 167, 165, 210, 210, 211, 167, 169, 167, 211, 211, 212, 169, 171, 169, 212, 212, 213, 171, 173, 171, 213, 213, 214, 173, 175, 173, 214, 214, 215, 175, 177, 175, 215, 215, 216, 177, 179, 177, 216, 216, 217, 179, 181, 179, 217, 217, 218, 181, 183, 181, 218, 218, 219, 183, 185, 183, 219, 219, 220, 185, 187, 185, 220, 220, 221, 187, 189, 187, 221, 221, 222, 189, 191, 189, 222, 222, 223, 191, 130, 191, 223, 223, 192, 130, 193, 192, 224, 224, 225, 193, 194, 193, 225, 225, 226, 194, 195, 194, 226, 226, 227, 195, 196, 195, 227, 227, 228, 196, 197, 196, 228, 228, 229, 197, 198, 197, 229, 229, 230, 198, 199, 198, 230, 230, 231, 199, 200, 199, 231, 231, 232, 200, 201, 200, 232, 232, 233, 201, 202, 201, 233, 233, 234, 202, 203, 202, 234, 234, 235, 203, 204, 203, 235, 235, 236, 204, 205, 204, 236, 236, 237, 205, 206, 205, 237, 237, 238, 206, 207, 206, 238, 238, 239, 207, 208, 207, 239, 239, 240, 208, 209, 208, 240, 240, 241, 209, 210, 209, 241, 241, 242, 210, 211, 210, 242, 242, 243, 211, 212, 211, 243, 243, 244, 212, 213, 212, 244, 244, 245, 213, 214, 213, 245, 245, 246, 214, 215, 214, 246, 246, 247, 215, 216, 215, 247, 247, 248, 216, 217, 216, 248, 248, 249, 217, 218, 217, 249, 249, 250, 218, 219, 218, 250, 250, 251, 219, 220, 219, 251, 251, 252, 220, 221, 220, 252, 252, 253, 221, 222, 221, 253, 253, 254, 222, 223, 222, 254, 254, 255, 223, 192, 223, 255, 255, 224, 192, 162, 164, 166, 162, 166, 168, 162, 168, 170, 162, 170, 172, 162, 172, 174, 162, 174, 176, 184, 186, 188, 182, 184, 188, 180, 182, 188, 180, 188, 190, 178, 180, 190, 178, 190, 129, 178, 129, 128, 178, 128, 132, 178, 132, 134, 178, 134, 136, 178, 136, 138, 178, 138, 140, 178, 140, 142, 178, 142, 144, 178, 144, 146, 178, 146, 148, 178, 148, 150, 178, 150, 152, 178, 152, 154, 178, 154, 156, 178, 156, 158, 178, 158, 160, 176, 178, 160, 162, 176, 160, 225, 97, 96, 225, 96, 98, 225, 98, 226, 226, 98, 99, 226, 99, 227, 227, 99, 100, 227, 100, 228, 228, 100, 101, 228, 101, 229, 229, 101, 102, 229, 102, 230, 230, 102, 103, 230, 103, 231, 231, 103, 104, 231, 104, 232, 232, 104, 233, 233, 104, 105, 233, 105, 234, 234, 105, 106, 234, 106, 235, 235, 106, 107, 235, 107, 236, 236, 107, 108, 236, 108, 237, 237, 108, 109, 237, 109, 238, 238, 109, 110, 238, 110, 239, 239, 110, 111, 239, 111, 240, 240, 111, 112, 240, 112, 241, 241, 112, 113, 241, 113, 242, 242, 113, 114, 242, 114, 243, 243, 114, 115, 243, 115, 244, 244, 115, 116, 244, 116, 245, 245, 116, 117, 245, 117, 246, 246, 117, 118, 246, 118, 247, 247, 118, 119, 247, 119, 248, 248, 119, 120, 248, 120, 249, 249, 120, 121, 249, 121, 250, 250, 121, 122, 250, 122, 251, 251, 122, 123, 251, 123, 252, 252, 123, 124, 252, 124, 125, 252, 125, 253, 253, 125, 126, 253, 126, 254, 254, 126, 255, 255, 126, 127, 255, 127, 224, 224, 127, 97, 224, 97, 225, 256, 257, 258, 256, 259, 257, 256, 260, 259, 256, 261, 260, 256, 262, 261, 256, 263, 262, 256, 264, 263, 256, 265, 264, 256, 266, 265, 256, 267, 266, 256, 268, 267, 256, 269, 268, 256, 270, 269, 256, 271, 270, 256, 272, 271, 256, 273, 272, 256, 274, 273, 256, 258, 274, 258, 275, 276, 258, 257, 275, 257, 277, 275, 257, 259, 277, 259, 278, 277, 259, 260, 278, 260, 279, 278, 260, 261, 279, 261, 280, 279, 261, 262, 280, 262, 281, 280, 262, 263, 281, 263, 282, 281, 263, 264, 282, 264, 283, 282, 264, 265, 283, 265, 284, 283, 265, 266, 284, 266, 285, 284, 266, 267, 285, 267, 286, 285, 267, 268, 286, 268, 287, 286, 268, 269, 287, 269, 288, 287, 269, 270, 288, 270, 289, 288, 270, 271, 289, 271, 290, 289, 271, 272, 290, 272, 291, 290, 272, 273, 291, 273, 292, 291, 273, 274, 292, 274, 276, 292, 274, 258, 276, 293, 276, 275, 293, 275, 277, 293, 277, 278, 293, 278, 279, 293, 279, 280, 293, 280, 281, 293, 281, 282, 293, 282, 283, 293, 283, 284, 293, 284, 285, 293, 285, 286, 293, 286, 287, 293, 287, 288, 293, 288, 289, 293, 289, 290, 293, 290, 291, 293, 291, 292, 293, 292, 276, 294, 295, 296, 294, 296, 297, 295, 298, 299, 295, 299, 296, 298, 300, 301, 298, 301, 299, 300, 302, 303, 300, 303, 301, 302, 304, 305, 302, 305, 303, 304, 306, 307, 304, 307, 305, 306, 308, 309, 306, 309, 307, 308, 310, 311, 308, 311, 309, 310, 312, 313, 310, 313, 311, 312, 314, 315, 312, 315, 313, 316, 317, 318, 316, 318, 319, 320, 321, 322, 323, 321, 320, 324, 321, 323, 324, 325, 321, 326, 325, 324, 327, 325, 326, 328, 325, 327, 329, 325, 328, 330, 325, 329, 331, 325, 330, 332, 333, 334, 335, 332, 334, 336, 335, 334, 336, 334, 337, 338, 336, 337, 339, 338, 337, 340, 339, 337, 341, 340, 337, 342, 341, 337, 343, 342, 337, 344, 345, 346, 344, 347, 345, 346, 348, 349, 346, 345, 348, 349, 350, 351, 349, 348, 350, 351, 352, 353, 351, 350, 352, 353, 354, 355, 353, 352, 354, 355, 356, 357, 355, 354, 356, 357, 358, 359, 357, 356, 358, 359, 360, 361, 359, 358, 360, 361, 362, 363, 361, 360, 362, 363, 315, 314, 363, 362, 315, 316, 364, 365, 316, 319, 364, 320, 322, 366, 367, 320, 366, 368, 367, 366, 368, 366, 369, 370, 368, 369, 371, 370, 369, 372, 371, 369, 373, 372, 369, 374, 373, 369, 375, 374, 369, 332, 376, 333, 377, 376, 332, 378, 376, 377, 378, 379, 376, 380, 379, 378, 381, 379, 380, 382, 379, 381, 383, 379, 382, 384, 379, 383, 385, 379, 384, 386, 387, 388, 389, 390, 391, 392, 393, 394, 395, 396, 397, 398, 388, 399, 400, 399, 388, 401, 391, 402, 403, 402, 391, 404, 386, 390, 405, 390, 386, 399, 400, 406, 407, 406, 400, 402, 403, 408, 409, 408, 403, 406, 407, 410, 411, 410, 407, 408, 409, 412, 413, 412, 409, 410, 411, 414, 415, 414, 411, 412, 413, 416, 417, 416, 413, 414, 415, 418, 419, 418, 415, 416, 417, 420, 421, 420, 417, 418, 419, 422, 423, 422, 419, 420, 421, 424, 425, 424, 421, 422, 423, 426, 427, 426, 423, 424, 425, 428, 429, 428, 425, 426, 427, 430, 431, 430, 427, 428, 429, 432, 433, 432, 429, 430, 431, 434, 435, 434, 431, 432, 433, 436, 437, 436, 433, 434, 435, 438, 439, 438, 435, 436, 437, 440, 441, 440, 437, 442, 387, 443, 444, 443, 387, 445, 389, 446, 447, 446, 389, 448, 394, 449, 450, 449, 394, 451, 393, 397, 452, 397, 393, 453, 396, 454, 455, 454, 396, 449, 450, 456, 457, 456, 450, 454, 455, 458, 459, 458, 455, 456, 457, 460, 461, 460, 457, 458, 459, 462, 463, 462, 459, 460, 461, 464, 465, 464, 461, 462, 463, 466, 467, 466, 463, 464, 465, 468, 469, 468, 465, 466, 467, 470, 471, 470, 467, 468, 469, 472, 473, 472, 469, 470, 471, 474, 475, 474, 471, 472, 473, 476, 477, 476, 473, 474, 475, 478, 479, 478, 475, 476, 477, 480, 481, 480, 477, 478, 479, 482, 483, 482, 479, 480, 481, 484, 485, 484, 481, 482, 483, 486, 487, 486, 483, 438, 439, 485, 484, 485, 439, 440, 441, 487, 486, 487, 441, 443, 444, 392, 488, 392, 444, 446, 447, 395, 489, 395, 447, 294, 386, 398, 389, 401, 334, 392, 448, 366, 395, 452, 364, 387, 404, 317, 388, 442, 321, 390, 445, 318, 391, 405, 297, 393, 488, 365, 394, 451, 344, 396, 489, 376, 397, 453, 347, 398, 386, 388, 386, 404, 387, 388, 387, 442, 401, 389, 391, 389, 445, 390, 391, 390, 405, 448, 392, 394, 392, 488, 393, 394, 393, 451, 452, 395, 397, 395, 489, 396, 397, 396, 453, 294, 398, 295, 399, 295, 398, 391, 297, 403, 296, 403, 297, 386, 294, 405, 297, 405, 294, 295, 399, 298, 406, 298, 399, 403, 296, 409, 299, 409, 296, 298, 406, 300, 410, 300, 406, 409, 299, 413, 301, 413, 299, 300, 410, 302, 414, 302, 410, 413, 301, 417, 303, 417, 301, 302, 414, 304, 418, 304, 414, 417, 303, 421, 305, 421, 303, 304, 418, 306, 422, 306, 418, 421, 305, 425, 307, 425, 305, 306, 422, 308, 426, 308, 422, 425, 307, 429, 309, 429, 307, 308, 426, 310, 430, 310, 426, 429, 309, 433, 311, 433, 309, 310, 430, 312, 434, 312, 430, 433, 311, 437, 313, 437, 311, 312, 434, 314, 438, 314, 434, 437, 313, 441, 315, 441, 313, 316, 444, 317, 387, 317, 444, 317, 404, 318, 390, 318, 404, 318, 445, 319, 446, 319, 445, 321, 442, 322, 443, 322, 442, 435, 323, 439, 320, 439, 323, 431, 324, 435, 323, 435, 324, 325, 400, 321, 388, 321, 400, 427, 326, 431, 324, 431, 326, 423, 327, 427, 326, 427, 327, 419, 328, 423, 327, 423, 328, 415, 329, 419, 328, 419, 329, 411, 330, 415, 329, 415, 330, 400, 325, 407, 331, 407, 325, 407, 331, 411, 330, 411, 331, 389, 334, 447, 333, 447, 334, 335, 436, 332, 440, 332, 436, 336, 432, 335, 436, 335, 432, 334, 401, 337, 402, 337, 401, 338, 428, 336, 432, 336, 428, 339, 424, 338, 428, 338, 424, 340, 420, 339, 424, 339, 420, 341, 416, 340, 420, 340, 416, 342, 412, 341, 416, 341, 412, 343, 408, 342, 412, 342, 408, 337, 402, 343, 408, 343, 402, 394, 344, 450, 346, 450, 344, 344, 451, 347, 397, 347, 451, 347, 453, 345, 454, 345, 453, 450, 346, 457, 349, 457, 346, 345, 454, 348, 458, 348, 454, 457, 349, 461, 351, 461, 349, 348, 458, 350, 462, 350, 458, 461, 351, 465, 353, 465, 351, 350, 462, 352, 466, 352, 462, 465, 353, 469, 355, 469, 353, 352, 466, 354, 470, 354, 466, 469, 355, 473, 357, 473, 355, 354, 470, 356, 474, 356, 470, 473, 357, 477, 359, 477, 357, 356, 474, 358, 478, 358, 474, 477, 359, 481, 361, 481, 359, 358, 478, 360, 482, 360, 478, 481, 361, 485, 363, 485, 361, 360, 482, 362, 486, 362, 482, 314, 438, 363, 485, 363, 438, 441, 315, 486, 362, 486, 315, 364, 452, 365, 393, 365, 452, 444, 316, 488, 365, 488, 316, 395, 364, 446, 319, 446, 364, 392, 366, 443, 322, 443, 366, 439, 320, 484, 367, 484, 320, 368, 480, 367, 484, 367, 480, 366, 448, 369, 449, 369, 448, 370, 476, 368, 480, 368, 476, 371, 472, 370, 476, 370, 472, 372, 468, 371, 472, 371, 468, 373, 464, 372, 468, 372, 464, 374, 460, 373, 464, 373, 460, 375, 456, 374, 460, 374, 456, 369, 449, 375, 456, 375, 449, 447, 333, 489, 376, 489, 333, 332, 440, 377, 487, 377, 440, 483, 378, 487, 377, 487, 378, 379, 455, 376, 396, 376, 455, 479, 380, 483, 378, 483, 380, 475, 381, 479, 380, 479, 381, 471, 382, 475, 381, 475, 382, 467, 383, 471, 382, 471, 383, 463, 384, 467, 383, 467, 384, 455, 379, 459, 385, 459, 379, 459, 385, 463, 384, 463, 385, 490, 491, 492, 492, 493, 490, 490, 493, 494, 494, 495, 490, 496, 497, 498, 498, 499, 496, 496, 499, 500, 500, 501, 496, 496, 501, 502, 502, 503, 496, 496, 503, 504, 504, 505, 496, 496, 505, 506, 506, 507, 496, 496, 507, 508, 508, 497, 496, 509, 510, 511, 511, 512, 509, 509, 512, 504, 504, 503, 509, 509, 503, 502, 502, 501, 509, 509, 501, 500, 500, 513, 509, 509, 513, 514, 514, 510, 509, 515, 516, 517, 517, 518, 515, 515, 518, 519, 519, 520, 515, 515, 520, 521, 521, 522, 515, 515, 522, 523, 523, 516, 515, 524, 525, 526, 526, 527, 524, 524, 527, 517, 517, 516, 524, 524, 516, 523, 523, 528, 524, 524, 528, 529, 529, 525, 524, 530, 510, 514, 514, 531, 530, 530, 531, 532, 532, 533, 530, 530, 533, 534, 534, 535, 530, 530, 535, 511, 511, 510, 530, 536, 537, 538, 538, 539, 536, 536, 539, 526, 526, 525, 536, 536, 525, 529, 529, 540, 536, 536, 540, 541, 541, 537, 536, 542, 533, 532, 532, 543, 542, 542, 543, 544, 544, 545, 542, 542, 545, 546, 546, 547, 542, 542, 547, 534, 534, 533, 542, 548, 549, 550, 550, 551, 548, 548, 551, 538, 538, 537, 548, 548, 537, 541, 541, 552, 548, 548, 552, 553, 553, 549, 548, 554, 545, 544, 544, 555, 554, 554, 555, 550, 550, 549, 554, 554, 549, 553, 553, 556, 554, 554, 556, 546, 546, 545, 554, 557, 558, 508, 508, 507, 557, 557, 507, 506, 506, 559, 557, 557, 559, 560, 560, 561, 557, 557, 561, 562, 562, 558, 557, 563, 564, 523, 523, 522, 563, 563, 522, 521, 521, 565, 563, 563, 565, 566, 566, 567, 563, 563, 567, 568, 568, 564, 563, 569, 570, 529, 529, 528, 569, 569, 528, 523, 523, 564, 569, 569, 564, 568, 568, 571, 569, 569, 571, 572, 572, 570, 569, 573, 574, 511, 511, 535, 573, 573, 535, 534, 534, 575, 573, 573, 575, 576, 576, 577, 573, 573, 577, 578, 578, 574, 573, 579, 580, 541, 541, 540, 579, 579, 540, 529, 529, 570, 579, 579, 570, 572, 572, 581, 579, 579, 581, 582, 582, 580, 579, 583, 575, 534, 534, 547, 583, 583, 547, 546, 546, 584, 583, 583, 584, 585, 585, 586, 583, 583, 586, 576, 576, 575, 583, 587, 588, 553, 553, 552, 587, 587, 552, 541, 541, 580, 587, 587, 580, 582, 582, 589, 587, 587, 589, 590, 590, 588, 587, 591, 584, 546, 546, 556, 591, 591, 556, 553, 553, 588, 591, 591, 588, 590, 590, 592, 591, 591, 592, 585, 585, 584, 591, 593, 559, 506, 506, 505, 593, 593, 505, 504, 504, 594, 593, 593, 594, 595, 595, 596, 593, 593, 596, 597, 597, 598, 593, 593, 598, 560, 560, 559, 593, 599, 574, 578, 578, 600, 599, 599, 600, 597, 597, 596, 599, 599, 596, 595, 595, 594, 599, 599, 594, 504, 504, 512, 599, 599, 512, 511, 511, 574, 599, 601, 602, 562, 562, 561, 601, 601, 561, 560, 560, 603, 601, 601, 603, 492, 492, 491, 601, 601, 491, 604, 604, 602, 601, 605, 606, 568, 568, 567, 605, 605, 567, 566, 566, 607, 605, 605, 607, 608, 608, 609, 605, 605, 609, 610, 610, 606, 605, 611, 612, 572, 572, 571, 611, 611, 571, 568, 568, 606, 611, 611, 606, 610, 610, 613, 611, 611, 613, 614, 614, 612, 611, 615, 616, 578, 578, 577, 615, 615, 577, 576, 576, 617, 615, 615, 617, 618, 618, 619, 615, 615, 619, 620, 620, 616, 615, 621, 622, 582, 582, 581, 621, 621, 581, 572, 572, 612, 621, 621, 612, 614, 614, 623, 621, 621, 623, 624, 624, 622, 621, 625, 617, 576, 576, 586, 625, 625, 586, 585, 585, 626, 625, 625, 626, 627, 627, 628, 625, 625, 628, 618, 618, 617, 625, 629, 630, 590, 590, 589, 629, 629, 589, 582, 582, 622, 629, 629, 622, 624, 624, 631, 629, 629, 631, 632, 632, 630, 629, 633, 626, 585, 585, 592, 633, 633, 592, 590, 590, 630, 633, 633, 630, 632, 632, 634, 633, 633, 634, 627, 627, 626, 633, 635, 603, 560, 560, 598, 635, 635, 598, 597, 597, 636, 635, 635, 636, 637, 637, 638, 635, 635, 638, 639, 639, 640, 635, 635, 640, 492, 492, 603, 635, 641, 616, 620, 620, 642, 641, 641, 642, 639, 639, 638, 641, 641, 638, 637, 637, 636, 641, 641, 636, 597, 597, 600, 641, 641, 600, 578, 578, 616, 641, 643, 609, 608, 608, 644, 643, 643, 644, 645, 645, 646, 643, 643, 646, 647, 647, 648, 643, 643, 648, 639, 639, 642, 643, 643, 642, 620, 620, 619, 643, 643, 619, 618, 618, 628, 643, 643, 628, 627, 627, 634, 643, 643, 634, 632, 632, 631, 643, 643, 631, 624, 624, 623, 643, 643, 623, 614, 614, 613, 643, 643, 613, 610, 610, 609, 643, 649, 648, 647, 647, 646, 649, 649, 646, 645, 645, 650, 649, 649, 650, 494, 494, 493, 649, 649, 493, 492, 492, 640, 649, 649, 640, 639, 639, 648, 649, 651, 652, 653, 653, 654, 651, 651, 654, 655, 655, 656, 651, 651, 656, 657, 657, 658, 651, 651, 658, 659, 659, 660, 651, 651, 660, 661, 661, 662, 651, 651, 662, 663, 663, 664, 651, 651, 664, 665, 665, 666, 651, 651, 666, 667, 667, 668, 651, 651, 668, 669, 669, 670, 651, 651, 670, 671, 671, 672, 651, 651, 672, 673, 673, 652, 651, 674, 495, 494, 494, 675, 674, 674, 675, 676, 676, 677, 674, 678, 679, 680, 680, 681, 678, 678, 681, 682, 682, 683, 678, 678, 683, 684, 684, 685, 678, 678, 685, 686, 686, 687, 678, 678, 687, 688, 688, 689, 678, 678, 689, 690, 690, 679, 678, 691, 692, 693, 693, 694, 691, 691, 694, 695, 695, 696, 691, 691, 696, 690, 690, 689, 691, 691, 689, 688, 688, 687, 691, 691, 687, 686, 686, 692, 691, 697, 698, 699, 699, 700, 697, 697, 700, 701, 701, 702, 697, 697, 702, 521, 521, 520, 697, 697, 520, 519, 519, 698, 697, 703, 704, 705, 705, 706, 703, 703, 706, 707, 707, 708, 703, 703, 708, 701, 701, 700, 703, 703, 700, 699, 699, 704, 703, 709, 710, 695, 695, 694, 709, 709, 694, 693, 693, 711, 709, 709, 711, 712, 712, 713, 709, 709, 713, 714, 714, 710, 709, 715, 716, 717, 717, 718, 715, 715, 718, 719, 719, 720, 715, 715, 720, 707, 707, 706, 715, 715, 706, 705, 705, 716, 715, 721, 722, 714, 714, 713, 721, 721, 713, 712, 712, 723, 721, 721, 723, 724, 724, 725, 721, 721, 725, 726, 726, 722, 721, 727, 728, 729, 729, 730, 727, 727, 730, 731, 731, 732, 727, 727, 732, 719, 719, 718, 727, 727, 718, 717, 717, 728, 727, 733, 734, 726, 726, 725, 733, 733, 725, 724, 724, 735, 733, 733, 735, 731, 731, 730, 733, 733, 730, 729, 729, 734, 733, 736, 683, 682, 682, 737, 736, 736, 737, 738, 738, 739, 736, 736, 739, 740, 740, 741, 736, 736, 741, 684, 684, 683, 736, 742, 702, 701, 701, 743, 742, 742, 743, 744, 744, 745, 742, 742, 745, 566, 566, 565, 742, 742, 565, 521, 521, 702, 742, 746, 708, 707, 707, 747, 746, 746, 747, 748, 748, 749, 746, 746, 749, 744, 744, 743, 746, 746, 743, 701, 701, 708, 746, 750, 711, 693, 693, 751, 750, 750, 751, 752, 752, 753, 750, 750, 753, 754, 754, 755, 750, 750, 755, 712, 712, 711, 750, 756, 720, 719, 719, 757, 756, 756, 757, 758, 758, 759, 756, 756, 759, 748, 748, 747, 756, 756, 747, 707, 707, 720, 756, 760, 723, 712, 712, 755, 760, 760, 755, 754, 754, 761, 760, 760, 761, 762, 762, 763, 760, 760, 763, 724, 724, 723, 760, 764, 732, 731, 731, 765, 764, 764, 765, 766, 766, 767, 764, 764, 767, 758, 758, 757, 764, 764, 757, 719, 719, 732, 764, 768, 735, 724, 724, 763, 768, 768, 763, 762, 762, 769, 768, 768, 769, 766, 766, 765, 768, 768, 765, 731, 731, 735, 768, 770, 685, 684, 684, 741, 770, 770, 741, 740, 740, 771, 770, 770, 771, 772, 772, 773, 770, 770, 773, 774, 774, 775, 770, 770, 775, 686, 686, 685, 770, 776, 777, 752, 752, 751, 776, 776, 751, 693, 693, 692, 776, 776, 692, 686, 686, 775, 776, 776, 775, 774, 774, 773, 776, 776, 773, 772, 772, 777, 776, 778, 739, 738, 738, 779, 778, 778, 779, 780, 780, 677, 778, 778, 677, 676, 676, 781, 778, 778, 781, 740, 740, 739, 778, 782, 745, 744, 744, 783, 782, 782, 783, 784, 784, 785, 782, 782, 785, 608, 608, 607, 782, 782, 607, 566, 566, 745, 782, 786, 749, 748, 748, 787, 786, 786, 787, 788, 788, 789, 786, 786, 789, 784, 784, 783, 786, 786, 783, 744, 744, 749, 786, 790, 753, 752, 752, 791, 790, 790, 791, 792, 792, 793, 790, 790, 793, 794, 794, 795, 790, 790, 795, 754, 754, 753, 790, 796, 759, 758, 758, 797, 796, 796, 797, 798, 798, 799, 796, 796, 799, 788, 788, 787, 796, 796, 787, 748, 748, 759, 796, 800, 761, 754, 754, 795, 800, 800, 795, 794, 794, 801, 800, 800, 801, 802, 802, 803, 800, 800, 803, 762, 762, 761, 800, 804, 767, 766, 766, 805, 804, 804, 805, 806, 806, 807, 804, 804, 807, 798, 798, 797, 804, 804, 797, 758, 758, 767, 804, 808, 769, 762, 762, 803, 808, 808, 803, 802, 802, 809, 808, 808, 809, 806, 806, 805, 808, 808, 805, 766, 766, 769, 808, 810, 771, 740, 740, 781, 810, 810, 781, 676, 676, 811, 810, 810, 811, 812, 812, 813, 810, 810, 813, 814, 814, 815, 810, 810, 815, 772, 772, 771, 810, 816, 817, 792, 792, 791, 816, 816, 791, 752, 752, 777, 816, 816, 777, 772, 772, 815, 816, 816, 815, 814, 814, 813, 816, 816, 813, 812, 812, 817, 816, 818, 644, 608, 608, 785, 818, 818, 785, 784, 784, 789, 818, 818, 789, 788, 788, 799, 818, 818, 799, 798, 798, 807, 818, 818, 807, 806, 806, 809, 818, 818, 809, 802, 802, 801, 818, 818, 801, 794, 794, 793, 818, 818, 793, 792, 792, 817, 818, 818, 817, 812, 812, 819, 818, 818, 819, 820, 820, 821, 818, 818, 821, 645, 645, 644, 818, 822, 821, 820, 820, 819, 822, 822, 819, 812, 812, 811, 822, 822, 811, 676, 676, 675, 822, 822, 675, 494, 494, 650, 822, 822, 650, 645, 645, 821, 822, 823, 824, 825, 825, 826, 823, 823, 826, 827, 827, 828, 823, 823, 828, 829, 829, 830, 823, 823, 830, 831, 831, 832, 823, 823, 832, 833, 833, 834, 823, 823, 834, 835, 835, 836, 823, 823, 836, 663, 663, 662, 823, 823, 662, 661, 661, 837, 823, 823, 837, 838, 838, 839, 823, 823, 839, 840, 840, 841, 823, 823, 841, 842, 842, 824, 823, 843, 844, 845, 845, 846, 843, 843, 846, 847, 847, 848, 843, 849, 850, 498, 498, 497, 849, 849, 497, 508, 508, 851, 849, 849, 851, 852, 852, 853, 849, 849, 853, 854, 854, 855, 849, 849, 855, 856, 856, 857, 849, 849, 857, 858, 858, 850, 849, 859, 860, 861, 861, 862, 859, 859, 862, 863, 863, 864, 859, 859, 864, 858, 858, 857, 859, 859, 857, 856, 856, 855, 859, 859, 855, 854, 854, 860, 859, 865, 866, 867, 867, 868, 865, 865, 868, 869, 869, 870, 865, 865, 870, 871, 871, 872, 865, 865, 872, 873, 873, 866, 865, 874, 875, 876, 876, 877, 874, 874, 877, 878, 878, 879, 874, 874, 879, 869, 869, 868, 874, 874, 868, 867, 867, 875, 874, 880, 881, 863, 863, 862, 880, 880, 862, 861, 861, 882, 880, 880, 882, 883, 883, 884, 880, 880, 884, 885, 885, 881, 880, 886, 887, 888, 888, 889, 886, 886, 889, 890, 890, 891, 886, 886, 891, 878, 878, 877, 886, 886, 877, 876, 876, 887, 886, 892, 893, 885, 885, 884, 892, 892, 884, 883, 883, 894, 892, 892, 894, 895, 895, 896, 892, 892, 896, 897, 897, 893, 892, 898, 899, 900, 900, 901, 898, 898, 901, 902, 902, 903, 898, 898, 903, 890, 890, 889, 898, 898, 889, 888, 888, 899, 898, 904, 905, 897, 897, 896, 904, 904, 896, 895, 895, 906, 904, 904, 906, 902, 902, 901, 904, 904, 901, 900, 900, 905, 904, 907, 851, 508, 508, 558, 907, 907, 558, 562, 562, 908, 907, 907, 908, 909, 909, 910, 907, 907, 910, 852, 852, 851, 907, 911, 870, 869, 869, 912, 911, 911, 912, 913, 913, 914, 911, 911, 914, 915, 915, 916, 911, 911, 916, 871, 871, 870, 911, 917, 879, 878, 878, 918, 917, 917, 918, 919, 919, 920, 917, 917, 920, 913, 913, 912, 917, 917, 912, 869, 869, 879, 917, 921, 882, 861, 861, 922, 921, 921, 922, 923, 923, 924, 921, 921, 924, 925, 925, 926, 921, 921, 926, 883, 883, 882, 921, 927, 891, 890, 890, 928, 927, 927, 928, 929, 929, 930, 927, 927, 930, 919, 919, 918, 927, 927, 918, 878, 878, 891, 927, 931, 894, 883, 883, 926, 931, 931, 926, 925, 925, 932, 931, 931, 932, 933, 933, 934, 931, 931, 934, 895, 895, 894, 931, 935, 903, 902, 902, 936, 935, 935, 936, 937, 937, 938, 935, 935, 938, 929, 929, 928, 935, 935, 928, 890, 890, 903, 935, 939, 906, 895, 895, 934, 939, 939, 934, 933, 933, 940, 939, 939, 940, 937, 937, 936, 939, 939, 936, 902, 902, 906, 939, 941, 853, 852, 852, 910, 941, 941, 910, 909, 909, 942, 941, 941, 942, 943, 943, 944, 941, 941, 944, 945, 945, 946, 941, 941, 946, 854, 854, 853, 941, 947, 948, 923, 923, 922, 947, 947, 922, 861, 861, 860, 947, 947, 860, 854, 854, 946, 947, 947, 946, 945, 945, 944, 947, 947, 944, 943, 943, 948, 947, 949, 908, 562, 562, 602, 949, 949, 602, 604, 604, 848, 949, 949, 848, 847, 847, 950, 949, 949, 950, 909, 909, 908, 949, 951, 914, 913, 913, 952, 951, 951, 952, 953, 953, 954, 951, 951, 954, 955, 955, 956, 951, 951, 956, 915, 915, 914, 951, 957, 920, 919, 919, 958, 957, 957, 958, 959, 959, 960, 957, 957, 960, 953, 953, 952, 957, 957, 952, 913, 913, 920, 957, 961, 924, 923, 923, 962, 961, 961, 962, 963, 963, 964, 961, 961, 964, 965, 965, 966, 961, 961, 966, 925, 925, 924, 961, 967, 930, 929, 929, 968, 967, 967, 968, 969, 969, 970, 967, 967, 970, 959, 959, 958, 967, 967, 958, 919, 919, 930, 967, 971, 932, 925, 925, 966, 971, 971, 966, 965, 965, 972, 971, 971, 972, 973, 973, 974, 971, 971, 974, 933, 933, 932, 971, 975, 938, 937, 937, 976, 975, 975, 976, 977, 977, 978, 975, 975, 978, 969, 969, 968, 975, 975, 968, 929, 929, 938, 975, 979, 940, 933, 933, 974, 979, 979, 974, 973, 973, 980, 979, 979, 980, 977, 977, 976, 979, 979, 976, 937, 937, 940, 979, 981, 942, 909, 909, 950, 981, 981, 950, 847, 847, 982, 981, 981, 982, 983, 983, 984, 981, 981, 984, 985, 985, 986, 981, 981, 986, 943, 943, 942, 981, 987, 988, 963, 963, 962, 987, 987, 962, 923, 923, 948, 987, 987, 948, 943, 943, 986, 987, 987, 986, 985, 985, 984, 987, 987, 984, 983, 983, 988, 987, 989, 990, 955, 955, 954, 989, 989, 954, 953, 953, 960, 989, 989, 960, 959, 959, 970, 989, 989, 970, 969, 969, 978, 989, 989, 978, 977, 977, 980, 989, 989, 980, 973, 973, 972, 989, 989, 972, 965, 965, 964, 989, 989, 964, 963, 963, 988, 989, 989, 988, 983, 983, 991, 989, 989, 991, 992, 992, 993, 989, 989, 993, 994, 994, 990, 989, 995, 993, 992, 992, 991, 995, 995, 991, 983, 983, 982, 995, 995, 982, 847, 847, 846, 995, 995, 846, 845, 845, 996, 995, 995, 996, 994, 994, 993, 995, 997, 998, 999, 999, 1000, 997, 997, 1000, 1001, 1001, 1002, 997, 997, 1002, 1003, 1003, 1004, 997, 997, 1004, 1005, 1005, 1006, 997, 997, 1006, 1007, 1007, 1008, 997, 997, 1008, 1009, 1009, 1010, 997, 997, 1010, 1011, 1011, 1012, 997, 997, 1012, 661, 661, 660, 997, 997, 660, 659, 659, 1013, 997, 997, 1013, 1014, 1014, 1015, 997, 997, 1015, 1016, 1016, 998, 997, 1017, 1018, 1019, 1019, 1020, 1017, 1017, 1020, 845, 845, 844, 1017, 1021, 681, 680, 680, 1022, 1021, 1021, 1022, 1023, 1023, 1024, 1021, 1021, 1024, 1025, 1025, 1026, 1021, 1021, 1026, 1027, 1027, 1028, 1021, 1021, 1028, 1029, 1029, 1030, 1021, 1021, 1030, 682, 682, 681, 1021, 1031, 1032, 1033, 1033, 1034, 1031, 1031, 1034, 1027, 1027, 1026, 1031, 1031, 1026, 1025, 1025, 1024, 1031, 1031, 1024, 1023, 1023, 1035, 1031, 1031, 1035, 1036, 1036, 1032, 1031, 1037, 1038, 1039, 1039, 1040, 1037, 1037, 1040, 873, 873, 872, 1037, 1037, 872, 871, 871, 1041, 1037, 1037, 1041, 1042, 1042, 1038, 1037, 1043, 1044, 1045, 1045, 1046, 1043, 1043, 1046, 1039, 1039, 1038, 1043, 1043, 1038, 1042, 1042, 1047, 1043, 1043, 1047, 1048, 1048, 1044, 1043, 1049, 1032, 1036, 1036, 1050, 1049, 1049, 1050, 1051, 1051, 1052, 1049, 1049, 1052, 1053, 1053, 1054, 1049, 1049, 1054, 1033, 1033, 1032, 1049, 1055, 1056, 1057, 1057, 1058, 1055, 1055, 1058, 1045, 1045, 1044, 1055, 1055, 1044, 1048, 1048, 1059, 1055, 1055, 1059, 1060, 1060, 1056, 1055, 1061, 1052, 1051, 1051, 1062, 1061, 1061, 1062, 1063, 1063, 1064, 1061, 1061, 1064, 1065, 1065, 1066, 1061, 1061, 1066, 1053, 1053, 1052, 1061, 1067, 1068, 1069, 1069, 1070, 1067, 1067, 1070, 1057, 1057, 1056, 1067, 1067, 1056, 1060, 1060, 1071, 1067, 1067, 1071, 1072, 1072, 1068, 1067, 1073, 1064, 1063, 1063, 1074, 1073, 1073, 1074, 1069, 1069, 1068, 1073, 1073, 1068, 1072, 1072, 1075, 1073, 1073, 1075, 1065, 1065, 1064, 1073, 1076, 737, 682, 682, 1030, 1076, 1076, 1030, 1029, 1029, 1077, 1076, 1076, 1077, 1078, 1078, 1079, 1076, 1076, 1079, 738, 738, 737, 1076, 1080, 1081, 1042, 1042, 1041, 1080, 1080, 1041, 871, 871, 916, 1080, 1080, 916, 915, 915, 1082, 1080, 1080, 1082, 1083, 1083, 1081, 1080, 1084, 1085, 1048, 1048, 1047, 1084, 1084, 1047, 1042, 1042, 1081, 1084, 1084, 1081, 1083, 1083, 1086, 1084, 1084, 1086, 1087, 1087, 1085, 1084, 1088, 1089, 1033, 1033, 1054, 1088, 1088, 1054, 1053, 1053, 1090, 1088, 1088, 1090, 1091, 1091, 1092, 1088, 1088, 1092, 1093, 1093, 1089, 1088, 1094, 1095, 1060, 1060, 1059, 1094, 1094, 1059, 1048, 1048, 1085, 1094, 1094, 1085, 1087, 1087, 1096, 1094, 1094, 1096, 1097, 1097, 1095, 1094, 1098, 1090, 1053, 1053, 1066, 1098, 1098, 1066, 1065, 1065, 1099, 1098, 1098, 1099, 1100, 1100, 1101, 1098, 1098, 1101, 1091, 1091, 1090, 1098, 1102, 1103, 1072, 1072, 1071, 1102, 1102, 1071, 1060, 1060, 1095, 1102, 1102, 1095, 1097, 1097, 1104, 1102, 1102, 1104, 1105, 1105, 1103, 1102, 1106, 1099, 1065, 1065, 1075, 1106, 1106, 1075, 1072, 1072, 1103, 1106, 1106, 1103, 1105, 1105, 1107, 1106, 1106, 1107, 1100, 1100, 1099, 1106, 1108, 1077, 1029, 1029, 1028, 1108, 1108, 1028, 1027, 1027, 1109, 1108, 1108, 1109, 1110, 1110, 1111, 1108, 1108, 1111, 1112, 1112, 1113, 1108, 1108, 1113, 1078, 1078, 1077, 1108, 1114, 1089, 1093, 1093, 1115, 1114, 1114, 1115, 1112, 1112, 1111, 1114, 1114, 1111, 1110, 1110, 1109, 1114, 1114, 1109, 1027, 1027, 1034, 1114, 1114, 1034, 1033, 1033, 1089, 1114, 1116, 779, 738, 738, 1079, 1116, 1116, 1079, 1078, 1078, 1117, 1116, 1116, 1117, 1019, 1019, 1018, 1116, 1116, 1018, 780, 780, 779, 1116, 1118, 1119, 1083, 1083, 1082, 1118, 1118, 1082, 915, 915, 956, 1118, 1118, 956, 955, 955, 1120, 1118, 1118, 1120, 1121, 1121, 1119, 1118, 1122, 1123, 1087, 1087, 1086, 1122, 1122, 1086, 1083, 1083, 1119, 1122, 1122, 1119, 1121, 1121, 1124, 1122, 1122, 1124, 1125, 1125, 1123, 1122, 1126, 1127, 1093, 1093, 1092, 1126, 1126, 1092, 1091, 1091, 1128, 1126, 1126, 1128, 1129, 1129, 1130, 1126, 1126, 1130, 1131, 1131, 1127, 1126, 1132, 1133, 1097, 1097, 1096, 1132, 1132, 1096, 1087, 1087, 1123, 1132, 1132, 1123, 1125, 1125, 1134, 1132, 1132, 1134, 1135, 1135, 1133, 1132, 1136, 1128, 1091, 1091, 1101, 1136, 1136, 1101, 1100, 1100, 1137, 1136, 1136, 1137, 1138, 1138, 1139, 1136, 1136, 1139, 1129, 1129, 1128, 1136, 1140, 1141, 1105, 1105, 1104, 1140, 1140, 1104, 1097, 1097, 1133, 1140, 1140, 1133, 1135, 1135, 1142, 1140, 1140, 1142, 1143, 1143, 1141, 1140, 1144, 1137, 1100, 1100, 1107, 1144, 1144, 1107, 1105, 1105, 1141, 1144, 1144, 1141, 1143, 1143, 1145, 1144, 1144, 1145, 1138, 1138, 1137, 1144, 1146, 1117, 1078, 1078, 1113, 1146, 1146, 1113, 1112, 1112, 1147, 1146, 1146, 1147, 1148, 1148, 1149, 1146, 1146, 1149, 1150, 1150, 1151, 1146, 1146, 1151, 1019, 1019, 1117, 1146, 1152, 1127, 1131, 1131, 1153, 1152, 1152, 1153, 1150, 1150, 1149, 1152, 1152, 1149, 1148, 1148, 1147, 1152, 1152, 1147, 1112, 1112, 1115, 1152, 1152, 1115, 1093, 1093, 1127, 1152, 1154, 1120, 955, 955, 990, 1154, 1154, 990, 994, 994, 1155, 1154, 1154, 1155, 1156, 1156, 1157, 1154, 1154, 1157, 1150, 1150, 1153, 1154, 1154, 1153, 1131, 1131, 1130, 1154, 1154, 1130, 1129, 1129, 1139, 1154, 1154, 1139, 1138, 1138, 1145, 1154, 1154, 1145, 1143, 1143, 1142, 1154, 1154, 1142, 1135, 1135, 1134, 1154, 1154, 1134, 1125, 1125, 1124, 1154, 1154, 1124, 1121, 1121, 1120, 1154, 1158, 1157, 1156, 1156, 1155, 1158, 1158, 1155, 994, 994, 996, 1158, 1158, 996, 845, 845, 1020, 1158, 1158, 1020, 1019, 1019, 1151, 1158, 1158, 1151, 1150, 1150, 1157, 1158, 1159, 1160, 1161, 1161, 1162, 1159, 1159, 1162, 1163, 1163, 1164, 1159, 1159, 1164, 1165, 1165, 1166, 1159, 1159, 1166, 838, 838, 837, 1159, 1159, 837, 661, 661, 1012, 1159, 1159, 1012, 1011, 1011, 1167, 1159, 1159, 1167, 1168, 1168, 1169, 1159, 1159, 1169, 1170, 1170, 1171, 1159, 1159, 1171, 1172, 1172, 1173, 1159, 1159, 1173, 1174, 1174, 1175, 1159, 1159, 1175, 1176, 1176, 1160, 1159, 1177, 1178, 500, 500, 499, 1177, 1177, 499, 498, 498, 1179, 1177, 1177, 1179, 1180, 1180, 1181, 1177, 1177, 1181, 1182, 1182, 1178, 1177, 1183, 1184, 519, 519, 518, 1183, 1183, 518, 517, 517, 1185, 1183, 1183, 1185, 1186, 1186, 1187, 1183, 1183, 1187, 1188, 1188, 1184, 1183, 1189, 1185, 517, 517, 527, 1189, 1189, 527, 526, 526, 1190, 1189, 1189, 1190, 1191, 1191, 1192, 1189, 1189, 1192, 1186, 1186, 1185, 1189, 1193, 1194, 532, 532, 531, 1193, 1193, 531, 514, 514, 1195, 1193, 1193, 1195, 1196, 1196, 1197, 1193, 1193, 1197, 1198, 1198, 1194, 1193, 1199, 1190, 526, 526, 539, 1199, 1199, 539, 538, 538, 1200, 1199, 1199, 1200, 1201, 1201, 1202, 1199, 1199, 1202, 1191, 1191, 1190, 1199, 1203, 1204, 544, 544, 543, 1203, 1203, 543, 532, 532, 1194, 1203, 1203, 1194, 1198, 1198, 1205, 1203, 1203, 1205, 1206, 1206, 1204, 1203, 1207, 1200, 538, 538, 551, 1207, 1207, 551, 550, 550, 1208, 1207, 1207, 1208, 1209, 1209, 1210, 1207, 1207, 1210, 1201, 1201, 1200, 1207, 1211, 1208, 550, 550, 555, 1211, 1211, 555, 544, 544, 1204, 1211, 1211, 1204, 1206, 1206, 1212, 1211, 1211, 1212, 1209, 1209, 1208, 1211, 1213, 1195, 514, 514, 513, 1213, 1213, 513, 500, 500, 1178, 1213, 1213, 1178, 1182, 1182, 1214, 1213, 1213, 1214, 1196, 1196, 1195, 1213, 1215, 1216, 680, 680, 679, 1215, 1215, 679, 690, 690, 1217, 1215, 1215, 1217, 1218, 1218, 1219, 1215, 1215, 1219, 1220, 1220, 1216, 1215, 1221, 1222, 699, 699, 698, 1221, 1221, 698, 519, 519, 1184, 1221, 1221, 1184, 1188, 1188, 1223, 1221, 1221, 1223, 1224, 1224, 1222, 1221, 1225, 1226, 705, 705, 704, 1225, 1225, 704, 699, 699, 1222, 1225, 1225, 1222, 1224, 1224, 1227, 1225, 1225, 1227, 1228, 1228, 1226, 1225, 1229, 1230, 695, 695, 710, 1229, 1229, 710, 714, 714, 1231, 1229, 1229, 1231, 1232, 1232, 1233, 1229, 1229, 1233, 1234, 1234, 1230, 1229, 1235, 1236, 717, 717, 716, 1235, 1235, 716, 705, 705, 1226, 1235, 1235, 1226, 1228, 1228, 1237, 1235, 1235, 1237, 1238, 1238, 1236, 1235, 1239, 1231, 714, 714, 722, 1239, 1239, 722, 726, 726, 1240, 1239, 1239, 1240, 1241, 1241, 1242, 1239, 1239, 1242, 1232, 1232, 1231, 1239, 1243, 1244, 729, 729, 728, 1243, 1243, 728, 717, 717, 1236, 1243, 1243, 1236, 1238, 1238, 1245, 1243, 1243, 1245, 1246, 1246, 1244, 1243, 1247, 1240, 726, 726, 734, 1247, 1247, 734, 729, 729, 1244, 1247, 1247, 1244, 1246, 1246, 1248, 1247, 1247, 1248, 1241, 1241, 1240, 1247, 1249, 1217, 690, 690, 696, 1249, 1249, 696, 695, 695, 1230, 1249, 1249, 1230, 1234, 1234, 1250, 1249, 1249, 1250, 1218, 1218, 1217, 1249, 1251, 1179, 498, 498, 850, 1251, 1251, 850, 858, 858, 1252, 1251, 1251, 1252, 1253, 1253, 1254, 1251, 1251, 1254, 1180, 1180, 1179, 1251, 1255, 1256, 867, 867, 866, 1255, 1255, 866, 873, 873, 1257, 1255, 1255, 1257, 1258, 1258, 1259, 1255, 1255, 1259, 1260, 1260, 1256, 1255, 1261, 1262, 876, 876, 875, 1261, 1261, 875, 867, 867, 1256, 1261, 1261, 1256, 1260, 1260, 1263, 1261, 1261, 1263, 1264, 1264, 1262, 1261, 1265, 1266, 863, 863, 881, 1265, 1265, 881, 885, 885, 1267, 1265, 1265, 1267, 1268, 1268, 1269, 1265, 1265, 1269, 1270, 1270, 1266, 1265, 1271, 1272, 888, 888, 887, 1271, 1271, 887, 876, 876, 1262, 1271, 1271, 1262, 1264, 1264, 1273, 1271, 1271, 1273, 1274, 1274, 1272, 1271, 1275, 1267, 885, 885, 893, 1275, 1275, 893, 897, 897, 1276, 1275, 1275, 1276, 1277, 1277, 1278, 1275, 1275, 1278, 1268, 1268, 1267, 1275, 1279, 1280, 900, 900, 899, 1279, 1279, 899, 888, 888, 1272, 1279, 1279, 1272, 1274, 1274, 1281, 1279, 1279, 1281, 1282, 1282, 1280, 1279, 1283, 1276, 897, 897, 905, 1283, 1283, 905, 900, 900, 1280, 1283, 1283, 1280, 1282, 1282, 1284, 1283, 1283, 1284, 1277, 1277, 1276, 1283, 1285, 1252, 858, 858, 864, 1285, 1285, 864, 863, 863, 1266, 1285, 1285, 1266, 1270, 1270, 1286, 1285, 1285, 1286, 1253, 1253, 1252, 1285, 1287, 1288, 1023, 1023, 1022, 1287, 1287, 1022, 680, 680, 1216, 1287, 1287, 1216, 1220, 1220, 1289, 1287, 1287, 1289, 1290, 1290, 1288, 1287, 1291, 1257, 873, 873, 1040, 1291, 1291, 1040, 1039, 1039, 1292, 1291, 1291, 1292, 1293, 1293, 1294, 1291, 1291, 1294, 1258, 1258, 1257, 1291, 1295, 1292, 1039, 1039, 1046, 1295, 1295, 1046, 1045, 1045, 1296, 1295, 1295, 1296, 1297, 1297, 1298, 1295, 1295, 1298, 1293, 1293, 1292, 1295, 1299, 1300, 1051, 1051, 1050, 1299, 1299, 1050, 1036, 1036, 1301, 1299, 1299, 1301, 1302, 1302, 1303, 1299, 1299, 1303, 1304, 1304, 1300, 1299, 1305, 1296, 1045, 1045, 1058, 1305, 1305, 1058, 1057, 1057, 1306, 1305, 1305, 1306, 1307, 1307, 1308, 1305, 1305, 1308, 1297, 1297, 1296, 1305, 1309, 1310, 1063, 1063, 1062, 1309, 1309, 1062, 1051, 1051, 1300, 1309, 1309, 1300, 1304, 1304, 1311, 1309, 1309, 1311, 1312, 1312, 1310, 1309, 1313, 1306, 1057, 1057, 1070, 1313, 1313, 1070, 1069, 1069, 1314, 1313, 1313, 1314, 1315, 1315, 1316, 1313, 1313, 1316, 1307, 1307, 1306, 1313, 1317, 1314, 1069, 1069, 1074, 1317, 1317, 1074, 1063, 1063, 1310, 1317, 1317, 1310, 1312, 1312, 1318, 1317, 1317, 1318, 1315, 1315, 1314, 1317, 1319, 1301, 1036, 1036, 1035, 1319, 1319, 1035, 1023, 1023, 1288, 1319, 1319, 1288, 1290, 1290, 1320, 1319, 1319, 1320, 1302, 1302, 1301, 1319, 1321, 1322, 1188, 1188, 1187, 1321, 1321, 1187, 1186, 1186, 1323, 1321, 1321, 1323, 665, 665, 664, 1321, 1321, 664, 663, 663, 1322, 1321, 1324, 1323, 1186, 1186, 1192, 1324, 1324, 1192, 1191, 1191, 1325, 1324, 1324, 1325, 667, 667, 666, 1324, 1324, 666, 665, 665, 1323, 1324, 1326, 1325, 1191, 1191, 1202, 1326, 1326, 1202, 1201, 1201, 1327, 1326, 1326, 1327, 669, 669, 668, 1326, 1326, 668, 667, 667, 1325, 1326, 1328, 1327, 1201, 1201, 1210, 1328, 1328, 1210, 1209, 1209, 1329, 1328, 1328, 1329, 671, 671, 670, 1328, 1328, 670, 669, 669, 1327, 1328, 1330, 1329, 1209, 1209, 1212, 1330, 1330, 1212, 1206, 1206, 1331, 1330, 1330, 1331, 673, 673, 672, 1330, 1330, 672, 671, 671, 1329, 1330, 1332, 1331, 1206, 1206, 1205, 1332, 1332, 1205, 1198, 1198, 1333, 1332, 1332, 1333, 653, 653, 652, 1332, 1332, 652, 673, 673, 1331, 1332, 1334, 1333, 1198, 1198, 1197, 1334, 1334, 1197, 1196, 1196, 1335, 1334, 1334, 1335, 655, 655, 654, 1334, 1334, 654, 653, 653, 1333, 1334, 1336, 1335, 1196, 1196, 1214, 1336, 1336, 1214, 1182, 1182, 1337, 1336, 1336, 1337, 657, 657, 656, 1336, 1336, 656, 655, 655, 1335, 1336, 1338, 1337, 1182, 1182, 1181, 1338, 1338, 1181, 1180, 1180, 1339, 1338, 1338, 1339, 659, 659, 658, 1338, 1338, 658, 657, 657, 1337, 1338, 1340, 1341, 1228, 1228, 1227, 1340, 1340, 1227, 1224, 1224, 1342, 1340, 1340, 1342, 835, 835, 834, 1340, 1340, 834, 833, 833, 1341, 1340, 1343, 1342, 1224, 1224, 1223, 1343, 1343, 1223, 1188, 1188, 1322, 1343, 1343, 1322, 663, 663, 836, 1343, 1343, 836, 835, 835, 1342, 1343, 1344, 1345, 1246, 1246, 1245, 1344, 1344, 1245, 1238, 1238, 1346, 1344, 1344, 1346, 831, 831, 830, 1344, 1344, 830, 829, 829, 1345, 1344, 1347, 1346, 1238, 1238, 1237, 1347, 1347, 1237, 1228, 1228, 1341, 1347, 1347, 1341, 833, 833, 832, 1347, 1347, 832, 831, 831, 1346, 1347, 1348, 1349, 1232, 1232, 1242, 1348, 1348, 1242, 1241, 1241, 1350, 1348, 1348, 1350, 827, 827, 826, 1348, 1348, 826, 825, 825, 1349, 1348, 1351, 1350, 1241, 1241, 1248, 1351, 1351, 1248, 1246, 1246, 1345, 1351, 1351, 1345, 829, 829, 828, 1351, 1351, 828, 827, 827, 1350, 1351, 1352, 1353, 1218, 1218, 1250, 1352, 1352, 1250, 1234, 1234, 1354, 1352, 1352, 1354, 842, 842, 841, 1352, 1352, 841, 840, 840, 1353, 1352, 1355, 1354, 1234, 1234, 1233, 1355, 1355, 1233, 1232, 1232, 1349, 1355, 1355, 1349, 825, 825, 824, 1355, 1355, 824, 842, 842, 1354, 1355, 1356, 1357, 1220, 1220, 1219, 1356, 1356, 1219, 1218, 1218, 1353, 1356, 1356, 1353, 840, 840, 839, 1356, 1356, 839, 838, 838, 1357, 1356, 1358, 1359, 1264, 1264, 1263, 1358, 1358, 1263, 1260, 1260, 1360, 1358, 1358, 1360, 1009, 1009, 1008, 1358, 1358, 1008, 1007, 1007, 1359, 1358, 1361, 1360, 1260, 1260, 1259, 1361, 1361, 1259, 1258, 1258, 1362, 1361, 1361, 1362, 1011, 1011, 1010, 1361, 1361, 1010, 1009, 1009, 1360, 1361, 1363, 1364, 1282, 1282, 1281, 1363, 1363, 1281, 1274, 1274, 1365, 1363, 1363, 1365, 1005, 1005, 1004, 1363, 1363, 1004, 1003, 1003, 1364, 1363, 1366, 1365, 1274, 1274, 1273, 1366, 1366, 1273, 1264, 1264, 1359, 1366, 1366, 1359, 1007, 1007, 1006, 1366, 1366, 1006, 1005, 1005, 1365, 1366, 1367, 1368, 1268, 1268, 1278, 1367, 1367, 1278, 1277, 1277, 1369, 1367, 1367, 1369, 1001, 1001, 1000, 1367, 1367, 1000, 999, 999, 1368, 1367, 1370, 1369, 1277, 1277, 1284, 1370, 1370, 1284, 1282, 1282, 1364, 1370, 1370, 1364, 1003, 1003, 1002, 1370, 1370, 1002, 1001, 1001, 1369, 1370, 1371, 1372, 1253, 1253, 1286, 1371, 1371, 1286, 1270, 1270, 1373, 1371, 1371, 1373, 1016, 1016, 1015, 1371, 1371, 1015, 1014, 1014, 1372, 1371, 1374, 1373, 1270, 1270, 1269, 1374, 1374, 1269, 1268, 1268, 1368, 1374, 1374, 1368, 999, 999, 998, 1374, 1374, 998, 1016, 1016, 1373, 1374, 1375, 1339, 1180, 1180, 1254, 1375, 1375, 1254, 1253, 1253, 1372, 1375, 1375, 1372, 1014, 1014, 1013, 1375, 1375, 1013, 659, 659, 1339, 1375, 1376, 1362, 1258, 1258, 1294, 1376, 1376, 1294, 1293, 1293, 1377, 1376, 1376, 1377, 1168, 1168, 1167, 1376, 1376, 1167, 1011, 1011, 1362, 1376, 1378, 1377, 1293, 1293, 1298, 1378, 1378, 1298, 1297, 1297, 1379, 1378, 1378, 1379, 1170, 1170, 1169, 1378, 1378, 1169, 1168, 1168, 1377, 1378, 1380, 1379, 1297, 1297, 1308, 1380, 1380, 1308, 1307, 1307, 1381, 1380, 1380, 1381, 1172, 1172, 1171, 1380, 1380, 1171, 1170, 1170, 1379, 1380, 1382, 1381, 1307, 1307, 1316, 1382, 1382, 1316, 1315, 1315, 1383, 1382, 1382, 1383, 1174, 1174, 1173, 1382, 1382, 1173, 1172, 1172, 1381, 1382, 1384, 1383, 1315, 1315, 1318, 1384, 1384, 1318, 1312, 1312, 1385, 1384, 1384, 1385, 1176, 1176, 1175, 1384, 1384, 1175, 1174, 1174, 1383, 1384, 1386, 1385, 1312, 1312, 1311, 1386, 1386, 1311, 1304, 1304, 1387, 1386, 1386, 1387, 1161, 1161, 1160, 1386, 1386, 1160, 1176, 1176, 1385, 1386, 1388, 1387, 1304, 1304, 1303, 1388, 1388, 1303, 1302, 1302, 1389, 1388, 1388, 1389, 1163, 1163, 1162, 1388, 1388, 1162, 1161, 1161, 1387, 1388, 1390, 1389, 1302, 1302, 1320, 1390, 1390, 1320, 1290, 1290, 1391, 1390, 1390, 1391, 1165, 1165, 1164, 1390, 1390, 1164, 1163, 1163, 1389, 1390, 1392, 1391, 1290, 1290, 1289, 1392, 1392, 1289, 1220, 1220, 1357, 1392, 1392, 1357, 838, 838, 1166, 1392, 1392, 1166, 1165, 1165, 1391, 1392, 1393, 1394, 1395, 1395, 1396, 1393, 1394, 1397, 1398, 1398, 1395, 1394, 1397, 1399, 1400, 1400, 1398, 1397, 1399, 1401, 1402, 1402, 1400, 1399, 1401, 1403, 1404, 1404, 1402, 1401, 1403, 1405, 1406, 1406, 1404, 1403, 1405, 1407, 1408, 1408, 1406, 1405, 1407, 1409, 1410, 1410, 1408, 1407, 1409, 1411, 1412, 1412, 1410, 1409, 1411, 1413, 1414, 1414, 1412, 1411, 1413, 1415, 1416, 1416, 1414, 1413, 1415, 1417, 1418, 1418, 1416, 1415, 1417, 1419, 1420, 1420, 1418, 1417, 1419, 1421, 1422, 1422, 1420, 1419, 1421, 1423, 1424, 1424, 1422, 1421, 1423, 1425, 1426, 1426, 1424, 1423, 1425, 1427, 1428, 1428, 1426, 1425, 1427, 1393, 1396, 1396, 1428, 1427, 1400, 1402, 1404, 1398, 1400, 1404, 1395, 1398, 1404, 1396, 1395, 1404, 1428, 1396, 1404, 1418, 1420, 1422, 1416, 1418, 1422, 1414, 1416, 1422, 1412, 1414, 1422, 1410, 1412, 1422, 1408, 1410, 1422, 1406, 1408, 1422, 1404, 1406, 1422, 1404, 1422, 1424, 1404, 1424, 1426, 1428, 1404, 1426, 1429, 491, 1430, 1430, 491, 490, 1430, 490, 1431, 1431, 490, 1432, 1432, 490, 495, 1432, 495, 1433, 1433, 495, 1434, 1434, 495, 1435, 1435, 495, 674, 1435, 674, 1436, 1436, 674, 1437, 1437, 674, 1438, 1438, 674, 677, 1438, 677, 1439, 1439, 677, 1440, 1440, 677, 1441, 1441, 677, 780, 1441, 780, 1442, 1442, 780, 1018, 1442, 1018, 1443, 1443, 1018, 1444, 1444, 1018, 1445, 1445, 1018, 1017, 1445, 1017, 1446, 1446, 1017, 1447, 1447, 1017, 844, 1447, 844, 1448, 1448, 844, 1449, 1449, 844, 1450, 1450, 844, 843, 1450, 843, 1451, 1451, 843, 1452, 1452, 843, 1453, 1453, 843, 848, 1453, 848, 1454, 1454, 848, 1455, 1455, 848, 1456, 1456, 848, 604, 1456, 604, 1457, 1457, 604, 491, 1457, 491, 1458, 1458, 491, 1429, 1423, 1459, 1460, 1423, 1460, 1425, 1425, 1460, 1461, 1425, 1461, 1462, 1425, 1462, 1427, 1427, 1462, 1463, 1427, 1463, 1393, 1393, 1463, 1464, 1393, 1464, 1465, 1393, 1465, 1394, 1394, 1465, 1466, 1394, 1466, 1467, 1394, 1467, 1397, 1397, 1467, 1468, 1397, 1468, 1399, 1399, 1468, 1469, 1399, 1469, 1470, 1399, 1470, 1401, 1401, 1470, 1471, 1401, 1471, 1472, 1401, 1472, 1403, 1403, 1472, 1473, 1403, 1473, 1474, 1403, 1474, 1405, 1405, 1474, 1475, 1405, 1475, 1407, 1407, 1475, 1476, 1407, 1476, 1477, 1407, 1477, 1409, 1409, 1477, 1478, 1409, 1478, 1411, 1411, 1478, 1479, 1411, 1479, 1480, 1411, 1480, 1413, 1413, 1480, 1481, 1413, 1481, 1482, 1413, 1482, 1415, 1415, 1482, 1483, 1415, 1483, 1417, 1417, 1483, 1484, 1417, 1484, 1485, 1417, 1485, 1419, 1419, 1485, 1486, 1419, 1486, 1487, 1419, 1487, 1421, 1421, 1487, 1488, 1421, 1488, 1459, 1421, 1459, 1423, 1429, 1430, 1460, 1460, 1459, 1429, 1430, 1431, 1461, 1461, 1460, 1430, 1431, 1432, 1462, 1462, 1461, 1431, 1432, 1433, 1463, 1463, 1462, 1432, 1433, 1434, 1464, 1464, 1463, 1433, 1434, 1435, 1465, 1465, 1464, 1434, 1435, 1436, 1466, 1466, 1465, 1435, 1436, 1437, 1467, 1467, 1466, 1436, 1437, 1438, 1468, 1468, 1467, 1437, 1438, 1439, 1469, 1469, 1468, 1438, 1439, 1440, 1470, 1470, 1469, 1439, 1440, 1441, 1471, 1471, 1470, 1440, 1441, 1442, 1472, 1472, 1471, 1441, 1442, 1443, 1473, 1473, 1472, 1442, 1443, 1444, 1474, 1474, 1473, 1443, 1444, 1445, 1475, 1475, 1474, 1444, 1445, 1446, 1476, 1476, 1475, 1445, 1446, 1447, 1477, 1477, 1476, 1446, 1447, 1448, 1478, 1478, 1477, 1447, 1448, 1449, 1479, 1479, 1478, 1448, 1449, 1450, 1480, 1480, 1479, 1449, 1450, 1451, 1481, 1481, 1480, 1450, 1451, 1452, 1482, 1482, 1481, 1451, 1452, 1453, 1483, 1483, 1482, 1452, 1453, 1454, 1484, 1484, 1483, 1453, 1454, 1455, 1485, 1485, 1484, 1454, 1455, 1456, 1486, 1486, 1485, 1455, 1456, 1457, 1487, 1487, 1486, 1456, 1457, 1458, 1488, 1488, 1487, 1457, 1458, 1429, 1459, 1459, 1488, 1458, 1489, 1490, 1491, 1491, 1492, 1489, 1489, 1492, 1493, 1493, 1494, 1489, 1495, 1496, 1497, 1497, 1498, 1495, 1495, 1498, 1499, 1499, 1500, 1495, 1495, 1500, 1501, 1501, 1502, 1495, 1495, 1502, 1503, 1503, 1504, 1495, 1495, 1504, 1505, 1505, 1506, 1495, 1495, 1506, 1507, 1507, 1496, 1495, 1508, 1509, 1510, 1510, 1511, 1508, 1508, 1511, 1503, 1503, 1502, 1508, 1508, 1502, 1501, 1501, 1500, 1508, 1508, 1500, 1499, 1499, 1512, 1508, 1508, 1512, 1513, 1513, 1509, 1508, 1514, 1515, 1516, 1516, 1517, 1514, 1514, 1517, 1518, 1518, 1519, 1514, 1514, 1519, 1520, 1520, 1521, 1514, 1514, 1521, 1522, 1522, 1515, 1514, 1523, 1524, 1525, 1525, 1526, 1523, 1523, 1526, 1516, 1516, 1515, 1523, 1523, 1515, 1522, 1522, 1527, 1523, 1523, 1527, 1528, 1528, 1524, 1523, 1529, 1509, 1513, 1513, 1530, 1529, 1529, 1530, 1531, 1531, 1532, 1529, 1529, 1532, 1533, 1533, 1534, 1529, 1529, 1534, 1510, 1510, 1509, 1529, 1535, 1536, 1537, 1537, 1538, 1535, 1535, 1538, 1525, 1525, 1524, 1535, 1535, 1524, 1528, 1528, 1539, 1535, 1535, 1539, 1540, 1540, 1536, 1535, 1541, 1532, 1531, 1531, 1542, 1541, 1541, 1542, 1543, 1543, 1544, 1541, 1541, 1544, 1545, 1545, 1546, 1541, 1541, 1546, 1533, 1533, 1532, 1541, 1547, 1548, 1549, 1549, 1550, 1547, 1547, 1550, 1537, 1537, 1536, 1547, 1547, 1536, 1540, 1540, 1551, 1547, 1547, 1551, 1552, 1552, 1548, 1547, 1553, 1544, 1543, 1543, 1554, 1553, 1553, 1554, 1549, 1549, 1548, 1553, 1553, 1548, 1552, 1552, 1555, 1553, 1553, 1555, 1545, 1545, 1544, 1553, 1556, 1557, 1507, 1507, 1506, 1556, 1556, 1506, 1505, 1505, 1558, 1556, 1556, 1558, 1559, 1559, 1560, 1556, 1556, 1560, 1561, 1561, 1557, 1556, 1562, 1563, 1522, 1522, 1521, 1562, 1562, 1521, 1520, 1520, 1564, 1562, 1562, 1564, 1565, 1565, 1566, 1562, 1562, 1566, 1567, 1567, 1563, 1562, 1568, 1569, 1528, 1528, 1527, 1568, 1568, 1527, 1522, 1522, 1563, 1568, 1568, 1563, 1567, 1567, 1570, 1568, 1568, 1570, 1571, 1571, 1569, 1568, 1572, 1573, 1510, 1510, 1534, 1572, 1572, 1534, 1533, 1533, 1574, 1572, 1572, 1574, 1575, 1575, 1576, 1572, 1572, 1576, 1577, 1577, 1573, 1572, 1578, 1579, 1540, 1540, 1539, 1578, 1578, 1539, 1528, 1528, 1569, 1578, 1578, 1569, 1571, 1571, 1580, 1578, 1578, 1580, 1581, 1581, 1579, 1578, 1582, 1574, 1533, 1533, 1546, 1582, 1582, 1546, 1545, 1545, 1583, 1582, 1582, 1583, 1584, 1584, 1585, 1582, 1582, 1585, 1575, 1575, 1574, 1582, 1586, 1587, 1552, 1552, 1551, 1586, 1586, 1551, 1540, 1540, 1579, 1586, 1586, 1579, 1581, 1581, 1588, 1586, 1586, 1588, 1589, 1589, 1587, 1586, 1590, 1583, 1545, 1545, 1555, 1590, 1590, 1555, 1552, 1552, 1587, 1590, 1590, 1587, 1589, 1589, 1591, 1590, 1590, 1591, 1584, 1584, 1583, 1590, 1592, 1558, 1505, 1505, 1504, 1592, 1592, 1504, 1503, 1503, 1593, 1592, 1592, 1593, 1594, 1594, 1595, 1592, 1592, 1595, 1596, 1596, 1597, 1592, 1592, 1597, 1559, 1559, 1558, 1592, 1598, 1573, 1577, 1577, 1599, 1598, 1598, 1599, 1596, 1596, 1595, 1598, 1598, 1595, 1594, 1594, 1593, 1598, 1598, 1593, 1503, 1503, 1511, 1598, 1598, 1511, 1510, 1510, 1573, 1598, 1600, 1601, 1561, 1561, 1560, 1600, 1600, 1560, 1559, 1559, 1602, 1600, 1600, 1602, 1491, 1491, 1490, 1600, 1600, 1490, 1603, 1603, 1601, 1600, 1604, 1605, 1567, 1567, 1566, 1604, 1604, 1566, 1565, 1565, 1606, 1604, 1604, 1606, 1607, 1607, 1608, 1604, 1604, 1608, 1609, 1609, 1605, 1604, 1610, 1611, 1571, 1571, 1570, 1610, 1610, 1570, 1567, 1567, 1605, 1610, 1610, 1605, 1609, 1609, 1612, 1610, 1610, 1612, 1613, 1613, 1611, 1610, 1614, 1615, 1577, 1577, 1576, 1614, 1614, 1576, 1575, 1575, 1616, 1614, 1614, 1616, 1617, 1617, 1618, 1614, 1614, 1618, 1619, 1619, 1615, 1614, 1620, 1621, 1581, 1581, 1580, 1620, 1620, 1580, 1571, 1571, 1611, 1620, 1620, 1611, 1613, 1613, 1622, 1620, 1620, 1622, 1623, 1623, 1621, 1620, 1624, 1616, 1575, 1575, 1585, 1624, 1624, 1585, 1584, 1584, 1625, 1624, 1624, 1625, 1626, 1626, 1627, 1624, 1624, 1627, 1617, 1617, 1616, 1624, 1628, 1629, 1589, 1589, 1588, 1628, 1628, 1588, 1581, 1581, 1621, 1628, 1628, 1621, 1623, 1623, 1630, 1628, 1628, 1630, 1631, 1631, 1629, 1628, 1632, 1625, 1584, 1584, 1591, 1632, 1632, 1591, 1589, 1589, 1629, 1632, 1632, 1629, 1631, 1631, 1633, 1632, 1632, 1633, 1626, 1626, 1625, 1632, 1634, 1602, 1559, 1559, 1597, 1634, 1634, 1597, 1596, 1596, 1635, 1634, 1634, 1635, 1636, 1636, 1637, 1634, 1634, 1637, 1638, 1638, 1639, 1634, 1634, 1639, 1491, 1491, 1602, 1634, 1640, 1615, 1619, 1619, 1641, 1640, 1640, 1641, 1638, 1638, 1637, 1640, 1640, 1637, 1636, 1636, 1635, 1640, 1640, 1635, 1596, 1596, 1599, 1640, 1640, 1599, 1577, 1577, 1615, 1640, 1642, 1608, 1607, 1607, 1643, 1642, 1642, 1643, 1644, 1644, 1645, 1642, 1642, 1645, 1646, 1646, 1647, 1642, 1642, 1647, 1638, 1638, 1641, 1642, 1642, 1641, 1619, 1619, 1618, 1642, 1642, 1618, 1617, 1617, 1627, 1642, 1642, 1627, 1626, 1626, 1633, 1642, 1642, 1633, 1631, 1631, 1630, 1642, 1642, 1630, 1623, 1623, 1622, 1642, 1642, 1622, 1613, 1613, 1612, 1642, 1642, 1612, 1609, 1609, 1608, 1642, 1648, 1647, 1646, 1646, 1645, 1648, 1648, 1645, 1644, 1644, 1649, 1648, 1648, 1649, 1493, 1493, 1492, 1648, 1648, 1492, 1491, 1491, 1639, 1648, 1648, 1639, 1638, 1638, 1647, 1648, 1650, 1651, 1652, 1652, 1653, 1650, 1650, 1653, 1654, 1654, 1655, 1650, 1650, 1655, 1656, 1656, 1657, 1650, 1650, 1657, 1658, 1658, 1659, 1650, 1650, 1659, 1660, 1660, 1661, 1650, 1650, 1661, 1662, 1662, 1663, 1650, 1650, 1663, 1664, 1664, 1665, 1650, 1650, 1665, 1666, 1666, 1667, 1650, 1650, 1667, 1668, 1668, 1669, 1650, 1650, 1669, 1670, 1670, 1671, 1650, 1650, 1671, 1672, 1672, 1651, 1650, 1673, 1494, 1493, 1493, 1674, 1673, 1673, 1674, 1675, 1675, 1676, 1673, 1677, 1678, 1679, 1679, 1680, 1677, 1677, 1680, 1681, 1681, 1682, 1677, 1677, 1682, 1683, 1683, 1684, 1677, 1677, 1684, 1685, 1685, 1686, 1677, 1677, 1686, 1687, 1687, 1688, 1677, 1677, 1688, 1689, 1689, 1678, 1677, 1690, 1691, 1692, 1692, 1693, 1690, 1690, 1693, 1694, 1694, 1695, 1690, 1690, 1695, 1689, 1689, 1688, 1690, 1690, 1688, 1687, 1687, 1686, 1690, 1690, 1686, 1685, 1685, 1691, 1690, 1696, 1697, 1698, 1698, 1699, 1696, 1696, 1699, 1700, 1700, 1701, 1696, 1696, 1701, 1520, 1520, 1519, 1696, 1696, 1519, 1518, 1518, 1697, 1696, 1702, 1703, 1704, 1704, 1705, 1702, 1702, 1705, 1706, 1706, 1707, 1702, 1702, 1707, 1700, 1700, 1699, 1702, 1702, 1699, 1698, 1698, 1703, 1702, 1708, 1709, 1694, 1694, 1693, 1708, 1708, 1693, 1692, 1692, 1710, 1708, 1708, 1710, 1711, 1711, 1712, 1708, 1708, 1712, 1713, 1713, 1709, 1708, 1714, 1715, 1716, 1716, 1717, 1714, 1714, 1717, 1718, 1718, 1719, 1714, 1714, 1719, 1706, 1706, 1705, 1714, 1714, 1705, 1704, 1704, 1715, 1714, 1720, 1721, 1713, 1713, 1712, 1720, 1720, 1712, 1711, 1711, 1722, 1720, 1720, 1722, 1723, 1723, 1724, 1720, 1720, 1724, 1725, 1725, 1721, 1720, 1726, 1727, 1728, 1728, 1729, 1726, 1726, 1729, 1730, 1730, 1731, 1726, 1726, 1731, 1718, 1718, 1717, 1726, 1726, 1717, 1716, 1716, 1727, 1726, 1732, 1733, 1725, 1725, 1724, 1732, 1732, 1724, 1723, 1723, 1734, 1732, 1732, 1734, 1730, 1730, 1729, 1732, 1732, 1729, 1728, 1728, 1733, 1732, 1735, 1682, 1681, 1681, 1736, 1735, 1735, 1736, 1737, 1737, 1738, 1735, 1735, 1738, 1739, 1739, 1740, 1735, 1735, 1740, 1683, 1683, 1682, 1735, 1741, 1701, 1700, 1700, 1742, 1741, 1741, 1742, 1743, 1743, 1744, 1741, 1741, 1744, 1565, 1565, 1564, 1741, 1741, 1564, 1520, 1520, 1701, 1741, 1745, 1707, 1706, 1706, 1746, 1745, 1745, 1746, 1747, 1747, 1748, 1745, 1745, 1748, 1743, 1743, 1742, 1745, 1745, 1742, 1700, 1700, 1707, 1745, 1749, 1710, 1692, 1692, 1750, 1749, 1749, 1750, 1751, 1751, 1752, 1749, 1749, 1752, 1753, 1753, 1754, 1749, 1749, 1754, 1711, 1711, 1710, 1749, 1755, 1719, 1718, 1718, 1756, 1755, 1755, 1756, 1757, 1757, 1758, 1755, 1755, 1758, 1747, 1747, 1746, 1755, 1755, 1746, 1706, 1706, 1719, 1755, 1759, 1722, 1711, 1711, 1754, 1759, 1759, 1754, 1753, 1753, 1760, 1759, 1759, 1760, 1761, 1761, 1762, 1759, 1759, 1762, 1723, 1723, 1722, 1759, 1763, 1731, 1730, 1730, 1764, 1763, 1763, 1764, 1765, 1765, 1766, 1763, 1763, 1766, 1757, 1757, 1756, 1763, 1763, 1756, 1718, 1718, 1731, 1763, 1767, 1734, 1723, 1723, 1762, 1767, 1767, 1762, 1761, 1761, 1768, 1767, 1767, 1768, 1765, 1765, 1764, 1767, 1767, 1764, 1730, 1730, 1734, 1767, 1769, 1684, 1683, 1683, 1740, 1769, 1769, 1740, 1739, 1739, 1770, 1769, 1769, 1770, 1771, 1771, 1772, 1769, 1769, 1772, 1773, 1773, 1774, 1769, 1769, 1774, 1685, 1685, 1684, 1769, 1775, 1776, 1751, 1751, 1750, 1775, 1775, 1750, 1692, 1692, 1691, 1775, 1775, 1691, 1685, 1685, 1774, 1775, 1775, 1774, 1773, 1773, 1772, 1775, 1775, 1772, 1771, 1771, 1776, 1775, 1777, 1738, 1737, 1737, 1778, 1777, 1777, 1778, 1779, 1779, 1676, 1777, 1777, 1676, 1675, 1675, 1780, 1777, 1777, 1780, 1739, 1739, 1738, 1777, 1781, 1744, 1743, 1743, 1782, 1781, 1781, 1782, 1783, 1783, 1784, 1781, 1781, 1784, 1607, 1607, 1606, 1781, 1781, 1606, 1565, 1565, 1744, 1781, 1785, 1748, 1747, 1747, 1786, 1785, 1785, 1786, 1787, 1787, 1788, 1785, 1785, 1788, 1783, 1783, 1782, 1785, 1785, 1782, 1743, 1743, 1748, 1785, 1789, 1752, 1751, 1751, 1790, 1789, 1789, 1790, 1791, 1791, 1792, 1789, 1789, 1792, 1793, 1793, 1794, 1789, 1789, 1794, 1753, 1753, 1752, 1789, 1795, 1758, 1757, 1757, 1796, 1795, 1795, 1796, 1797, 1797, 1798, 1795, 1795, 1798, 1787, 1787, 1786, 1795, 1795, 1786, 1747, 1747, 1758, 1795, 1799, 1760, 1753, 1753, 1794, 1799, 1799, 1794, 1793, 1793, 1800, 1799, 1799, 1800, 1801, 1801, 1802, 1799, 1799, 1802, 1761, 1761, 1760, 1799, 1803, 1766, 1765, 1765, 1804, 1803, 1803, 1804, 1805, 1805, 1806, 1803, 1803, 1806, 1797, 1797, 1796, 1803, 1803, 1796, 1757, 1757, 1766, 1803, 1807, 1768, 1761, 1761, 1802, 1807, 1807, 1802, 1801, 1801, 1808, 1807, 1807, 1808, 1805, 1805, 1804, 1807, 1807, 1804, 1765, 1765, 1768, 1807, 1809, 1770, 1739, 1739, 1780, 1809, 1809, 1780, 1675, 1675, 1810, 1809, 1809, 1810, 1811, 1811, 1812, 1809, 1809, 1812, 1813, 1813, 1814, 1809, 1809, 1814, 1771, 1771, 1770, 1809, 1815, 1816, 1791, 1791, 1790, 1815, 1815, 1790, 1751, 1751, 1776, 1815, 1815, 1776, 1771, 1771, 1814, 1815, 1815, 1814, 1813, 1813, 1812, 1815, 1815, 1812, 1811, 1811, 1816, 1815, 1817, 1643, 1607, 1607, 1784, 1817, 1817, 1784, 1783, 1783, 1788, 1817, 1817, 1788, 1787, 1787, 1798, 1817, 1817, 1798, 1797, 1797, 1806, 1817, 1817, 1806, 1805, 1805, 1808, 1817, 1817, 1808, 1801, 1801, 1800, 1817, 1817, 1800, 1793, 1793, 1792, 1817, 1817, 1792, 1791, 1791, 1816, 1817, 1817, 1816, 1811, 1811, 1818, 1817, 1817, 1818, 1819, 1819, 1820, 1817, 1817, 1820, 1644, 1644, 1643, 1817, 1821, 1820, 1819, 1819, 1818, 1821, 1821, 1818, 1811, 1811, 1810, 1821, 1821, 1810, 1675, 1675, 1674, 1821, 1821, 1674, 1493, 1493, 1649, 1821, 1821, 1649, 1644, 1644, 1820, 1821, 1822, 1823, 1824, 1824, 1825, 1822, 1822, 1825, 1826, 1826, 1827, 1822, 1822, 1827, 1828, 1828, 1829, 1822, 1822, 1829, 1830, 1830, 1831, 1822, 1822, 1831, 1832, 1832, 1833, 1822, 1822, 1833, 1834, 1834, 1835, 1822, 1822, 1835, 1662, 1662, 1661, 1822, 1822, 1661, 1660, 1660, 1836, 1822, 1822, 1836, 1837, 1837, 1838, 1822, 1822, 1838, 1839, 1839, 1840, 1822, 1822, 1840, 1841, 1841, 1823, 1822, 1842, 1843, 1844, 1844, 1845, 1842, 1842, 1845, 1846, 1846, 1847, 1842, 1848, 1849, 1497, 1497, 1496, 1848, 1848, 1496, 1507, 1507, 1850, 1848, 1848, 1850, 1851, 1851, 1852, 1848, 1848, 1852, 1853, 1853, 1854, 1848, 1848, 1854, 1855, 1855, 1856, 1848, 1848, 1856, 1857, 1857, 1849, 1848, 1858, 1859, 1860, 1860, 1861, 1858, 1858, 1861, 1862, 1862, 1863, 1858, 1858, 1863, 1857, 1857, 1856, 1858, 1858, 1856, 1855, 1855, 1854, 1858, 1858, 1854, 1853, 1853, 1859, 1858, 1864, 1865, 1866, 1866, 1867, 1864, 1864, 1867, 1868, 1868, 1869, 1864, 1864, 1869, 1870, 1870, 1871, 1864, 1864, 1871, 1872, 1872, 1865, 1864, 1873, 1874, 1875, 1875, 1876, 1873, 1873, 1876, 1877, 1877, 1878, 1873, 1873, 1878, 1868, 1868, 1867, 1873, 1873, 1867, 1866, 1866, 1874, 1873, 1879, 1880, 1862, 1862, 1861, 1879, 1879, 1861, 1860, 1860, 1881, 1879, 1879, 1881, 1882, 1882, 1883, 1879, 1879, 1883, 1884, 1884, 1880, 1879, 1885, 1886, 1887, 1887, 1888, 1885, 1885, 1888, 1889, 1889, 1890, 1885, 1885, 1890, 1877, 1877, 1876, 1885, 1885, 1876, 1875, 1875, 1886, 1885, 1891, 1892, 1884, 1884, 1883, 1891, 1891, 1883, 1882, 1882, 1893, 1891, 1891, 1893, 1894, 1894, 1895, 1891, 1891, 1895, 1896, 1896, 1892, 1891, 1897, 1898, 1899, 1899, 1900, 1897, 1897, 1900, 1901, 1901, 1902, 1897, 1897, 1902, 1889, 1889, 1888, 1897, 1897, 1888, 1887, 1887, 1898, 1897, 1903, 1904, 1896, 1896, 1895, 1903, 1903, 1895, 1894, 1894, 1905, 1903, 1903, 1905, 1901, 1901, 1900, 1903, 1903, 1900, 1899, 1899, 1904, 1903, 1906, 1850, 1507, 1507, 1557, 1906, 1906, 1557, 1561, 1561, 1907, 1906, 1906, 1907, 1908, 1908, 1909, 1906, 1906, 1909, 1851, 1851, 1850, 1906, 1910, 1869, 1868, 1868, 1911, 1910, 1910, 1911, 1912, 1912, 1913, 1910, 1910, 1913, 1914, 1914, 1915, 1910, 1910, 1915, 1870, 1870, 1869, 1910, 1916, 1878, 1877, 1877, 1917, 1916, 1916, 1917, 1918, 1918, 1919, 1916, 1916, 1919, 1912, 1912, 1911, 1916, 1916, 1911, 1868, 1868, 1878, 1916, 1920, 1881, 1860, 1860, 1921, 1920, 1920, 1921, 1922, 1922, 1923, 1920, 1920, 1923, 1924, 1924, 1925, 1920, 1920, 1925, 1882, 1882, 1881, 1920, 1926, 1890, 1889, 1889, 1927, 1926, 1926, 1927, 1928, 1928, 1929, 1926, 1926, 1929, 1918, 1918, 1917, 1926, 1926, 1917, 1877, 1877, 1890, 1926, 1930, 1893, 1882, 1882, 1925, 1930, 1930, 1925, 1924, 1924, 1931, 1930, 1930, 1931, 1932, 1932, 1933, 1930, 1930, 1933, 1894, 1894, 1893, 1930, 1934, 1902, 1901, 1901, 1935, 1934, 1934, 1935, 1936, 1936, 1937, 1934, 1934, 1937, 1928, 1928, 1927, 1934, 1934, 1927, 1889, 1889, 1902, 1934, 1938, 1905, 1894, 1894, 1933, 1938, 1938, 1933, 1932, 1932, 1939, 1938, 1938, 1939, 1936, 1936, 1935, 1938, 1938, 1935, 1901, 1901, 1905, 1938, 1940, 1852, 1851, 1851, 1909, 1940, 1940, 1909, 1908, 1908, 1941, 1940, 1940, 1941, 1942, 1942, 1943, 1940, 1940, 1943, 1944, 1944, 1945, 1940, 1940, 1945, 1853, 1853, 1852, 1940, 1946, 1947, 1922, 1922, 1921, 1946, 1946, 1921, 1860, 1860, 1859, 1946, 1946, 1859, 1853, 1853, 1945, 1946, 1946, 1945, 1944, 1944, 1943, 1946, 1946, 1943, 1942, 1942, 1947, 1946, 1948, 1907, 1561, 1561, 1601, 1948, 1948, 1601, 1603, 1603, 1847, 1948, 1948, 1847, 1846, 1846, 1949, 1948, 1948, 1949, 1908, 1908, 1907, 1948, 1950, 1913, 1912, 1912, 1951, 1950, 1950, 1951, 1952, 1952, 1953, 1950, 1950, 1953, 1954, 1954, 1955, 1950, 1950, 1955, 1914, 1914, 1913, 1950, 1956, 1919, 1918, 1918, 1957, 1956, 1956, 1957, 1958, 1958, 1959, 1956, 1956, 1959, 1952, 1952, 1951, 1956, 1956, 1951, 1912, 1912, 1919, 1956, 1960, 1923, 1922, 1922, 1961, 1960, 1960, 1961, 1962, 1962, 1963, 1960, 1960, 1963, 1964, 1964, 1965, 1960, 1960, 1965, 1924, 1924, 1923, 1960, 1966, 1929, 1928, 1928, 1967, 1966, 1966, 1967, 1968, 1968, 1969, 1966, 1966, 1969, 1958, 1958, 1957, 1966, 1966, 1957, 1918, 1918, 1929, 1966, 1970, 1931, 1924, 1924, 1965, 1970, 1970, 1965, 1964, 1964, 1971, 1970, 1970, 1971, 1972, 1972, 1973, 1970, 1970, 1973, 1932, 1932, 1931, 1970, 1974, 1937, 1936, 1936, 1975, 1974, 1974, 1975, 1976, 1976, 1977, 1974, 1974, 1977, 1968, 1968, 1967, 1974, 1974, 1967, 1928, 1928, 1937, 1974, 1978, 1939, 1932, 1932, 1973, 1978, 1978, 1973, 1972, 1972, 1979, 1978, 1978, 1979, 1976, 1976, 1975, 1978, 1978, 1975, 1936, 1936, 1939, 1978, 1980, 1941, 1908, 1908, 1949, 1980, 1980, 1949, 1846, 1846, 1981, 1980, 1980, 1981, 1982, 1982, 1983, 1980, 1980, 1983, 1984, 1984, 1985, 1980, 1980, 1985, 1942, 1942, 1941, 1980, 1986, 1987, 1962, 1962, 1961, 1986, 1986, 1961, 1922, 1922, 1947, 1986, 1986, 1947, 1942, 1942, 1985, 1986, 1986, 1985, 1984, 1984, 1983, 1986, 1986, 1983, 1982, 1982, 1987, 1986, 1988, 1989, 1954, 1954, 1953, 1988, 1988, 1953, 1952, 1952, 1959, 1988, 1988, 1959, 1958, 1958, 1969, 1988, 1988, 1969, 1968, 1968, 1977, 1988, 1988, 1977, 1976, 1976, 1979, 1988, 1988, 1979, 1972, 1972, 1971, 1988, 1988, 1971, 1964, 1964, 1963, 1988, 1988, 1963, 1962, 1962, 1987, 1988, 1988, 1987, 1982, 1982, 1990, 1988, 1988, 1990, 1991, 1991, 1992, 1988, 1988, 1992, 1993, 1993, 1989, 1988, 1994, 1992, 1991, 1991, 1990, 1994, 1994, 1990, 1982, 1982, 1981, 1994, 1994, 1981, 1846, 1846, 1845, 1994, 1994, 1845, 1844, 1844, 1995, 1994, 1994, 1995, 1993, 1993, 1992, 1994, 1996, 1997, 1998, 1998, 1999, 1996, 1996, 1999, 2000, 2000, 2001, 1996, 1996, 2001, 2002, 2002, 2003, 1996, 1996, 2003, 2004, 2004, 2005, 1996, 1996, 2005, 2006, 2006, 2007, 1996, 1996, 2007, 2008, 2008, 2009, 1996, 1996, 2009, 2010, 2010, 2011, 1996, 1996, 2011, 1660, 1660, 1659, 1996, 1996, 1659, 1658, 1658, 2012, 1996, 1996, 2012, 2013, 2013, 2014, 1996, 1996, 2014, 2015, 2015, 1997, 1996, 2016, 2017, 2018, 2018, 2019, 2016, 2016, 2019, 1844, 1844, 1843, 2016, 2020, 1680, 1679, 1679, 2021, 2020, 2020, 2021, 2022, 2022, 2023, 2020, 2020, 2023, 2024, 2024, 2025, 2020, 2020, 2025, 2026, 2026, 2027, 2020, 2020, 2027, 2028, 2028, 2029, 2020, 2020, 2029, 1681, 1681, 1680, 2020, 2030, 2031, 2032, 2032, 2033, 2030, 2030, 2033, 2026, 2026, 2025, 2030, 2030, 2025, 2024, 2024, 2023, 2030, 2030, 2023, 2022, 2022, 2034, 2030, 2030, 2034, 2035, 2035, 2031, 2030, 2036, 2037, 2038, 2038, 2039, 2036, 2036, 2039, 1872, 1872, 1871, 2036, 2036, 1871, 1870, 1870, 2040, 2036, 2036, 2040, 2041, 2041, 2037, 2036, 2042, 2043, 2044, 2044, 2045, 2042, 2042, 2045, 2038, 2038, 2037, 2042, 2042, 2037, 2041, 2041, 2046, 2042, 2042, 2046, 2047, 2047, 2043, 2042, 2048, 2031, 2035, 2035, 2049, 2048, 2048, 2049, 2050, 2050, 2051, 2048, 2048, 2051, 2052, 2052, 2053, 2048, 2048, 2053, 2032, 2032, 2031, 2048, 2054, 2055, 2056, 2056, 2057, 2054, 2054, 2057, 2044, 2044, 2043, 2054, 2054, 2043, 2047, 2047, 2058, 2054, 2054, 2058, 2059, 2059, 2055, 2054, 2060, 2051, 2050, 2050, 2061, 2060, 2060, 2061, 2062, 2062, 2063, 2060, 2060, 2063, 2064, 2064, 2065, 2060, 2060, 2065, 2052, 2052, 2051, 2060, 2066, 2067, 2068, 2068, 2069, 2066, 2066, 2069, 2056, 2056, 2055, 2066, 2066, 2055, 2059, 2059, 2070, 2066, 2066, 2070, 2071, 2071, 2067, 2066, 2072, 2063, 2062, 2062, 2073, 2072, 2072, 2073, 2068, 2068, 2067, 2072, 2072, 2067, 2071, 2071, 2074, 2072, 2072, 2074, 2064, 2064, 2063, 2072, 2075, 1736, 1681, 1681, 2029, 2075, 2075, 2029, 2028, 2028, 2076, 2075, 2075, 2076, 2077, 2077, 2078, 2075, 2075, 2078, 1737, 1737, 1736, 2075, 2079, 2080, 2041, 2041, 2040, 2079, 2079, 2040, 1870, 1870, 1915, 2079, 2079, 1915, 1914, 1914, 2081, 2079, 2079, 2081, 2082, 2082, 2080, 2079, 2083, 2084, 2047, 2047, 2046, 2083, 2083, 2046, 2041, 2041, 2080, 2083, 2083, 2080, 2082, 2082, 2085, 2083, 2083, 2085, 2086, 2086, 2084, 2083, 2087, 2088, 2032, 2032, 2053, 2087, 2087, 2053, 2052, 2052, 2089, 2087, 2087, 2089, 2090, 2090, 2091, 2087, 2087, 2091, 2092, 2092, 2088, 2087, 2093, 2094, 2059, 2059, 2058, 2093, 2093, 2058, 2047, 2047, 2084, 2093, 2093, 2084, 2086, 2086, 2095, 2093, 2093, 2095, 2096, 2096, 2094, 2093, 2097, 2089, 2052, 2052, 2065, 2097, 2097, 2065, 2064, 2064, 2098, 2097, 2097, 2098, 2099, 2099, 2100, 2097, 2097, 2100, 2090, 2090, 2089, 2097, 2101, 2102, 2071, 2071, 2070, 2101, 2101, 2070, 2059, 2059, 2094, 2101, 2101, 2094, 2096, 2096, 2103, 2101, 2101, 2103, 2104, 2104, 2102, 2101, 2105, 2098, 2064, 2064, 2074, 2105, 2105, 2074, 2071, 2071, 2102, 2105, 2105, 2102, 2104, 2104, 2106, 2105, 2105, 2106, 2099, 2099, 2098, 2105, 2107, 2076, 2028, 2028, 2027, 2107, 2107, 2027, 2026, 2026, 2108, 2107, 2107, 2108, 2109, 2109, 2110, 2107, 2107, 2110, 2111, 2111, 2112, 2107, 2107, 2112, 2077, 2077, 2076, 2107, 2113, 2088, 2092, 2092, 2114, 2113, 2113, 2114, 2111, 2111, 2110, 2113, 2113, 2110, 2109, 2109, 2108, 2113, 2113, 2108, 2026, 2026, 2033, 2113, 2113, 2033, 2032, 2032, 2088, 2113, 2115, 1778, 1737, 1737, 2078, 2115, 2115, 2078, 2077, 2077, 2116, 2115, 2115, 2116, 2018, 2018, 2017, 2115, 2115, 2017, 1779, 1779, 1778, 2115, 2117, 2118, 2082, 2082, 2081, 2117, 2117, 2081, 1914, 1914, 1955, 2117, 2117, 1955, 1954, 1954, 2119, 2117, 2117, 2119, 2120, 2120, 2118, 2117, 2121, 2122, 2086, 2086, 2085, 2121, 2121, 2085, 2082, 2082, 2118, 2121, 2121, 2118, 2120, 2120, 2123, 2121, 2121, 2123, 2124, 2124, 2122, 2121, 2125, 2126, 2092, 2092, 2091, 2125, 2125, 2091, 2090, 2090, 2127, 2125, 2125, 2127, 2128, 2128, 2129, 2125, 2125, 2129, 2130, 2130, 2126, 2125, 2131, 2132, 2096, 2096, 2095, 2131, 2131, 2095, 2086, 2086, 2122, 2131, 2131, 2122, 2124, 2124, 2133, 2131, 2131, 2133, 2134, 2134, 2132, 2131, 2135, 2127, 2090, 2090, 2100, 2135, 2135, 2100, 2099, 2099, 2136, 2135, 2135, 2136, 2137, 2137, 2138, 2135, 2135, 2138, 2128, 2128, 2127, 2135, 2139, 2140, 2104, 2104, 2103, 2139, 2139, 2103, 2096, 2096, 2132, 2139, 2139, 2132, 2134, 2134, 2141, 2139, 2139, 2141, 2142, 2142, 2140, 2139, 2143, 2136, 2099, 2099, 2106, 2143, 2143, 2106, 2104, 2104, 2140, 2143, 2143, 2140, 2142, 2142, 2144, 2143, 2143, 2144, 2137, 2137, 2136, 2143, 2145, 2116, 2077, 2077, 2112, 2145, 2145, 2112, 2111, 2111, 2146, 2145, 2145, 2146, 2147, 2147, 2148, 2145, 2145, 2148, 2149, 2149, 2150, 2145, 2145, 2150, 2018, 2018, 2116, 2145, 2151, 2126, 2130, 2130, 2152, 2151, 2151, 2152, 2149, 2149, 2148, 2151, 2151, 2148, 2147, 2147, 2146, 2151, 2151, 2146, 2111, 2111, 2114, 2151, 2151, 2114, 2092, 2092, 2126, 2151, 2153, 2119, 1954, 1954, 1989, 2153, 2153, 1989, 1993, 1993, 2154, 2153, 2153, 2154, 2155, 2155, 2156, 2153, 2153, 2156, 2149, 2149, 2152, 2153, 2153, 2152, 2130, 2130, 2129, 2153, 2153, 2129, 2128, 2128, 2138, 2153, 2153, 2138, 2137, 2137, 2144, 2153, 2153, 2144, 2142, 2142, 2141, 2153, 2153, 2141, 2134, 2134, 2133, 2153, 2153, 2133, 2124, 2124, 2123, 2153, 2153, 2123, 2120, 2120, 2119, 2153, 2157, 2156, 2155, 2155, 2154, 2157, 2157, 2154, 1993, 1993, 1995, 2157, 2157, 1995, 1844, 1844, 2019, 2157, 2157, 2019, 2018, 2018, 2150, 2157, 2157, 2150, 2149, 2149, 2156, 2157, 2158, 2159, 2160, 2160, 2161, 2158, 2158, 2161, 2162, 2162, 2163, 2158, 2158, 2163, 2164, 2164, 2165, 2158, 2158, 2165, 1837, 1837, 1836, 2158, 2158, 1836, 1660, 1660, 2011, 2158, 2158, 2011, 2010, 2010, 2166, 2158, 2158, 2166, 2167, 2167, 2168, 2158, 2158, 2168, 2169, 2169, 2170, 2158, 2158, 2170, 2171, 2171, 2172, 2158, 2158, 2172, 2173, 2173, 2174, 2158, 2158, 2174, 2175, 2175, 2159, 2158, 2176, 2177, 1499, 1499, 1498, 2176, 2176, 1498, 1497, 1497, 2178, 2176, 2176, 2178, 2179, 2179, 2180, 2176, 2176, 2180, 2181, 2181, 2177, 2176, 2182, 2183, 1518, 1518, 1517, 2182, 2182, 1517, 1516, 1516, 2184, 2182, 2182, 2184, 2185, 2185, 2186, 2182, 2182, 2186, 2187, 2187, 2183, 2182, 2188, 2184, 1516, 1516, 1526, 2188, 2188, 1526, 1525, 1525, 2189, 2188, 2188, 2189, 2190, 2190, 2191, 2188, 2188, 2191, 2185, 2185, 2184, 2188, 2192, 2193, 1531, 1531, 1530, 2192, 2192, 1530, 1513, 1513, 2194, 2192, 2192, 2194, 2195, 2195, 2196, 2192, 2192, 2196, 2197, 2197, 2193, 2192, 2198, 2189, 1525, 1525, 1538, 2198, 2198, 1538, 1537, 1537, 2199, 2198, 2198, 2199, 2200, 2200, 2201, 2198, 2198, 2201, 2190, 2190, 2189, 2198, 2202, 2203, 1543, 1543, 1542, 2202, 2202, 1542, 1531, 1531, 2193, 2202, 2202, 2193, 2197, 2197, 2204, 2202, 2202, 2204, 2205, 2205, 2203, 2202, 2206, 2199, 1537, 1537, 1550, 2206, 2206, 1550, 1549, 1549, 2207, 2206, 2206, 2207, 2208, 2208, 2209, 2206, 2206, 2209, 2200, 2200, 2199, 2206, 2210, 2207, 1549, 1549, 1554, 2210, 2210, 1554, 1543, 1543, 2203, 2210, 2210, 2203, 2205, 2205, 2211, 2210, 2210, 2211, 2208, 2208, 2207, 2210, 2212, 2194, 1513, 1513, 1512, 2212, 2212, 1512, 1499, 1499, 2177, 2212, 2212, 2177, 2181, 2181, 2213, 2212, 2212, 2213, 2195, 2195, 2194, 2212, 2214, 2215, 1679, 1679, 1678, 2214, 2214, 1678, 1689, 1689, 2216, 2214, 2214, 2216, 2217, 2217, 2218, 2214, 2214, 2218, 2219, 2219, 2215, 2214, 2220, 2221, 1698, 1698, 1697, 2220, 2220, 1697, 1518, 1518, 2183, 2220, 2220, 2183, 2187, 2187, 2222, 2220, 2220, 2222, 2223, 2223, 2221, 2220, 2224, 2225, 1704, 1704, 1703, 2224, 2224, 1703, 1698, 1698, 2221, 2224, 2224, 2221, 2223, 2223, 2226, 2224, 2224, 2226, 2227, 2227, 2225, 2224, 2228, 2229, 1694, 1694, 1709, 2228, 2228, 1709, 1713, 1713, 2230, 2228, 2228, 2230, 2231, 2231, 2232, 2228, 2228, 2232, 2233, 2233, 2229, 2228, 2234, 2235, 1716, 1716, 1715, 2234, 2234, 1715, 1704, 1704, 2225, 2234, 2234, 2225, 2227, 2227, 2236, 2234, 2234, 2236, 2237, 2237, 2235, 2234, 2238, 2230, 1713, 1713, 1721, 2238, 2238, 1721, 1725, 1725, 2239, 2238, 2238, 2239, 2240, 2240, 2241, 2238, 2238, 2241, 2231, 2231, 2230, 2238, 2242, 2243, 1728, 1728, 1727, 2242, 2242, 1727, 1716, 1716, 2235, 2242, 2242, 2235, 2237, 2237, 2244, 2242, 2242, 2244, 2245, 2245, 2243, 2242, 2246, 2239, 1725, 1725, 1733, 2246, 2246, 1733, 1728, 1728, 2243, 2246, 2246, 2243, 2245, 2245, 2247, 2246, 2246, 2247, 2240, 2240, 2239, 2246, 2248, 2216, 1689, 1689, 1695, 2248, 2248, 1695, 1694, 1694, 2229, 2248, 2248, 2229, 2233, 2233, 2249, 2248, 2248, 2249, 2217, 2217, 2216, 2248, 2250, 2178, 1497, 1497, 1849, 2250, 2250, 1849, 1857, 1857, 2251, 2250, 2250, 2251, 2252, 2252, 2253, 2250, 2250, 2253, 2179, 2179, 2178, 2250, 2254, 2255, 1866, 1866, 1865, 2254, 2254, 1865, 1872, 1872, 2256, 2254, 2254, 2256, 2257, 2257, 2258, 2254, 2254, 2258, 2259, 2259, 2255, 2254, 2260, 2261, 1875, 1875, 1874, 2260, 2260, 1874, 1866, 1866, 2255, 2260, 2260, 2255, 2259, 2259, 2262, 2260, 2260, 2262, 2263, 2263, 2261, 2260, 2264, 2265, 1862, 1862, 1880, 2264, 2264, 1880, 1884, 1884, 2266, 2264, 2264, 2266, 2267, 2267, 2268, 2264, 2264, 2268, 2269, 2269, 2265, 2264, 2270, 2271, 1887, 1887, 1886, 2270, 2270, 1886, 1875, 1875, 2261, 2270, 2270, 2261, 2263, 2263, 2272, 2270, 2270, 2272, 2273, 2273, 2271, 2270, 2274, 2266, 1884, 1884, 1892, 2274, 2274, 1892, 1896, 1896, 2275, 2274, 2274, 2275, 2276, 2276, 2277, 2274, 2274, 2277, 2267, 2267, 2266, 2274, 2278, 2279, 1899, 1899, 1898, 2278, 2278, 1898, 1887, 1887, 2271, 2278, 2278, 2271, 2273, 2273, 2280, 2278, 2278, 2280, 2281, 2281, 2279, 2278, 2282, 2275, 1896, 1896, 1904, 2282, 2282, 1904, 1899, 1899, 2279, 2282, 2282, 2279, 2281, 2281, 2283, 2282, 2282, 2283, 2276, 2276, 2275, 2282, 2284, 2251, 1857, 1857, 1863, 2284, 2284, 1863, 1862, 1862, 2265, 2284, 2284, 2265, 2269, 2269, 2285, 2284, 2284, 2285, 2252, 2252, 2251, 2284, 2286, 2287, 2022, 2022, 2021, 2286, 2286, 2021, 1679, 1679, 2215, 2286, 2286, 2215, 2219, 2219, 2288, 2286, 2286, 2288, 2289, 2289, 2287, 2286, 2290, 2256, 1872, 1872, 2039, 2290, 2290, 2039, 2038, 2038, 2291, 2290, 2290, 2291, 2292, 2292, 2293, 2290, 2290, 2293, 2257, 2257, 2256, 2290, 2294, 2291, 2038, 2038, 2045, 2294, 2294, 2045, 2044, 2044, 2295, 2294, 2294, 2295, 2296, 2296, 2297, 2294, 2294, 2297, 2292, 2292, 2291, 2294, 2298, 2299, 2050, 2050, 2049, 2298, 2298, 2049, 2035, 2035, 2300, 2298, 2298, 2300, 2301, 2301, 2302, 2298, 2298, 2302, 2303, 2303, 2299, 2298, 2304, 2295, 2044, 2044, 2057, 2304, 2304, 2057, 2056, 2056, 2305, 2304, 2304, 2305, 2306, 2306, 2307, 2304, 2304, 2307, 2296, 2296, 2295, 2304, 2308, 2309, 2062, 2062, 2061, 2308, 2308, 2061, 2050, 2050, 2299, 2308, 2308, 2299, 2303, 2303, 2310, 2308, 2308, 2310, 2311, 2311, 2309, 2308, 2312, 2305, 2056, 2056, 2069, 2312, 2312, 2069, 2068, 2068, 2313, 2312, 2312, 2313, 2314, 2314, 2315, 2312, 2312, 2315, 2306, 2306, 2305, 2312, 2316, 2313, 2068, 2068, 2073, 2316, 2316, 2073, 2062, 2062, 2309, 2316, 2316, 2309, 2311, 2311, 2317, 2316, 2316, 2317, 2314, 2314, 2313, 2316, 2318, 2300, 2035, 2035, 2034, 2318, 2318, 2034, 2022, 2022, 2287, 2318, 2318, 2287, 2289, 2289, 2319, 2318, 2318, 2319, 2301, 2301, 2300, 2318, 2320, 2321, 2187, 2187, 2186, 2320, 2320, 2186, 2185, 2185, 2322, 2320, 2320, 2322, 1664, 1664, 1663, 2320, 2320, 1663, 1662, 1662, 2321, 2320, 2323, 2322, 2185, 2185, 2191, 2323, 2323, 2191, 2190, 2190, 2324, 2323, 2323, 2324, 1666, 1666, 1665, 2323, 2323, 1665, 1664, 1664, 2322, 2323, 2325, 2324, 2190, 2190, 2201, 2325, 2325, 2201, 2200, 2200, 2326, 2325, 2325, 2326, 1668, 1668, 1667, 2325, 2325, 1667, 1666, 1666, 2324, 2325, 2327, 2326, 2200, 2200, 2209, 2327, 2327, 2209, 2208, 2208, 2328, 2327, 2327, 2328, 1670, 1670, 1669, 2327, 2327, 1669, 1668, 1668, 2326, 2327, 2329, 2328, 2208, 2208, 2211, 2329, 2329, 2211, 2205, 2205, 2330, 2329, 2329, 2330, 1672, 1672, 1671, 2329, 2329, 1671, 1670, 1670, 2328, 2329, 2331, 2330, 2205, 2205, 2204, 2331, 2331, 2204, 2197, 2197, 2332, 2331, 2331, 2332, 1652, 1652, 1651, 2331, 2331, 1651, 1672, 1672, 2330, 2331, 2333, 2332, 2197, 2197, 2196, 2333, 2333, 2196, 2195, 2195, 2334, 2333, 2333, 2334, 1654, 1654, 1653, 2333, 2333, 1653, 1652, 1652, 2332, 2333, 2335, 2334, 2195, 2195, 2213, 2335, 2335, 2213, 2181, 2181, 2336, 2335, 2335, 2336, 1656, 1656, 1655, 2335, 2335, 1655, 1654, 1654, 2334, 2335, 2337, 2336, 2181, 2181, 2180, 2337, 2337, 2180, 2179, 2179, 2338, 2337, 2337, 2338, 1658, 1658, 1657, 2337, 2337, 1657, 1656, 1656, 2336, 2337, 2339, 2340, 2227, 2227, 2226, 2339, 2339, 2226, 2223, 2223, 2341, 2339, 2339, 2341, 1834, 1834, 1833, 2339, 2339, 1833, 1832, 1832, 2340, 2339, 2342, 2341, 2223, 2223, 2222, 2342, 2342, 2222, 2187, 2187, 2321, 2342, 2342, 2321, 1662, 1662, 1835, 2342, 2342, 1835, 1834, 1834, 2341, 2342, 2343, 2344, 2245, 2245, 2244, 2343, 2343, 2244, 2237, 2237, 2345, 2343, 2343, 2345, 1830, 1830, 1829, 2343, 2343, 1829, 1828, 1828, 2344, 2343, 2346, 2345, 2237, 2237, 2236, 2346, 2346, 2236, 2227, 2227, 2340, 2346, 2346, 2340, 1832, 1832, 1831, 2346, 2346, 1831, 1830, 1830, 2345, 2346, 2347, 2348, 2231, 2231, 2241, 2347, 2347, 2241, 2240, 2240, 2349, 2347, 2347, 2349, 1826, 1826, 1825, 2347, 2347, 1825, 1824, 1824, 2348, 2347, 2350, 2349, 2240, 2240, 2247, 2350, 2350, 2247, 2245, 2245, 2344, 2350, 2350, 2344, 1828, 1828, 1827, 2350, 2350, 1827, 1826, 1826, 2349, 2350, 2351, 2352, 2217, 2217, 2249, 2351, 2351, 2249, 2233, 2233, 2353, 2351, 2351, 2353, 1841, 1841, 1840, 2351, 2351, 1840, 1839, 1839, 2352, 2351, 2354, 2353, 2233, 2233, 2232, 2354, 2354, 2232, 2231, 2231, 2348, 2354, 2354, 2348, 1824, 1824, 1823, 2354, 2354, 1823, 1841, 1841, 2353, 2354, 2355, 2356, 2219, 2219, 2218, 2355, 2355, 2218, 2217, 2217, 2352, 2355, 2355, 2352, 1839, 1839, 1838, 2355, 2355, 1838, 1837, 1837, 2356, 2355, 2357, 2358, 2263, 2263, 2262, 2357, 2357, 2262, 2259, 2259, 2359, 2357, 2357, 2359, 2008, 2008, 2007, 2357, 2357, 2007, 2006, 2006, 2358, 2357, 2360, 2359, 2259, 2259, 2258, 2360, 2360, 2258, 2257, 2257, 2361, 2360, 2360, 2361, 2010, 2010, 2009, 2360, 2360, 2009, 2008, 2008, 2359, 2360, 2362, 2363, 2281, 2281, 2280, 2362, 2362, 2280, 2273, 2273, 2364, 2362, 2362, 2364, 2004, 2004, 2003, 2362, 2362, 2003, 2002, 2002, 2363, 2362, 2365, 2364, 2273, 2273, 2272, 2365, 2365, 2272, 2263, 2263, 2358, 2365, 2365, 2358, 2006, 2006, 2005, 2365, 2365, 2005, 2004, 2004, 2364, 2365, 2366, 2367, 2267, 2267, 2277, 2366, 2366, 2277, 2276, 2276, 2368, 2366, 2366, 2368, 2000, 2000, 1999, 2366, 2366, 1999, 1998, 1998, 2367, 2366, 2369, 2368, 2276, 2276, 2283, 2369, 2369, 2283, 2281, 2281, 2363, 2369, 2369, 2363, 2002, 2002, 2001, 2369, 2369, 2001, 2000, 2000, 2368, 2369, 2370, 2371, 2252, 2252, 2285, 2370, 2370, 2285, 2269, 2269, 2372, 2370, 2370, 2372, 2015, 2015, 2014, 2370, 2370, 2014, 2013, 2013, 2371, 2370, 2373, 2372, 2269, 2269, 2268, 2373, 2373, 2268, 2267, 2267, 2367, 2373, 2373, 2367, 1998, 1998, 1997, 2373, 2373, 1997, 2015, 2015, 2372, 2373, 2374, 2338, 2179, 2179, 2253, 2374, 2374, 2253, 2252, 2252, 2371, 2374, 2374, 2371, 2013, 2013, 2012, 2374, 2374, 2012, 1658, 1658, 2338, 2374, 2375, 2361, 2257, 2257, 2293, 2375, 2375, 2293, 2292, 2292, 2376, 2375, 2375, 2376, 2167, 2167, 2166, 2375, 2375, 2166, 2010, 2010, 2361, 2375, 2377, 2376, 2292, 2292, 2297, 2377, 2377, 2297, 2296, 2296, 2378, 2377, 2377, 2378, 2169, 2169, 2168, 2377, 2377, 2168, 2167, 2167, 2376, 2377, 2379, 2378, 2296, 2296, 2307, 2379, 2379, 2307, 2306, 2306, 2380, 2379, 2379, 2380, 2171, 2171, 2170, 2379, 2379, 2170, 2169, 2169, 2378, 2379, 2381, 2380, 2306, 2306, 2315, 2381, 2381, 2315, 2314, 2314, 2382, 2381, 2381, 2382, 2173, 2173, 2172, 2381, 2381, 2172, 2171, 2171, 2380, 2381, 2383, 2382, 2314, 2314, 2317, 2383, 2383, 2317, 2311, 2311, 2384, 2383, 2383, 2384, 2175, 2175, 2174, 2383, 2383, 2174, 2173, 2173, 2382, 2383, 2385, 2384, 2311, 2311, 2310, 2385, 2385, 2310, 2303, 2303, 2386, 2385, 2385, 2386, 2160, 2160, 2159, 2385, 2385, 2159, 2175, 2175, 2384, 2385, 2387, 2386, 2303, 2303, 2302, 2387, 2387, 2302, 2301, 2301, 2388, 2387, 2387, 2388, 2162, 2162, 2161, 2387, 2387, 2161, 2160, 2160, 2386, 2387, 2389, 2388, 2301, 2301, 2319, 2389, 2389, 2319, 2289, 2289, 2390, 2389, 2389, 2390, 2164, 2164, 2163, 2389, 2389, 2163, 2162, 2162, 2388, 2389, 2391, 2390, 2289, 2289, 2288, 2391, 2391, 2288, 2219, 2219, 2356, 2391, 2391, 2356, 1837, 1837, 2165, 2391, 2391, 2165, 2164, 2164, 2390, 2391, 2392, 2393, 2394, 2394, 2395, 2392, 2393, 2396, 2397, 2397, 2394, 2393, 2396, 2398, 2399, 2399, 2397, 2396, 2398, 2400, 2401, 2401, 2399, 2398, 2400, 2402, 2403, 2403, 2401, 2400, 2402, 2404, 2405, 2405, 2403, 2402, 2404, 2406, 2407, 2407, 2405, 2404, 2406, 2408, 2409, 2409, 2407, 2406, 2408, 2410, 2411, 2411, 2409, 2408, 2410, 2412, 2413, 2413, 2411, 2410, 2412, 2414, 2415, 2415, 2413, 2412, 2414, 2416, 2417, 2417, 2415, 2414, 2416, 2418, 2419, 2419, 2417, 2416, 2418, 2420, 2421, 2421, 2419, 2418, 2420, 2422, 2423, 2423, 2421, 2420, 2422, 2424, 2425, 2425, 2423, 2422, 2424, 2426, 2427, 2427, 2425, 2424, 2426, 2392, 2395, 2395, 2427, 2426, 2399, 2401, 2403, 2397, 2399, 2403, 2394, 2397, 2403, 2395, 2394, 2403, 2427, 2395, 2403, 2417, 2419, 2421, 2415, 2417, 2421, 2413, 2415, 2421, 2411, 2413, 2421, 2409, 2411, 2421, 2407, 2409, 2421, 2405, 2407, 2421, 2403, 2405, 2421, 2403, 2421, 2423, 2403, 2423, 2425, 2427, 2403, 2425, 2428, 1490, 2429, 2429, 1490, 1489, 2429, 1489, 2430, 2430, 1489, 2431, 2431, 1489, 1494, 2431, 1494, 2432, 2432, 1494, 2433, 2433, 1494, 2434, 2434, 1494, 1673, 2434, 1673, 2435, 2435, 1673, 2436, 2436, 1673, 2437, 2437, 1673, 1676, 2437, 1676, 2438, 2438, 1676, 2439, 2439, 1676, 2440, 2440, 1676, 1779, 2440, 1779, 2441, 2441, 1779, 2017, 2441, 2017, 2442, 2442, 2017, 2443, 2443, 2017, 2444, 2444, 2017, 2016, 2444, 2016, 2445, 2445, 2016, 2446, 2446, 2016, 1843, 2446, 1843, 2447, 2447, 1843, 2448, 2448, 1843, 2449, 2449, 1843, 1842, 2449, 1842, 2450, 2450, 1842, 2451, 2451, 1842, 2452, 2452, 1842, 1847, 2452, 1847, 2453, 2453, 1847, 2454, 2454, 1847, 2455, 2455, 1847, 1603, 2455, 1603, 2456, 2456, 1603, 1490, 2456, 1490, 2457, 2457, 1490, 2428, 2422, 2458, 2459, 2422, 2459, 2424, 2424, 2459, 2460, 2424, 2460, 2461, 2424, 2461, 2426, 2426, 2461, 2462, 2426, 2462, 2392, 2392, 2462, 2463, 2392, 2463, 2464, 2392, 2464, 2393, 2393, 2464, 2465, 2393, 2465, 2466, 2393, 2466, 2396, 2396, 2466, 2467, 2396, 2467, 2398, 2398, 2467, 2468, 2398, 2468, 2469, 2398, 2469, 2400, 2400, 2469, 2470, 2400, 2470, 2471, 2400, 2471, 2402, 2402, 2471, 2472, 2402, 2472, 2473, 2402, 2473, 2404, 2404, 2473, 2474, 2404, 2474, 2406, 2406, 2474, 2475, 2406, 2475, 2476, 2406, 2476, 2408, 2408, 2476, 2477, 2408, 2477, 2410, 2410, 2477, 2478, 2410, 2478, 2479, 2410, 2479, 2412, 2412, 2479, 2480, 2412, 2480, 2481, 2412, 2481, 2414, 2414, 2481, 2482, 2414, 2482, 2416, 2416, 2482, 2483, 2416, 2483, 2484, 2416, 2484, 2418, 2418, 2484, 2485, 2418, 2485, 2486, 2418, 2486, 2420, 2420, 2486, 2487, 2420, 2487, 2458, 2420, 2458, 2422, 2428, 2429, 2459, 2459, 2458, 2428, 2429, 2430, 2460, 2460, 2459, 2429, 2430, 2431, 2461, 2461, 2460, 2430, 2431, 2432, 2462, 2462, 2461, 2431, 2432, 2433, 2463, 2463, 2462, 2432, 2433, 2434, 2464, 2464, 2463, 2433, 2434, 2435, 2465, 2465, 2464, 2434, 2435, 2436, 2466, 2466, 2465, 2435, 2436, 2437, 2467, 2467, 2466, 2436, 2437, 2438, 2468, 2468, 2467, 2437, 2438, 2439, 2469, 2469, 2468, 2438, 2439, 2440, 2470, 2470, 2469, 2439, 2440, 2441, 2471, 2471, 2470, 2440, 2441, 2442, 2472, 2472, 2471, 2441, 2442, 2443, 2473, 2473, 2472, 2442, 2443, 2444, 2474, 2474, 2473, 2443, 2444, 2445, 2475, 2475, 2474, 2444, 2445, 2446, 2476, 2476, 2475, 2445, 2446, 2447, 2477, 2477, 2476, 2446, 2447, 2448, 2478, 2478, 2477, 2447, 2448, 2449, 2479, 2479, 2478, 2448, 2449, 2450, 2480, 2480, 2479, 2449, 2450, 2451, 2481, 2481, 2480, 2450, 2451, 2452, 2482, 2482, 2481, 2451, 2452, 2453, 2483, 2483, 2482, 2452, 2453, 2454, 2484, 2484, 2483, 2453, 2454, 2455, 2485, 2485, 2484, 2454, 2455, 2456, 2486, 2486, 2485, 2455, 2456, 2457, 2487, 2487, 2486, 2456, 2457, 2428, 2458, 2458, 2487, 2457, 2488, 2489, 2490, 2488, 2490, 2491, 2489, 2492, 2493, 2489, 2493, 2490, 2492, 2494, 2495, 2492, 2495, 2493, 2494, 2496, 2497, 2494, 2497, 2495, 2496, 2498, 2499, 2496, 2499, 2497, 2498, 2500, 2501, 2498, 2501, 2499, 2500, 2502, 2503, 2500, 2503, 2501, 2502, 2504, 2505, 2502, 2505, 2503, 2504, 2506, 2507, 2504, 2507, 2505, 2506, 2508, 2509, 2506, 2509, 2507, 2510, 2511, 2512, 2510, 2512, 2513, 2514, 2515, 2516, 2517, 2515, 2514, 2518, 2515, 2517, 2518, 2519, 2515, 2520, 2519, 2518, 2521, 2519, 2520, 2522, 2519, 2521, 2523, 2519, 2522, 2524, 2519, 2523, 2525, 2519, 2524, 2526, 2527, 2528, 2529, 2526, 2528, 2530, 2529, 2528, 2530, 2528, 2531, 2532, 2530, 2531, 2533, 2532, 2531, 2534, 2533, 2531, 2535, 2534, 2531, 2536, 2535, 2531, 2537, 2536, 2531, 2538, 2539, 2540, 2538, 2541, 2539, 2540, 2542, 2543, 2540, 2539, 2542, 2543, 2544, 2545, 2543, 2542, 2544, 2545, 2546, 2547, 2545, 2544, 2546, 2547, 2548, 2549, 2547, 2546, 2548, 2549, 2550, 2551, 2549, 2548, 2550, 2551, 2552, 2553, 2551, 2550, 2552, 2553, 2554, 2555, 2553, 2552, 2554, 2555, 2556, 2557, 2555, 2554, 2556, 2557, 2509, 2508, 2557, 2556, 2509, 2510, 2558, 2559, 2510, 2513, 2558, 2514, 2516, 2560, 2561, 2514, 2560, 2562, 2561, 2560, 2562, 2560, 2563, 2564, 2562, 2563, 2565, 2564, 2563, 2566, 2565, 2563, 2567, 2566, 2563, 2568, 2567, 2563, 2569, 2568, 2563, 2526, 2570, 2527, 2571, 2570, 2526, 2572, 2570, 2571, 2572, 2573, 2570, 2574, 2573, 2572, 2575, 2573, 2574, 2576, 2573, 2575, 2577, 2573, 2576, 2578, 2573, 2577, 2579, 2573, 2578, 2580, 2581, 2582, 2583, 2584, 2585, 2586, 2587, 2588, 2589, 2590, 2591, 2592, 2582, 2593, 2594, 2593, 2582, 2595, 2585, 2596, 2597, 2596, 2585, 2598, 2580, 2584, 2599, 2584, 2580, 2593, 2594, 2600, 2601, 2600, 2594, 2596, 2597, 2602, 2603, 2602, 2597, 2600, 2601, 2604, 2605, 2604, 2601, 2602, 2603, 2606, 2607, 2606, 2603, 2604, 2605, 2608, 2609, 2608, 2605, 2606, 2607, 2610, 2611, 2610, 2607, 2608, 2609, 2612, 2613, 2612, 2609, 2610, 2611, 2614, 2615, 2614, 2611, 2612, 2613, 2616, 2617, 2616, 2613, 2614, 2615, 2618, 2619, 2618, 2615, 2616, 2617, 2620, 2621, 2620, 2617, 2618, 2619, 2622, 2623, 2622, 2619, 2620, 2621, 2624, 2625, 2624, 2621, 2622, 2623, 2626, 2627, 2626, 2623, 2624, 2625, 2628, 2629, 2628, 2625, 2626, 2627, 2630, 2631, 2630, 2627, 2628, 2629, 2632, 2633, 2632, 2629, 2630, 2631, 2634, 2635, 2634, 2631, 2636, 2581, 2637, 2638, 2637, 2581, 2639, 2583, 2640, 2641, 2640, 2583, 2642, 2588, 2643, 2644, 2643, 2588, 2645, 2587, 2591, 2646, 2591, 2587, 2647, 2590, 2648, 2649, 2648, 2590, 2643, 2644, 2650, 2651, 2650, 2644, 2648, 2649, 2652, 2653, 2652, 2649, 2650, 2651, 2654, 2655, 2654, 2651, 2652, 2653, 2656, 2657, 2656, 2653, 2654, 2655, 2658, 2659, 2658, 2655, 2656, 2657, 2660, 2661, 2660, 2657, 2658, 2659, 2662, 2663, 2662, 2659, 2660, 2661, 2664, 2665, 2664, 2661, 2662, 2663, 2666, 2667, 2666, 2663, 2664, 2665, 2668, 2669, 2668, 2665, 2666, 2667, 2670, 2671, 2670, 2667, 2668, 2669, 2672, 2673, 2672, 2669, 2670, 2671, 2674, 2675, 2674, 2671, 2672, 2673, 2676, 2677, 2676, 2673, 2674, 2675, 2678, 2679, 2678, 2675, 2676, 2677, 2680, 2681, 2680, 2677, 2632, 2633, 2679, 2678, 2679, 2633, 2634, 2635, 2681, 2680, 2681, 2635, 2637, 2638, 2586, 2682, 2586, 2638, 2640, 2641, 2589, 2683, 2589, 2641, 2488, 2580, 2592, 2583, 2595, 2528, 2586, 2642, 2560, 2589, 2646, 2558, 2581, 2598, 2511, 2582, 2636, 2515, 2584, 2639, 2512, 2585, 2599, 2491, 2587, 2682, 2559, 2588, 2645, 2538, 2590, 2683, 2570, 2591, 2647, 2541, 2592, 2580, 2582, 2580, 2598, 2581, 2582, 2581, 2636, 2595, 2583, 2585, 2583, 2639, 2584, 2585, 2584, 2599, 2642, 2586, 2588, 2586, 2682, 2587, 2588, 2587, 2645, 2646, 2589, 2591, 2589, 2683, 2590, 2591, 2590, 2647, 2488, 2592, 2489, 2593, 2489, 2592, 2585, 2491, 2597, 2490, 2597, 2491, 2580, 2488, 2599, 2491, 2599, 2488, 2489, 2593, 2492, 2600, 2492, 2593, 2597, 2490, 2603, 2493, 2603, 2490, 2492, 2600, 2494, 2604, 2494, 2600, 2603, 2493, 2607, 2495, 2607, 2493, 2494, 2604, 2496, 2608, 2496, 2604, 2607, 2495, 2611, 2497, 2611, 2495, 2496, 2608, 2498, 2612, 2498, 2608, 2611, 2497, 2615, 2499, 2615, 2497, 2498, 2612, 2500, 2616, 2500, 2612, 2615, 2499, 2619, 2501, 2619, 2499, 2500, 2616, 2502, 2620, 2502, 2616, 2619, 2501, 2623, 2503, 2623, 2501, 2502, 2620, 2504, 2624, 2504, 2620, 2623, 2503, 2627, 2505, 2627, 2503, 2504, 2624, 2506, 2628, 2506, 2624, 2627, 2505, 2631, 2507, 2631, 2505, 2506, 2628, 2508, 2632, 2508, 2628, 2631, 2507, 2635, 2509, 2635, 2507, 2510, 2638, 2511, 2581, 2511, 2638, 2511, 2598, 2512, 2584, 2512, 2598, 2512, 2639, 2513, 2640, 2513, 2639, 2515, 2636, 2516, 2637, 2516, 2636, 2629, 2517, 2633, 2514, 2633, 2517, 2625, 2518, 2629, 2517, 2629, 2518, 2519, 2594, 2515, 2582, 2515, 2594, 2621, 2520, 2625, 2518, 2625, 2520, 2617, 2521, 2621, 2520, 2621, 2521, 2613, 2522, 2617, 2521, 2617, 2522, 2609, 2523, 2613, 2522, 2613, 2523, 2605, 2524, 2609, 2523, 2609, 2524, 2594, 2519, 2601, 2525, 2601, 2519, 2601, 2525, 2605, 2524, 2605, 2525, 2583, 2528, 2641, 2527, 2641, 2528, 2529, 2630, 2526, 2634, 2526, 2630, 2530, 2626, 2529, 2630, 2529, 2626, 2528, 2595, 2531, 2596, 2531, 2595, 2532, 2622, 2530, 2626, 2530, 2622, 2533, 2618, 2532, 2622, 2532, 2618, 2534, 2614, 2533, 2618, 2533, 2614, 2535, 2610, 2534, 2614, 2534, 2610, 2536, 2606, 2535, 2610, 2535, 2606, 2537, 2602, 2536, 2606, 2536, 2602, 2531, 2596, 2537, 2602, 2537, 2596, 2588, 2538, 2644, 2540, 2644, 2538, 2538, 2645, 2541, 2591, 2541, 2645, 2541, 2647, 2539, 2648, 2539, 2647, 2644, 2540, 2651, 2543, 2651, 2540, 2539, 2648, 2542, 2652, 2542, 2648, 2651, 2543, 2655, 2545, 2655, 2543, 2542, 2652, 2544, 2656, 2544, 2652, 2655, 2545, 2659, 2547, 2659, 2545, 2544, 2656, 2546, 2660, 2546, 2656, 2659, 2547, 2663, 2549, 2663, 2547, 2546, 2660, 2548, 2664, 2548, 2660, 2663, 2549, 2667, 2551, 2667, 2549, 2548, 2664, 2550, 2668, 2550, 2664, 2667, 2551, 2671, 2553, 2671, 2551, 2550, 2668, 2552, 2672, 2552, 2668, 2671, 2553, 2675, 2555, 2675, 2553, 2552, 2672, 2554, 2676, 2554, 2672, 2675, 2555, 2679, 2557, 2679, 2555, 2554, 2676, 2556, 2680, 2556, 2676, 2508, 2632, 2557, 2679, 2557, 2632, 2635, 2509, 2680, 2556, 2680, 2509, 2558, 2646, 2559, 2587, 2559, 2646, 2638, 2510, 2682, 2559, 2682, 2510, 2589, 2558, 2640, 2513, 2640, 2558, 2586, 2560, 2637, 2516, 2637, 2560, 2633, 2514, 2678, 2561, 2678, 2514, 2562, 2674, 2561, 2678, 2561, 2674, 2560, 2642, 2563, 2643, 2563, 2642, 2564, 2670, 2562, 2674, 2562, 2670, 2565, 2666, 2564, 2670, 2564, 2666, 2566, 2662, 2565, 2666, 2565, 2662, 2567, 2658, 2566, 2662, 2566, 2658, 2568, 2654, 2567, 2658, 2567, 2654, 2569, 2650, 2568, 2654, 2568, 2650, 2563, 2643, 2569, 2650, 2569, 2643, 2641, 2527, 2683, 2570, 2683, 2527, 2526, 2634, 2571, 2681, 2571, 2634, 2677, 2572, 2681, 2571, 2681, 2572, 2573, 2649, 2570, 2590, 2570, 2649, 2673, 2574, 2677, 2572, 2677, 2574, 2669, 2575, 2673, 2574, 2673, 2575, 2665, 2576, 2669, 2575, 2669, 2576, 2661, 2577, 2665, 2576, 2665, 2577, 2657, 2578, 2661, 2577, 2661, 2578, 2649, 2573, 2653, 2579, 2653, 2573, 2653, 2579, 2657, 2578, 2657, 2579, 2684, 2685, 2686, 2684, 2687, 2685, 2684, 2688, 2687, 2684, 2689, 2688, 2684, 2690, 2689, 2684, 2691, 2690, 2684, 2692, 2691, 2684, 2693, 2692, 2684, 2694, 2693, 2684, 2695, 2694, 2684, 2696, 2695, 2684, 2697, 2696, 2684, 2698, 2697, 2684, 2699, 2698, 2684, 2700, 2699, 2684, 2701, 2700, 2684, 2702, 2701, 2684, 2686, 2702, 2686, 2703, 2704, 2686, 2685, 2703, 2685, 2705, 2703, 2685, 2687, 2705, 2687, 2706, 2705, 2687, 2688, 2706, 2688, 2707, 2706, 2688, 2689, 2707, 2689, 2708, 2707, 2689, 2690, 2708, 2690, 2709, 2708, 2690, 2691, 2709, 2691, 2710, 2709, 2691, 2692, 2710, 2692, 2711, 2710, 2692, 2693, 2711, 2693, 2712, 2711, 2693, 2694, 2712, 2694, 2713, 2712, 2694, 2695, 2713, 2695, 2714, 2713, 2695, 2696, 2714, 2696, 2715, 2714, 2696, 2697, 2715, 2697, 2716, 2715, 2697, 2698, 2716, 2698, 2717, 2716, 2698, 2699, 2717, 2699, 2718, 2717, 2699, 2700, 2718, 2700, 2719, 2718, 2700, 2701, 2719, 2701, 2720, 2719, 2701, 2702, 2720, 2702, 2704, 2720, 2702, 2686, 2704, 2721, 2704, 2703, 2721, 2703, 2705, 2721, 2705, 2706, 2721, 2706, 2707, 2721, 2707, 2708, 2721, 2708, 2709, 2721, 2709, 2710, 2721, 2710, 2711, 2721, 2711, 2712, 2721, 2712, 2713, 2721, 2713, 2714, 2721, 2714, 2715, 2721, 2715, 2716, 2721, 2716, 2717, 2721, 2717, 2718, 2721, 2718, 2719, 2721, 2719, 2720, 2721, 2720, 2704]
            point3f[] points = [(-0.737603, -0.134562, 0.683475), (-0.738403, -0.134562, 0.683674), (-0.738404, 0.511038, 0.683675), (-0.737604, 0.511038, 0.683475), (-0.736303, -0.145562, 0.683474), (-0.737103, -0.145762, 0.683674), (-0.732703, -0.155562, 0.683474), (-0.733503, -0.155962, 0.683675), (-0.727103, -0.164362, 0.683474), (-0.727703, -0.164862, 0.683675), (-0.719703, -0.171762, 0.683475), (-0.720203, -0.172362, 0.683674), (-0.710903, -0.177362, 0.683474), (-0.711303, -0.178162, 0.683674), (-0.700903, -0.180962, 0.683474), (-0.701103, -0.181762, 0.683674), (-0.689903, -0.182262, 0.683475), (-0.689903, -0.183062, 0.683675), (0.705697, -0.18226, 0.683477), (0.705697, -0.18306, 0.683677), (0.716697, -0.18096, 0.683477), (0.716897, -0.18176, 0.683677), (0.726697, -0.17736, 0.683477), (0.727097, -0.17816, 0.683677), (0.735497, -0.17176, 0.683477), (0.735997, -0.17236, 0.683677), (0.742897, -0.16436, 0.683477), (0.743497, -0.16486, 0.683677), (0.748497, -0.15556, 0.683477), (0.749297, -0.15596, 0.683677), (0.752097, -0.14556, 0.683477), (0.752897, -0.14576, 0.683677), (0.753397, -0.13456, 0.683477), (0.754197, -0.13456, 0.683677), (0.753396, 0.51104, 0.683477), (0.754196, 0.51104, 0.683677), (0.752096, 0.52204, 0.683477), (0.752896, 0.52224, 0.683677), (0.748496, 0.53204, 0.683477), (0.749296, 0.53244, 0.683677), (0.742896, 0.54084, 0.683477), (0.743496, 0.54134, 0.683677), (0.735496, 0.54824, 0.683477), (0.735996, 0.54884, 0.683677), (0.726696, 0.55384, 0.683477), (0.727096, 0.55464, 0.683677), (0.716696, 0.55744, 0.683477), (0.716896, 0.55824, 0.683677), (0.705696, 0.55874, 0.683477), (0.705696, 0.55954, 0.683677), (-0.689904, 0.558738, 0.683475), (-0.689904, 0.559538, 0.683675), (-0.700904, 0.557438, 0.683475), (-0.701104, 0.558238, 0.683675), (-0.710904, 0.553838, 0.683475), (-0.711304, 0.554638, 0.683675), (-0.719704, 0.548238, 0.683475), (-0.720204, 0.548838, 0.683675), (-0.727104, 0.540838, 0.683475), (-0.727704, 0.541338, 0.683675), (-0.732704, 0.532038, 0.683475), (-0.733504, 0.532438, 0.683675), (-0.736304, 0.522038, 0.683475), (-0.737104, 0.522238, 0.683675), (-0.739403, -0.134662, 0.684675), (-0.739404, 0.511138, 0.684675), (-0.738103, -0.145962, 0.684675), (-0.734403, -0.156362, 0.684675), (-0.728503, -0.165562, 0.684675), (-0.720903, -0.173162, 0.684675), (-0.711703, -0.179062, 0.684675), (-0.701303, -0.182762, 0.684675), (-0.690003, -0.184062, 0.684675), (0.705797, -0.18406, 0.684677), (0.717097, -0.18276, 0.684677), (0.727497, -0.17906, 0.684677), (0.736697, -0.17316, 0.684677), (0.744297, -0.16556, 0.684677), (0.750197, -0.15636, 0.684677), (0.753897, -0.14596, 0.684677), (0.755197, -0.13466, 0.684677), (0.755196, 0.51114, 0.684677), (0.753896, 0.52244, 0.684677), (0.750196, 0.53284, 0.684677), (0.744296, 0.54204, 0.684677), (0.736696, 0.54964, 0.684677), (0.727496, 0.55554, 0.684677), (0.717096, 0.55924, 0.684677), (0.705796, 0.56054, 0.684677), (-0.690004, 0.560538, 0.684675), (-0.701304, 0.559238, 0.684675), (-0.711704, 0.555538, 0.684675), (-0.720904, 0.549638, 0.684675), (-0.728504, 0.542038, 0.684675), (-0.734404, 0.532838, 0.684675), (-0.738104, 0.522438, 0.684675), (-0.739603, -0.134662, 0.685474), (-0.739604, 0.511138, 0.685475), (-0.738303, -0.145962, 0.685475), (-0.734603, -0.156462, 0.685474), (-0.728703, -0.165662, 0.685475), (-0.721003, -0.173362, 0.685475), (-0.711803, -0.179262, 0.685475), (-0.701303, -0.182962, 0.685475), (-0.690003, -0.184262, 0.685475), (0.705797, -0.18426, 0.685477), (0.717097, -0.18296, 0.685477), (0.727597, -0.17926, 0.685477), (0.736797, -0.17336, 0.685477), (0.744497, -0.16566, 0.685477), (0.750397, -0.15646, 0.685477), (0.754097, -0.14596, 0.685477), (0.755397, -0.13466, 0.685477), (0.755396, 0.51114, 0.685477), (0.754096, 0.52244, 0.685477), (0.750396, 0.53294, 0.685477), (0.744496, 0.54214, 0.685477), (0.736796, 0.54984, 0.685477), (0.727596, 0.55574, 0.685477), (0.717096, 0.55944, 0.685477), (0.705796, 0.56074, 0.685477), (-0.690004, 0.560738, 0.685475), (-0.701304, 0.559438, 0.685475), (-0.711804, 0.555738, 0.685475), (-0.721004, 0.549838, 0.685475), (-0.728704, 0.542138, 0.685475), (-0.734604, 0.532938, 0.685475), (-0.738304, 0.522438, 0.685475), (-0.737603, -0.134562, 0.713475), (-0.737604, 0.511038, 0.713475), (-0.738404, 0.511038, 0.713275), (-0.738403, -0.134562, 0.713274), (-0.736303, -0.145562, 0.713474), (-0.737103, -0.145762, 0.713274), (-0.732703, -0.155562, 0.713474), (-0.733503, -0.155962, 0.713274), (-0.727103, -0.164362, 0.713475), (-0.727703, -0.164862, 0.713274), (-0.719703, -0.171762, 0.713475), (-0.720203, -0.172362, 0.713274), (-0.710903, -0.177362, 0.713475), (-0.711303, -0.178162, 0.713275), (-0.700903, -0.180962, 0.713475), (-0.701103, -0.181762, 0.713275), (-0.689903, -0.182262, 0.713475), (-0.689903, -0.183062, 0.713274), (0.705697, -0.18226, 0.713477), (0.705697, -0.18306, 0.713277), (0.716697, -0.18096, 0.713477), (0.716897, -0.18176, 0.713277), (0.726697, -0.17736, 0.713477), (0.727097, -0.17816, 0.713277), (0.735497, -0.17176, 0.713477), (0.735997, -0.17236, 0.713277), (0.742897, -0.16436, 0.713477), (0.743497, -0.16486, 0.713277), (0.748497, -0.15556, 0.713477), (0.749297, -0.15596, 0.713277), (0.752097, -0.14556, 0.713477), (0.752897, -0.14576, 0.713277), (0.753397, -0.13456, 0.713477), (0.754197, -0.13456, 0.713277), (0.753396, 0.51104, 0.713477), (0.754196, 0.51104, 0.713277), (0.752096, 0.52204, 0.713477), (0.752896, 0.52224, 0.713277), (0.748496, 0.53204, 0.713477), (0.749296, 0.53244, 0.713277), (0.742896, 0.54084, 0.713477), (0.743496, 0.54134, 0.713277), (0.735496, 0.54824, 0.713477), (0.735996, 0.54884, 0.713277), (0.726696, 0.55384, 0.713477), (0.727096, 0.55464, 0.713277), (0.716696, 0.55744, 0.713477), (0.716896, 0.55824, 0.713277), (0.705696, 0.55874, 0.713477), (0.705696, 0.55954, 0.713277), (-0.689904, 0.558738, 0.713475), (-0.689904, 0.559538, 0.713275), (-0.700904, 0.557438, 0.713475), (-0.701104, 0.558238, 0.713275), (-0.710904, 0.553838, 0.713475), (-0.711304, 0.554638, 0.713275), (-0.719704, 0.548238, 0.713475), (-0.720204, 0.548838, 0.713275), (-0.727104, 0.540838, 0.713475), (-0.727704, 0.541338, 0.713275), (-0.732704, 0.532038, 0.713475), (-0.733504, 0.532438, 0.713275), (-0.736304, 0.522038, 0.713475), (-0.737104, 0.522238, 0.713275), (-0.739404, 0.511138, 0.712275), (-0.739403, -0.134662, 0.712275), (-0.738103, -0.145962, 0.712275), (-0.734403, -0.156362, 0.712275), (-0.728503, -0.165562, 0.712275), (-0.720903, -0.173162, 0.712275), (-0.711703, -0.179062, 0.712274), (-0.701303, -0.182762, 0.712274), (-0.690003, -0.184062, 0.712275), (0.705797, -0.18406, 0.712277), (0.717097, -0.18276, 0.712277), (0.727497, -0.17906, 0.712277), (0.736697, -0.17316, 0.712277), (0.744297, -0.16556, 0.712277), (0.750197, -0.15636, 0.712277), (0.753897, -0.14596, 0.712277), (0.755197, -0.13466, 0.712277), (0.755196, 0.51114, 0.712277), (0.753896, 0.52244, 0.712277), (0.750196, 0.53284, 0.712277), (0.744296, 0.54204, 0.712277), (0.736696, 0.54964, 0.712277), (0.727496, 0.55554, 0.712277), (0.717096, 0.55924, 0.712277), (0.705796, 0.56054, 0.712277), (-0.690004, 0.560538, 0.712275), (-0.701304, 0.559238, 0.712275), (-0.711704, 0.555538, 0.712275), (-0.720904, 0.549638, 0.712275), (-0.728504, 0.542038, 0.712275), (-0.734404, 0.532838, 0.712275), (-0.738104, 0.522438, 0.712275), (-0.739604, 0.511138, 0.711475), (-0.739603, -0.134662, 0.711475), (-0.738303, -0.145962, 0.711475), (-0.734603, -0.156462, 0.711474), (-0.728703, -0.165662, 0.711475), (-0.721003, -0.173362, 0.711475), (-0.711803, -0.179262, 0.711475), (-0.701303, -0.182962, 0.711475), (-0.690003, -0.184262, 0.711475), (0.705797, -0.18426, 0.711477), (0.717097, -0.18296, 0.711477), (0.727597, -0.17926, 0.711477), (0.736797, -0.17336, 0.711477), (0.744497, -0.16566, 0.711477), (0.750397, -0.15646, 0.711477), (0.754097, -0.14596, 0.711477), (0.755397, -0.13466, 0.711477), (0.755396, 0.51114, 0.711477), (0.754096, 0.52244, 0.711477), (0.750396, 0.53294, 0.711477), (0.744496, 0.54214, 0.711477), (0.736796, 0.54984, 0.711477), (0.727596, 0.55574, 0.711477), (0.717096, 0.55944, 0.711477), (0.705796, 0.56074, 0.711477), (-0.690004, 0.560738, 0.711475), (-0.701304, 0.559438, 0.711475), (-0.711804, 0.555738, 0.711475), (-0.721004, 0.549838, 0.711475), (-0.728704, 0.542138, 0.711475), (-0.734604, 0.532938, 0.711475), (-0.738304, 0.522438, 0.711475), (-0.704603, 0.19741, 0.072175), (-0.709403, 0.245499, 0.072175), (-0.704603, 0.246359, 0.072175), (-0.713703, 0.243049, 0.072175), (-0.716803, 0.239279, 0.072175), (-0.718503, 0.234669, 0.072175), (-0.718503, 0.158959, 0.072175), (-0.716803, 0.154339, 0.072175), (-0.713703, 0.150579, 0.072175), (-0.709403, 0.148129, 0.072175), (-0.704602, 0.147269, 0.072175), (-0.699803, 0.148129, 0.072175), (-0.695503, 0.150579, 0.072175), (-0.692403, 0.154339, 0.072175), (-0.690703, 0.158959, 0.072175), (-0.690703, 0.234669, 0.072175), (-0.692403, 0.239279, 0.072175), (-0.695503, 0.243049, 0.072175), (-0.699803, 0.245499, 0.072175), (-0.709403, 0.245498, 0.634365), (-0.704603, 0.246358, 0.634365), (-0.713703, 0.243048, 0.634365), (-0.716803, 0.239278, 0.634365), (-0.718503, 0.234668, 0.634365), (-0.718503, 0.158958, 0.634365), (-0.716803, 0.154338, 0.634365), (-0.713703, 0.150578, 0.634365), (-0.709403, 0.148128, 0.634365), (-0.704603, 0.147268, 0.634365), (-0.699803, 0.148128, 0.634365), (-0.695503, 0.150578, 0.634365), (-0.692403, 0.154338, 0.634365), (-0.690703, 0.158958, 0.634365), (-0.690703, 0.234668, 0.634365), (-0.692403, 0.239278, 0.634365), (-0.695503, 0.243048, 0.634365), (-0.699803, 0.245498, 0.634365), (-0.704603, 0.197409, 0.634365), (0.704597, -0.05516, 0.682277), (0.704597, -0.05516, 0.653527), (0.736197, -0.05516, 0.653527), (0.736197, -0.05516, 0.682277), (0.704597, -0.05496, 0.652487), (0.736197, -0.05496, 0.652487), (0.704597, -0.05446, 0.651547), (0.736197, -0.05446, 0.651547), (0.704597, -0.05356, 0.650727), (0.736197, -0.05356, 0.650727), (0.704597, -0.05246, 0.650037), (0.736197, -0.05246, 0.650037), (0.704597, -0.05116, 0.649487), (0.736197, -0.05116, 0.649487), (0.704597, -0.04986, 0.649077), (0.736197, -0.04986, 0.649077), (0.704597, -0.04846, 0.648827), (0.736197, -0.04846, 0.648827), (0.704597, 0.14626, 0.635407), (0.736197, 0.14626, 0.635407), (0.704597, 0.196815, 0.635407), (0.736197, 0.196815, 0.635407), (0.704596, 0.196815, 0.683477), (0.704597, -0.05396, 0.683477), (0.736197, -0.05396, 0.683477), (0.736196, 0.196815, 0.683477), (0.703396, 0.196815, 0.636607), (0.703397, -0.05396, 0.682277), (0.703396, 0.196815, 0.682277), (0.703396, 0.14631, 0.636607), (0.703397, -0.04826, 0.650017), (0.703397, -0.05456, 0.653577), (0.703397, -0.04956, 0.650247), (0.703397, -0.05076, 0.650607), (0.703397, -0.05186, 0.651107), (0.703397, -0.05286, 0.651667), (0.703397, -0.05396, 0.651967), (0.703397, -0.05446, 0.652697), (0.737396, 0.196815, 0.636607), (0.737396, 0.196815, 0.682277), (0.737397, -0.05396, 0.682277), (0.737397, 0.14631, 0.636607), (0.737397, -0.04826, 0.650017), (0.737397, -0.05456, 0.653577), (0.737397, -0.04956, 0.650247), (0.737397, -0.05076, 0.650607), (0.737397, -0.05186, 0.651107), (0.737397, -0.05286, 0.651667), (0.737397, -0.05396, 0.651967), (0.737397, -0.05446, 0.652697), (0.704596, 0.44884, 0.682277), (0.736196, 0.44884, 0.653527), (0.704596, 0.44884, 0.653527), (0.736196, 0.44884, 0.682277), (0.736196, 0.44864, 0.652487), (0.704596, 0.44864, 0.652487), (0.736196, 0.44804, 0.651547), (0.704596, 0.44804, 0.651547), (0.736196, 0.44714, 0.650727), (0.704596, 0.44714, 0.650727), (0.736196, 0.44604, 0.650037), (0.704596, 0.44604, 0.650037), (0.736196, 0.44484, 0.649487), (0.704596, 0.44484, 0.649487), (0.736196, 0.44344, 0.649077), (0.704596, 0.44344, 0.649077), (0.736196, 0.44204, 0.648827), (0.704596, 0.44204, 0.648827), (0.736197, 0.24737, 0.635407), (0.704597, 0.24737, 0.635407), (0.736196, 0.44764, 0.683477), (0.704596, 0.44764, 0.683477), (0.703396, 0.44764, 0.682277), (0.703396, 0.24732, 0.636607), (0.703396, 0.44194, 0.650017), (0.703396, 0.44824, 0.653577), (0.703396, 0.44314, 0.650247), (0.703396, 0.44434, 0.650607), (0.703396, 0.44554, 0.651107), (0.703396, 0.44654, 0.651667), (0.703396, 0.44764, 0.651967), (0.703396, 0.44804, 0.652697), (0.737396, 0.44764, 0.682277), (0.737396, 0.24732, 0.636607), (0.737396, 0.44194, 0.650017), (0.737396, 0.44824, 0.653577), (0.737396, 0.44314, 0.650247), (0.737396, 0.44434, 0.650607), (0.737396, 0.44554, 0.651107), (0.737396, 0.44654, 0.651667), (0.737396, 0.44764, 0.651967), (0.737396, 0.44804, 0.652697), (0.704397, -0.05506, 0.682618), (0.704297, -0.05416, 0.683335), (0.703497, -0.05426, 0.682477), (0.737297, -0.05416, 0.682618), (0.736397, -0.05426, 0.683335), (0.736497, -0.05506, 0.682477), (0.703496, 0.44784, 0.682618), (0.704396, 0.44794, 0.683336), (0.704296, 0.44864, 0.682477), (0.736496, 0.44784, 0.683336), (0.737296, 0.44794, 0.682477), (0.736396, 0.44864, 0.682618), (0.704297, -0.05506, 0.682477), (0.704197, -0.05506, 0.653537), (0.703597, -0.05486, 0.653557), (0.737297, -0.05426, 0.682477), (0.737197, -0.05486, 0.653557), (0.736597, -0.05506, 0.653537), (0.704397, -0.05426, 0.683335), (0.736397, -0.05506, 0.682618), (0.704197, -0.05496, 0.652517), (0.703597, -0.05466, 0.652597), (0.737197, -0.05466, 0.652597), (0.736597, -0.05496, 0.652517), (0.704197, -0.05436, 0.651597), (0.703597, -0.05416, 0.651747), (0.737197, -0.05416, 0.651747), (0.736597, -0.05436, 0.651597), (0.704297, -0.05346, 0.650837), (0.703497, -0.05306, 0.651367), (0.737297, -0.05306, 0.651367), (0.736497, -0.05346, 0.650837), (0.704297, -0.05236, 0.650167), (0.703497, -0.05206, 0.650797), (0.737297, -0.05206, 0.650797), (0.736497, -0.05236, 0.650167), (0.704297, -0.05116, 0.649617), (0.703497, -0.05086, 0.650287), (0.737297, -0.05086, 0.650287), (0.736497, -0.05116, 0.649617), (0.704297, -0.04976, 0.649217), (0.703497, -0.04966, 0.649907), (0.737297, -0.04966, 0.649907), (0.736497, -0.04976, 0.649217), (0.704297, -0.04846, 0.648967), (0.703497, -0.04836, 0.649677), (0.737297, -0.04836, 0.649677), (0.736497, -0.04846, 0.648967), (0.704297, 0.14627, 0.635547), (0.703497, 0.14629, 0.636257), (0.737297, 0.14629, 0.636257), (0.736497, 0.14627, 0.635547), (0.704297, 0.196815, 0.635547), (0.703496, 0.196815, 0.636257), (0.737297, 0.196815, 0.636257), (0.736497, 0.196815, 0.635547), (0.703497, -0.05416, 0.682618), (0.703496, 0.196815, 0.682618), (0.704296, 0.196815, 0.683335), (0.736497, -0.05416, 0.683335), (0.736496, 0.196815, 0.683335), (0.737296, 0.196815, 0.682618), (0.703496, 0.44794, 0.682477), (0.703596, 0.44844, 0.653557), (0.704196, 0.44874, 0.653537), (0.704396, 0.44864, 0.682618), (0.736396, 0.44794, 0.683336), (0.736496, 0.44864, 0.682477), (0.736596, 0.44874, 0.653537), (0.737196, 0.44844, 0.653557), (0.703596, 0.44834, 0.652597), (0.704196, 0.44854, 0.652517), (0.736596, 0.44854, 0.652517), (0.737196, 0.44834, 0.652597), (0.703596, 0.44784, 0.651747), (0.704196, 0.44804, 0.651597), (0.736596, 0.44804, 0.651597), (0.737196, 0.44784, 0.651747), (0.703496, 0.44664, 0.651367), (0.704296, 0.44704, 0.650837), (0.736496, 0.44704, 0.650837), (0.737296, 0.44664, 0.651367), (0.703496, 0.44564, 0.650797), (0.704296, 0.44604, 0.650167), (0.736496, 0.44604, 0.650167), (0.737296, 0.44564, 0.650797), (0.703496, 0.44454, 0.650287), (0.704296, 0.44474, 0.649617), (0.736496, 0.44474, 0.649617), (0.737296, 0.44454, 0.650287), (0.703496, 0.44324, 0.649907), (0.704296, 0.44344, 0.649217), (0.736496, 0.44344, 0.649217), (0.737296, 0.44324, 0.649907), (0.703496, 0.44194, 0.649677), (0.704296, 0.44204, 0.648967), (0.736496, 0.44204, 0.648967), (0.737296, 0.44194, 0.649677), (0.703496, 0.24734, 0.636257), (0.704297, 0.24736, 0.635547), (0.736497, 0.24736, 0.635547), (0.737297, 0.24734, 0.636257), (0.704296, 0.44784, 0.683336), (0.737296, 0.44784, 0.682618), (0.730397, 0.24934, 0.068777), (0.738197, 0.24343, 0.068477), (0.738297, 0.30914, 0.066777), (0.730797, 0.31194, 0.066877), (0.720397, 0.30914, 0.066977), (0.720397, 0.25272, 0.068777), (0.745297, 0.37084, 0.039877), (0.745297, 0.196815, 0.037777), (0.745397, 0.196815, 0.007877), (0.745297, 0.35534, 0.007877), (0.745297, 0.51384, 0.007877), (0.745297, 0.47944, 0.031377), (0.745297, 0.47944, 0.032577), (0.745297, 0.47944, 0.042077), (0.744997, 0.48684, 0.049777), (0.744997, 0.39964, 0.052877), (0.744897, 0.32304, 0.059277), (0.745097, 0.27513, 0.057977), (0.745097, 0.196815, 0.057477), (0.745297, 0.51934, 0.031977), (0.745197, 0.52624, 0.028877), (0.744997, 0.52634, 0.043677), (0.744997, 0.52004, 0.045377), (0.745297, 0.52064, 0.007877), (0.745297, 0.52754, 0.007877), (0.724197, 0.54664, 0.027077), (0.727697, 0.54664, 0.026977), (0.727897, 0.54664, 0.007877), (0.724197, 0.54664, 0.007877), (0.720397, 0.54664, 0.007877), (0.720397, 0.54664, 0.027177), (0.720397, 0.54644, 0.042077), (0.724197, 0.54644, 0.041977), (0.727697, 0.54634, 0.041677), (0.730897, 0.54644, 0.026877), (0.733697, 0.54604, 0.026777), (0.733897, 0.54594, 0.007877), (0.730897, 0.54634, 0.007877), (0.730897, 0.54624, 0.041477), (0.733697, 0.54584, 0.041377), (0.745097, 0.53044, 0.027777), (0.745097, 0.53044, 0.007877), (0.744897, 0.53334, 0.007877), (0.744797, 0.53334, 0.027677), (0.744597, 0.53324, 0.042777), (0.744897, 0.53044, 0.042977), (0.736197, 0.54544, 0.026777), (0.738297, 0.54464, 0.026777), (0.738397, 0.54444, 0.007877), (0.736197, 0.54514, 0.007877), (0.736097, 0.54524, 0.041377), (0.738197, 0.54444, 0.041377), (0.744397, 0.53604, 0.027477), (0.744397, 0.53594, 0.007877), (0.743797, 0.53864, 0.007877), (0.743697, 0.53844, 0.027277), (0.743497, 0.53824, 0.042277), (0.744097, 0.53584, 0.042577), (0.740097, 0.54354, 0.026877), (0.741497, 0.54224, 0.026977), (0.741697, 0.54224, 0.007877), (0.740097, 0.54334, 0.007877), (0.739897, 0.54334, 0.041577), (0.741397, 0.54194, 0.041777), (0.742697, 0.54054, 0.027177), (0.742697, 0.54044, 0.007877), (0.742497, 0.54024, 0.041977), (0.744397, 0.24327, 0.064977), (0.744397, 0.196815, 0.064977), (0.744297, 0.31174, 0.063177), (0.743197, 0.30904, 0.064677), (0.743197, 0.24332, 0.066377), (0.743197, 0.196815, 0.066377), (0.724197, 0.54574, 0.048077), (0.727697, 0.54564, 0.047777), (0.720397, 0.54574, 0.048177), (0.720397, 0.54474, 0.049877), (0.724097, 0.54464, 0.049777), (0.727697, 0.54444, 0.049577), (0.730897, 0.54534, 0.047577), (0.733597, 0.54484, 0.047477), (0.730797, 0.54394, 0.049377), (0.733497, 0.54324, 0.049177), (0.744097, 0.53034, 0.049077), (0.744197, 0.52624, 0.049677), (0.743897, 0.53294, 0.048877), (0.742797, 0.53264, 0.050277), (0.743097, 0.53014, 0.050477), (0.743197, 0.52634, 0.051077), (0.735997, 0.54414, 0.047377), (0.737997, 0.54334, 0.047477), (0.735797, 0.54244, 0.049177), (0.737597, 0.54154, 0.049177), (0.743397, 0.53544, 0.048577), (0.742797, 0.53764, 0.048277), (0.741897, 0.53674, 0.049877), (0.742397, 0.53484, 0.050077), (0.739597, 0.54224, 0.047577), (0.740897, 0.54104, 0.047777), (0.739097, 0.54064, 0.049277), (0.740297, 0.53954, 0.049477), (0.741997, 0.53944, 0.048077), (0.741197, 0.53824, 0.049677), (0.744197, 0.42424, 0.057577), (0.744297, 0.49284, 0.053177), (0.744297, 0.49284, 0.053277), (0.743797, 0.49284, 0.053977), (0.743097, 0.49014, 0.054877), (0.743097, 0.41304, 0.059477), (0.744197, 0.51934, 0.051277), (0.743197, 0.52004, 0.052377), (0.741897, 0.24338, 0.067677), (0.741897, 0.196815, 0.067677), (0.741797, 0.31194, 0.065777), (0.738297, 0.196815, 0.068477), (0.724097, 0.54324, 0.051177), (0.727597, 0.54284, 0.051077), (0.720397, 0.54334, 0.051177), (0.720397, 0.53904, 0.052577), (0.726597, 0.53914, 0.052377), (0.728197, 0.54064, 0.051877), (0.730697, 0.54214, 0.050877), (0.733297, 0.54134, 0.050777), (0.731497, 0.53824, 0.052277), (0.733197, 0.53914, 0.051777), (0.741697, 0.52994, 0.051777), (0.741797, 0.52614, 0.052377), (0.741497, 0.53214, 0.051577), (0.739997, 0.53164, 0.052377), (0.739097, 0.52994, 0.052777), (0.740297, 0.52624, 0.053077), (0.735497, 0.54044, 0.050777), (0.737197, 0.53954, 0.050777), (0.735097, 0.53674, 0.052177), (0.736597, 0.53744, 0.051777), (0.741097, 0.53404, 0.051377), (0.740697, 0.53554, 0.051277), (0.739397, 0.53434, 0.052077), (0.738697, 0.53264, 0.052577), (0.738497, 0.53864, 0.050877), (0.739497, 0.53774, 0.050977), (0.737097, 0.53544, 0.052277), (0.738497, 0.53604, 0.051877), (0.740197, 0.53674, 0.051077), (0.738097, 0.53424, 0.052377), (0.741697, 0.42424, 0.060077), (0.741897, 0.49284, 0.055777), (0.741797, 0.49284, 0.055877), (0.741097, 0.49284, 0.056377), (0.739597, 0.49094, 0.056777), (0.738697, 0.41314, 0.061477), (0.741697, 0.51934, 0.053777), (0.739197, 0.52274, 0.054077), (0.734297, 0.53014, 0.053477), (0.720397, 0.52904, 0.053977), (0.720397, 0.49244, 0.057077), (0.731497, 0.49554, 0.056677), (0.731797, 0.49554, 0.056677), (0.736497, 0.49554, 0.056577), (0.732097, 0.42434, 0.061077), (0.720397, 0.41314, 0.061777), (0.734397, 0.47244, -0.000123), (0.739697, 0.53334, -0.000123), (0.739897, 0.53174, -0.000123), (0.740097, 0.52964, -0.000123), (0.740197, 0.52624, -0.000123), (0.740197, 0.52054, -0.000123), (0.740297, 0.47594, -0.000123), (0.740297, 0.35534, -0.000123), (0.740297, 0.196815, -0.000123), (0.730398, 0.196815, -0.000123), (0.720397, 0.196815, -0.000123), (0.720397, 0.36924, -0.000123), (0.720397, 0.54164, -0.000123), (0.724097, 0.54154, -0.000123), (0.727597, 0.54114, -0.000123), (0.730597, 0.54024, -0.000123), (0.733197, 0.53924, -0.000123), (0.735197, 0.53824, -0.000123), (0.736797, 0.53724, -0.000123), (0.737897, 0.53654, -0.000123), (0.738597, 0.53584, -0.000123), (0.738997, 0.53524, -0.000123), (0.739297, 0.53444, -0.000123), (0.710397, 0.24934, 0.068777), (0.709997, 0.31194, 0.066877), (0.702497, 0.30914, 0.066777), (0.702597, 0.24343, 0.068477), (0.695497, 0.37084, 0.039877), (0.695497, 0.35534, 0.007877), (0.695397, 0.196815, 0.007877), (0.695497, 0.196815, 0.037777), (0.695697, 0.196815, 0.057477), (0.695697, 0.27513, 0.057977), (0.695897, 0.32304, 0.059277), (0.695797, 0.39964, 0.052877), (0.695797, 0.48684, 0.049777), (0.695497, 0.47944, 0.042077), (0.695497, 0.47944, 0.032577), (0.695497, 0.47944, 0.031377), (0.695497, 0.51384, 0.007877), (0.695497, 0.51934, 0.031977), (0.695797, 0.52004, 0.045377), (0.695797, 0.52634, 0.043677), (0.695597, 0.52624, 0.028877), (0.695497, 0.52754, 0.007877), (0.695497, 0.52064, 0.007877), (0.716597, 0.54664, 0.027077), (0.716597, 0.54664, 0.007877), (0.712897, 0.54664, 0.007877), (0.713097, 0.54664, 0.026977), (0.713097, 0.54634, 0.041677), (0.716597, 0.54644, 0.041977), (0.709897, 0.54644, 0.026877), (0.709897, 0.54634, 0.007877), (0.706897, 0.54594, 0.007877), (0.707097, 0.54604, 0.026777), (0.707097, 0.54584, 0.041377), (0.709897, 0.54624, 0.041477), (0.695697, 0.53044, 0.027777), (0.695697, 0.53044, 0.007877), (0.695897, 0.53044, 0.042977), (0.696197, 0.53324, 0.042777), (0.695997, 0.53334, 0.027677), (0.695897, 0.53334, 0.007877), (0.704597, 0.54544, 0.026777), (0.704597, 0.54514, 0.007877), (0.702397, 0.54444, 0.007877), (0.702497, 0.54464, 0.026777), (0.702597, 0.54444, 0.041377), (0.704697, 0.54524, 0.041377), (0.696397, 0.53604, 0.027477), (0.696397, 0.53594, 0.007877), (0.696697, 0.53584, 0.042577), (0.697297, 0.53824, 0.042277), (0.697097, 0.53844, 0.027277), (0.696997, 0.53864, 0.007877), (0.700697, 0.54354, 0.026877), (0.700697, 0.54334, 0.007877), (0.699097, 0.54224, 0.007877), (0.699297, 0.54224, 0.026977), (0.699397, 0.54194, 0.041777), (0.700897, 0.54334, 0.041577), (0.698097, 0.54054, 0.027177), (0.698097, 0.54044, 0.007877), (0.698297, 0.54024, 0.041977), (0.696397, 0.24327, 0.064977), (0.696397, 0.196815, 0.064977), (0.697597, 0.196815, 0.066377), (0.697597, 0.24332, 0.066377), (0.697597, 0.30904, 0.064677), (0.696497, 0.31174, 0.063177), (0.716597, 0.54574, 0.048077), (0.713097, 0.54564, 0.047777), (0.713097, 0.54444, 0.049577), (0.716697, 0.54464, 0.049777), (0.709897, 0.54534, 0.047577), (0.707197, 0.54484, 0.047477), (0.707297, 0.54324, 0.049177), (0.709997, 0.54394, 0.049377), (0.696697, 0.53034, 0.049077), (0.696597, 0.52624, 0.049677), (0.697597, 0.52634, 0.051077), (0.697697, 0.53014, 0.050477), (0.697997, 0.53264, 0.050277), (0.696897, 0.53294, 0.048877), (0.704797, 0.54414, 0.047377), (0.702797, 0.54334, 0.047477), (0.703197, 0.54154, 0.049177), (0.704997, 0.54244, 0.049177), (0.697397, 0.53544, 0.048577), (0.698397, 0.53484, 0.050077), (0.698897, 0.53674, 0.049877), (0.697997, 0.53764, 0.048277), (0.701197, 0.54224, 0.047577), (0.699897, 0.54104, 0.047777), (0.700497, 0.53954, 0.049477), (0.701697, 0.54064, 0.049277), (0.698797, 0.53944, 0.048077), (0.699597, 0.53824, 0.049677), (0.696597, 0.42424, 0.057577), (0.697697, 0.41304, 0.059477), (0.697697, 0.49014, 0.054877), (0.696997, 0.49284, 0.053977), (0.696497, 0.49284, 0.053277), (0.696497, 0.49284, 0.053177), (0.696597, 0.51934, 0.051277), (0.697597, 0.52004, 0.052377), (0.698897, 0.24338, 0.067677), (0.698897, 0.196815, 0.067677), (0.702597, 0.196815, 0.068477), (0.698997, 0.31194, 0.065777), (0.716697, 0.54324, 0.051177), (0.713197, 0.54284, 0.051077), (0.712597, 0.54064, 0.051877), (0.714197, 0.53914, 0.052377), (0.710097, 0.54214, 0.050877), (0.707497, 0.54134, 0.050777), (0.707597, 0.53914, 0.051777), (0.709297, 0.53824, 0.052277), (0.699097, 0.52994, 0.051777), (0.698997, 0.52614, 0.052377), (0.700497, 0.52624, 0.053077), (0.701697, 0.52994, 0.052777), (0.700797, 0.53164, 0.052377), (0.699297, 0.53214, 0.051577), (0.705297, 0.54044, 0.050777), (0.703597, 0.53954, 0.050777), (0.704197, 0.53744, 0.051777), (0.705697, 0.53674, 0.052177), (0.699697, 0.53404, 0.051377), (0.702097, 0.53264, 0.052577), (0.701397, 0.53434, 0.052077), (0.700097, 0.53554, 0.051277), (0.702297, 0.53864, 0.050877), (0.701297, 0.53774, 0.050977), (0.702297, 0.53604, 0.051877), (0.703697, 0.53544, 0.052277), (0.700597, 0.53674, 0.051077), (0.702697, 0.53424, 0.052377), (0.699097, 0.42424, 0.060077), (0.702097, 0.41314, 0.061477), (0.701197, 0.49094, 0.056777), (0.699697, 0.49284, 0.056377), (0.698997, 0.49284, 0.055877), (0.698897, 0.49284, 0.055777), (0.699097, 0.51934, 0.053777), (0.701597, 0.52274, 0.054077), (0.706497, 0.53014, 0.053477), (0.704297, 0.49554, 0.056577), (0.708997, 0.49554, 0.056677), (0.709297, 0.49554, 0.056677), (0.708697, 0.42434, 0.061077), (0.706397, 0.47244, -0.000123), (0.700697, 0.52964, -0.000123), (0.700897, 0.53174, -0.000123), (0.701097, 0.53334, -0.000123), (0.701497, 0.53444, -0.000123), (0.701797, 0.53524, -0.000123), (0.702197, 0.53584, -0.000123), (0.702897, 0.53654, -0.000123), (0.703997, 0.53724, -0.000123), (0.705597, 0.53824, -0.000123), (0.707597, 0.53924, -0.000123), (0.710197, 0.54024, -0.000123), (0.713197, 0.54114, -0.000123), (0.716697, 0.54154, -0.000123), (0.710397, 0.196815, -0.000123), (0.700498, 0.196815, -0.000123), (0.700497, 0.35534, -0.000123), (0.700497, 0.47594, -0.000123), (0.700597, 0.52054, -0.000123), (0.700597, 0.52624, -0.000123), (0.730397, 0.14429, 0.068777), (0.720397, 0.14091, 0.068777), (0.720397, 0.08444, 0.066977), (0.730797, 0.08164, 0.066877), (0.738298, 0.08444, 0.066777), (0.738197, 0.1502, 0.068477), (0.745298, 0.02284, 0.039877), (0.745298, 0.03834, 0.007877), (0.745097, 0.1185, 0.057977), (0.744897, 0.07054, 0.059277), (0.744998, -0.00596, 0.052877), (0.744998, -0.09266, 0.049777), (0.745298, -0.08536, 0.042077), (0.745298, -0.08536, 0.032577), (0.745298, -0.08536, 0.031377), (0.745298, -0.12016, 0.007877), (0.745298, -0.12386, 0.031977), (0.744998, -0.12436, 0.045377), (0.744998, -0.12896, 0.043677), (0.745198, -0.12886, 0.028877), (0.745298, -0.12936, 0.007877), (0.745298, -0.12476, 0.007877), (0.724198, -0.15306, 0.027077), (0.724198, -0.15306, 0.007877), (0.727898, -0.15306, 0.007877), (0.727698, -0.15296, 0.026977), (0.727698, -0.15276, 0.041677), (0.724198, -0.15286, 0.041977), (0.720398, -0.15286, 0.042077), (0.720398, -0.15306, 0.027177), (0.720398, -0.15306, 0.007877), (0.730898, -0.15266, 0.026877), (0.730898, -0.15256, 0.007877), (0.733898, -0.15206, 0.007877), (0.733698, -0.15216, 0.026777), (0.733698, -0.15196, 0.041377), (0.730898, -0.15246, 0.041477), (0.745098, -0.13276, 0.027777), (0.745098, -0.13276, 0.007877), (0.744898, -0.13266, 0.042977), (0.744598, -0.13596, 0.042777), (0.744798, -0.13606, 0.027677), (0.744898, -0.13606, 0.007877), (0.736198, -0.15136, 0.026777), (0.736198, -0.15096, 0.007877), (0.738398, -0.14986, 0.007877), (0.738298, -0.15026, 0.026777), (0.738198, -0.15016, 0.041377), (0.736098, -0.15126, 0.041377), (0.744398, -0.13936, 0.027477), (0.744398, -0.13936, 0.007877), (0.744098, -0.13916, 0.042577), (0.743498, -0.14216, 0.042277), (0.743698, -0.14246, 0.027277), (0.743798, -0.14266, 0.007877), (0.740098, -0.14896, 0.026877), (0.740098, -0.14856, 0.007877), (0.741698, -0.14726, 0.007877), (0.741498, -0.14726, 0.026977), (0.741398, -0.14696, 0.041777), (0.739898, -0.14876, 0.041577), (0.742698, -0.14506, 0.027177), (0.742698, -0.14496, 0.007877), (0.742498, -0.14476, 0.041977), (0.744397, 0.15036, 0.064977), (0.743197, 0.15031, 0.066377), (0.743198, 0.08464, 0.064677), (0.744298, 0.08194, 0.063177), (0.724198, -0.15216, 0.048077), (0.727698, -0.15196, 0.047777), (0.727698, -0.15066, 0.049577), (0.724098, -0.15096, 0.049777), (0.720398, -0.15106, 0.049877), (0.720398, -0.15216, 0.048177), (0.730898, -0.15146, 0.047577), (0.733598, -0.15086, 0.047477), (0.733498, -0.14896, 0.049177), (0.730798, -0.14996, 0.049377), (0.744098, -0.13256, 0.049077), (0.744198, -0.12886, 0.049677), (0.743198, -0.12896, 0.051077), (0.743098, -0.13236, 0.050477), (0.742798, -0.13516, 0.050277), (0.743898, -0.13566, 0.048877), (0.735998, -0.14996, 0.047377), (0.737998, -0.14876, 0.047477), (0.737598, -0.14656, 0.049177), (0.735798, -0.14776, 0.049177), (0.743398, -0.13866, 0.048577), (0.742398, -0.13786, 0.050077), (0.741898, -0.14026, 0.049877), (0.742798, -0.14146, 0.048277), (0.739598, -0.14736, 0.047577), (0.740898, -0.14576, 0.047777), (0.740298, -0.14386, 0.049477), (0.739098, -0.14526, 0.049277), (0.741998, -0.14376, 0.048077), (0.741198, -0.14216, 0.049677), (0.744198, -0.03056, 0.057577), (0.743098, -0.01936, 0.059477), (0.743098, -0.09606, 0.054877), (0.743798, -0.09876, 0.053977), (0.744298, -0.09876, 0.053277), (0.744298, -0.09876, 0.053177), (0.744198, -0.12386, 0.051277), (0.743198, -0.12436, 0.052377), (0.741897, 0.15024, 0.067677), (0.741798, 0.08174, 0.065777), (0.724098, -0.14956, 0.051177), (0.727598, -0.14906, 0.051077), (0.728198, -0.14646, 0.051877), (0.726598, -0.14506, 0.052377), (0.720398, -0.14516, 0.052577), (0.720398, -0.14966, 0.051177), (0.730698, -0.14796, 0.050877), (0.733298, -0.14666, 0.050777), (0.733198, -0.14416, 0.051777), (0.731498, -0.14356, 0.052277), (0.741698, -0.13216, 0.051777), (0.741798, -0.12876, 0.052377), (0.740298, -0.12926, 0.053077), (0.739098, -0.13266, 0.052777), (0.739998, -0.13426, 0.052377), (0.741498, -0.13466, 0.051577), (0.735498, -0.14526, 0.050777), (0.737198, -0.14396, 0.050777), (0.736598, -0.14166, 0.051777), (0.735098, -0.14126, 0.052177), (0.741098, -0.13686, 0.051377), (0.738698, -0.13586, 0.052577), (0.739398, -0.13756, 0.052077), (0.740698, -0.13876, 0.051277), (0.738498, -0.14276, 0.050877), (0.739498, -0.14156, 0.050977), (0.738498, -0.13966, 0.051877), (0.737098, -0.13936, 0.052277), (0.740198, -0.14026, 0.051077), (0.738098, -0.13786, 0.052377), (0.741698, -0.03066, 0.060077), (0.738698, -0.01946, 0.061477), (0.739598, -0.09676, 0.056777), (0.741098, -0.09876, 0.056377), (0.741798, -0.09876, 0.055877), (0.741898, -0.09876, 0.055777), (0.741698, -0.12396, 0.053777), (0.739198, -0.12706, 0.054077), (0.734298, -0.13466, 0.053477), (0.720398, -0.13446, 0.053977), (0.736498, -0.10146, 0.056577), (0.731798, -0.10146, 0.056677), (0.731498, -0.10146, 0.056677), (0.720398, -0.09856, 0.057077), (0.732098, -0.03066, 0.061077), (0.720398, -0.01956, 0.061777), (0.734398, -0.07706, -0.000123), (0.740098, -0.13186, -0.000123), (0.739898, -0.13426, -0.000123), (0.739698, -0.13606, -0.000123), (0.739298, -0.13746, -0.000123), (0.738998, -0.13846, -0.000123), (0.738598, -0.13926, -0.000123), (0.737898, -0.14006, -0.000123), (0.736798, -0.14116, -0.000123), (0.735198, -0.14256, -0.000123), (0.733198, -0.14406, -0.000123), (0.730598, -0.14576, -0.000123), (0.727598, -0.14716, -0.000123), (0.724098, -0.14776, -0.000123), (0.720398, -0.14806, -0.000123), (0.720398, 0.02444, -0.000123), (0.740298, 0.03834, -0.000123), (0.740298, -0.08166, -0.000123), (0.740198, -0.12466, -0.000123), (0.740198, -0.12876, -0.000123), (0.710397, 0.14429, 0.068777), (0.702597, 0.1502, 0.068477), (0.702497, 0.08444, 0.066777), (0.709997, 0.08164, 0.066877), (0.695498, 0.02284, 0.039877), (0.695498, 0.03834, 0.007877), (0.695498, -0.12016, 0.007877), (0.695498, -0.08616, 0.031377), (0.695498, -0.08616, 0.032577), (0.695498, -0.08616, 0.042077), (0.695798, -0.09316, 0.049777), (0.695798, -0.00596, 0.052877), (0.695898, 0.07054, 0.059277), (0.695697, 0.1185, 0.057977), (0.695498, -0.12686, 0.031977), (0.695598, -0.13506, 0.028877), (0.695798, -0.13276, 0.043677), (0.695798, -0.12636, 0.045377), (0.695498, -0.13026, 0.007877), (0.695498, -0.14026, 0.007877), (0.716598, -0.15306, 0.027077), (0.713098, -0.15306, 0.026977), (0.712898, -0.15306, 0.007877), (0.716598, -0.15306, 0.007877), (0.716598, -0.15286, 0.041977), (0.713098, -0.15276, 0.041677), (0.709898, -0.15286, 0.026877), (0.707098, -0.15266, 0.026777), (0.706898, -0.15276, 0.007877), (0.709898, -0.15296, 0.007877), (0.709898, -0.15256, 0.041477), (0.707098, -0.15216, 0.041377), (0.695698, -0.13956, 0.027777), (0.695698, -0.14256, 0.007877), (0.695898, -0.14496, 0.007877), (0.695998, -0.14206, 0.027677), (0.696198, -0.13966, 0.042777), (0.695898, -0.13686, 0.042977), (0.704598, -0.15216, 0.026777), (0.702498, -0.15146, 0.026777), (0.702398, -0.15206, 0.007877), (0.704598, -0.15246, 0.007877), (0.704698, -0.15146, 0.041377), (0.702598, -0.15056, 0.041377), (0.696398, -0.14446, 0.027477), (0.696398, -0.14666, 0.007877), (0.696998, -0.14836, 0.007877), (0.697098, -0.14646, 0.027277), (0.697298, -0.14466, 0.042277), (0.696698, -0.14236, 0.042577), (0.700698, -0.15066, 0.026877), (0.699298, -0.14956, 0.026977), (0.699098, -0.15066, 0.007877), (0.700698, -0.15136, 0.007877), (0.700898, -0.14956, 0.041577), (0.699398, -0.14826, 0.041777), (0.698098, -0.14816, 0.027177), (0.698098, -0.14956, 0.007877), (0.698298, -0.14666, 0.041977), (0.696397, 0.15036, 0.064977), (0.696497, 0.08194, 0.063177), (0.697598, 0.08464, 0.064677), (0.697597, 0.15031, 0.066377), (0.716598, -0.15216, 0.048077), (0.713098, -0.15196, 0.047777), (0.716698, -0.15096, 0.049777), (0.713098, -0.15066, 0.049577), (0.709898, -0.15146, 0.047577), (0.707198, -0.15086, 0.047477), (0.709998, -0.14996, 0.049377), (0.707298, -0.14896, 0.049177), (0.696698, -0.13496, 0.049077), (0.696598, -0.13106, 0.049677), (0.696898, -0.13776, 0.048877), (0.697998, -0.13636, 0.050277), (0.697698, -0.13366, 0.050477), (0.697598, -0.13016, 0.051077), (0.704798, -0.14996, 0.047377), (0.702798, -0.14886, 0.047477), (0.704998, -0.14776, 0.049177), (0.703198, -0.14656, 0.049177), (0.697398, -0.14046, 0.048577), (0.697998, -0.14276, 0.048277), (0.698898, -0.14086, 0.049877), (0.698398, -0.13876, 0.050077), (0.701198, -0.14766, 0.047577), (0.699898, -0.14636, 0.047777), (0.701698, -0.14536, 0.049277), (0.700498, -0.14406, 0.049477), (0.698798, -0.14476, 0.048077), (0.699598, -0.14266, 0.049677), (0.696598, -0.03056, 0.057577), (0.696498, -0.09896, 0.053177), (0.696498, -0.09896, 0.053277), (0.696998, -0.09896, 0.053977), (0.697698, -0.09626, 0.054877), (0.697698, -0.01936, 0.059477), (0.696598, -0.12496, 0.051277), (0.697598, -0.12506, 0.052377), (0.698897, 0.15024, 0.067677), (0.698997, 0.08174, 0.065777), (0.716698, -0.14956, 0.051177), (0.713198, -0.14906, 0.051077), (0.714198, -0.14506, 0.052377), (0.712598, -0.14646, 0.051877), (0.710098, -0.14796, 0.050877), (0.707498, -0.14666, 0.050777), (0.709298, -0.14356, 0.052277), (0.707598, -0.14416, 0.051777), (0.699098, -0.13266, 0.051777), (0.698998, -0.12926, 0.052377), (0.699298, -0.13506, 0.051577), (0.700798, -0.13446, 0.052377), (0.701698, -0.13276, 0.052777), (0.700498, -0.12946, 0.053077), (0.705298, -0.14526, 0.050777), (0.703598, -0.14396, 0.050777), (0.705698, -0.14126, 0.052177), (0.704198, -0.14166, 0.051777), (0.699698, -0.13726, 0.051377), (0.700098, -0.13906, 0.051277), (0.701398, -0.13766, 0.052077), (0.702098, -0.13586, 0.052577), (0.702298, -0.14276, 0.050877), (0.701298, -0.14156, 0.050977), (0.703698, -0.13936, 0.052277), (0.702298, -0.13976, 0.051877), (0.700598, -0.14046, 0.051077), (0.702698, -0.13786, 0.052377), (0.699098, -0.03066, 0.060077), (0.698898, -0.09886, 0.055777), (0.698998, -0.09886, 0.055877), (0.699698, -0.09886, 0.056377), (0.701198, -0.09676, 0.056777), (0.702098, -0.01946, 0.061477), (0.699098, -0.12416, 0.053777), (0.701598, -0.12716, 0.054077), (0.706498, -0.13466, 0.053477), (0.709298, -0.10146, 0.056677), (0.708998, -0.10146, 0.056677), (0.704298, -0.10146, 0.056577), (0.708698, -0.03066, 0.061077), (0.706398, -0.08126, -0.000123), (0.701098, -0.14486, -0.000123), (0.700898, -0.14366, -0.000123), (0.700698, -0.14206, -0.000123), (0.700598, -0.13806, -0.000123), (0.700598, -0.13016, -0.000123), (0.700498, -0.08306, -0.000123), (0.700498, 0.03834, -0.000123), (0.716698, -0.14806, -0.000123), (0.713198, -0.14796, -0.000123), (0.710198, -0.14786, -0.000123), (0.707598, -0.14776, -0.000123), (0.705598, -0.14746, -0.000123), (0.703998, -0.14716, -0.000123), (0.702898, -0.14686, -0.000123), (0.702198, -0.14646, -0.000123), (0.701798, -0.14616, -0.000123), (0.701498, -0.14566, -0.000123), (0.742797, 0.35534, 0.007877), (0.742797, 0.51384, 0.007877), (0.742797, 0.196815, 0.007877), (0.740297, 0.196815, 0.007877), (0.740297, 0.35534, 0.007877), (0.740297, 0.51384, 0.007877), (0.724097, 0.54414, 0.007877), (0.720397, 0.54414, 0.007877), (0.727897, 0.54404, 0.007877), (0.727797, 0.54134, 0.007877), (0.724097, 0.54154, 0.007877), (0.720397, 0.54164, 0.007877), (0.730797, 0.54334, 0.007877), (0.733697, 0.54254, 0.007877), (0.733397, 0.53914, 0.007877), (0.730597, 0.54024, 0.007877), (0.742597, 0.53004, 0.007877), (0.742397, 0.53274, 0.007877), (0.742797, 0.52744, 0.007877), (0.740197, 0.52734, 0.007877), (0.740097, 0.52964, 0.007877), (0.739997, 0.53204, 0.007877), (0.735697, 0.54164, 0.007877), (0.737697, 0.54084, 0.007877), (0.736997, 0.53724, 0.007877), (0.735197, 0.53824, 0.007877), (0.741997, 0.53464, 0.007877), (0.741597, 0.53664, 0.007877), (0.739697, 0.53334, 0.007877), (0.739397, 0.53464, 0.007877), (0.738997, 0.53994, 0.007877), (0.740197, 0.53904, 0.007877), (0.738697, 0.53584, 0.007877), (0.737897, 0.53654, 0.007877), (0.740897, 0.53784, 0.007877), (0.738997, 0.53524, 0.007877), (0.742797, 0.52064, 0.007877), (0.740197, 0.52054, 0.007877), (0.697997, 0.35534, 0.007877), (0.697997, 0.196815, 0.007877), (0.697997, 0.51384, 0.007877), (0.700497, 0.51384, 0.007877), (0.700497, 0.35534, 0.007877), (0.700497, 0.196815, 0.007877), (0.716697, 0.54414, 0.007877), (0.712897, 0.54404, 0.007877), (0.716697, 0.54154, 0.007877), (0.712997, 0.54134, 0.007877), (0.709997, 0.54334, 0.007877), (0.707097, 0.54254, 0.007877), (0.710197, 0.54024, 0.007877), (0.707397, 0.53914, 0.007877), (0.698197, 0.53004, 0.007877), (0.697997, 0.52744, 0.007877), (0.698397, 0.53274, 0.007877), (0.700797, 0.53204, 0.007877), (0.700697, 0.52964, 0.007877), (0.700597, 0.52734, 0.007877), (0.705097, 0.54164, 0.007877), (0.703097, 0.54084, 0.007877), (0.705597, 0.53824, 0.007877), (0.703797, 0.53724, 0.007877), (0.698797, 0.53464, 0.007877), (0.699197, 0.53664, 0.007877), (0.701397, 0.53464, 0.007877), (0.701097, 0.53334, 0.007877), (0.701797, 0.53994, 0.007877), (0.700597, 0.53904, 0.007877), (0.702897, 0.53654, 0.007877), (0.702097, 0.53584, 0.007877), (0.699897, 0.53784, 0.007877), (0.701797, 0.53524, 0.007877), (0.697997, 0.52064, 0.007877), (0.700597, 0.52054, 0.007877), (0.742798, 0.03834, 0.007877), (0.742798, -0.12016, 0.007877), (0.740298, -0.12016, 0.007877), (0.740298, 0.03834, 0.007877), (0.724098, -0.15046, 0.007877), (0.727898, -0.15026, 0.007877), (0.720398, -0.15056, 0.007877), (0.720398, -0.14806, 0.007877), (0.724098, -0.14776, 0.007877), (0.727798, -0.14746, 0.007877), (0.730798, -0.14916, 0.007877), (0.733698, -0.14796, 0.007877), (0.730598, -0.14576, 0.007877), (0.733398, -0.14396, 0.007877), (0.742598, -0.13226, 0.007877), (0.742798, -0.12926, 0.007877), (0.742398, -0.13526, 0.007877), (0.739998, -0.13446, 0.007877), (0.740098, -0.13186, 0.007877), (0.740198, -0.12916, 0.007877), (0.735698, -0.14676, 0.007877), (0.737698, -0.14546, 0.007877), (0.735198, -0.14256, 0.007877), (0.736998, -0.14106, 0.007877), (0.741998, -0.13776, 0.007877), (0.741598, -0.14016, 0.007877), (0.739398, -0.13766, 0.007877), (0.739698, -0.13606, 0.007877), (0.738998, -0.14436, 0.007877), (0.740198, -0.14316, 0.007877), (0.737898, -0.14006, 0.007877), (0.738698, -0.13916, 0.007877), (0.740898, -0.14166, 0.007877), (0.738998, -0.13846, 0.007877), (0.742798, -0.12476, 0.007877), (0.740198, -0.12466, 0.007877), (0.697998, 0.03834, 0.007877), (0.697998, -0.12016, 0.007877), (0.700498, 0.03834, 0.007877), (0.700498, -0.12016, 0.007877), (0.716698, -0.15056, 0.007877), (0.712898, -0.15056, 0.007877), (0.712998, -0.14806, 0.007877), (0.716698, -0.14806, 0.007877), (0.709998, -0.15046, 0.007877), (0.707098, -0.15026, 0.007877), (0.707398, -0.14776, 0.007877), (0.710198, -0.14786, 0.007877), (0.698198, -0.14226, 0.007877), (0.698398, -0.14446, 0.007877), (0.697998, -0.14016, 0.007877), (0.700598, -0.14006, 0.007877), (0.700698, -0.14206, 0.007877), (0.700798, -0.14396, 0.007877), (0.705098, -0.14996, 0.007877), (0.703098, -0.14966, 0.007877), (0.703798, -0.14726, 0.007877), (0.705598, -0.14746, 0.007877), (0.698798, -0.14576, 0.007877), (0.699198, -0.14706, 0.007877), (0.701098, -0.14486, 0.007877), (0.701398, -0.14576, 0.007877), (0.701798, -0.14916, 0.007877), (0.700598, -0.14856, 0.007877), (0.702098, -0.14646, 0.007877), (0.702898, -0.14686, 0.007877), (0.699898, -0.14786, 0.007877), (0.701798, -0.14616, 0.007877), (0.697998, -0.13016, 0.007877), (0.700598, -0.13016, 0.007877), (0.724097, 0.54154, 0.003877), (0.720397, 0.54154, 0.003877), (0.727597, 0.54114, 0.003877), (0.730597, 0.54024, 0.003877), (0.733197, 0.53924, 0.003877), (0.735197, 0.53824, 0.003877), (0.736797, 0.53724, 0.003877), (0.737897, 0.53654, 0.003877), (0.738597, 0.53584, 0.003877), (0.738997, 0.53524, 0.003877), (0.739297, 0.53444, 0.003877), (0.739697, 0.53334, 0.003877), (0.739897, 0.53174, 0.003877), (0.740097, 0.52964, 0.003877), (0.740197, 0.52624, 0.003877), (0.740197, 0.52054, 0.003877), (0.740297, 0.47594, 0.003877), (0.740297, 0.35534, 0.003877), (0.740297, 0.196815, 0.003877), (0.710197, 0.54024, 0.003877), (0.707597, 0.53924, 0.003877), (0.713197, 0.54114, 0.003877), (0.716697, 0.54154, 0.003877), (0.702897, 0.53654, 0.003877), (0.702197, 0.53584, 0.003877), (0.703997, 0.53724, 0.003877), (0.705597, 0.53824, 0.003877), (0.701097, 0.53334, 0.003877), (0.700897, 0.53174, 0.003877), (0.701497, 0.53444, 0.003877), (0.701797, 0.53524, 0.003877), (0.700597, 0.52054, 0.003877), (0.700497, 0.47594, 0.003877), (0.700597, 0.52624, 0.003877), (0.700697, 0.52964, 0.003877), (0.700497, 0.35534, 0.003877), (0.700498, 0.196815, 0.003877), (0.730598, -0.14576, 0.003877), (0.733198, -0.14406, 0.003877), (0.727598, -0.14716, 0.003877), (0.724098, -0.14776, 0.003877), (0.720398, -0.14796, 0.003877), (0.737898, -0.14006, 0.003877), (0.738598, -0.13926, 0.003877), (0.736798, -0.14116, 0.003877), (0.735198, -0.14256, 0.003877), (0.739698, -0.13606, 0.003877), (0.739898, -0.13426, 0.003877), (0.739298, -0.13746, 0.003877), (0.738998, -0.13846, 0.003877), (0.740198, -0.12466, 0.003877), (0.740298, -0.08166, 0.003877), (0.740198, -0.12876, 0.003877), (0.740098, -0.13186, 0.003877), (0.740298, 0.03834, 0.003877), (0.716698, -0.14806, 0.003877), (0.713198, -0.14796, 0.003877), (0.710198, -0.14786, 0.003877), (0.707598, -0.14776, 0.003877), (0.705598, -0.14746, 0.003877), (0.703998, -0.14716, 0.003877), (0.702898, -0.14686, 0.003877), (0.702198, -0.14646, 0.003877), (0.701798, -0.14616, 0.003877), (0.701498, -0.14566, 0.003877), (0.701098, -0.14486, 0.003877), (0.700898, -0.14366, 0.003877), (0.700698, -0.14206, 0.003877), (0.700598, -0.13806, 0.003877), (0.700598, -0.13016, 0.003877), (0.700498, -0.08306, 0.003877), (0.700498, 0.03834, 0.003877), (0.720397, 0.2479, 0.071777), (0.714997, 0.24702, 0.071777), (0.714997, 0.24702, 0.078977), (0.720397, 0.2479, 0.078977), (0.710197, 0.24447, 0.071777), (0.710197, 0.24447, 0.078977), (0.706597, 0.24057, 0.071777), (0.706597, 0.24057, 0.078977), (0.704797, 0.23578, 0.071777), (0.704797, 0.23578, 0.078977), (0.704797, 0.15723, 0.071777), (0.704797, 0.15723, 0.078977), (0.706597, 0.15244, 0.071777), (0.706597, 0.15244, 0.078977), (0.710197, 0.14854, 0.071777), (0.710197, 0.14854, 0.078977), (0.714997, 0.14599, 0.071777), (0.714997, 0.14599, 0.078977), (0.720397, 0.14511, 0.071777), (0.720397, 0.14511, 0.078977), (0.725797, 0.14599, 0.071777), (0.725797, 0.14599, 0.078977), (0.730597, 0.14854, 0.071777), (0.730597, 0.14854, 0.078977), (0.734197, 0.15244, 0.071777), (0.734197, 0.15244, 0.078977), (0.735997, 0.15723, 0.071777), (0.735997, 0.15723, 0.078977), (0.735997, 0.23578, 0.071777), (0.735997, 0.23578, 0.078977), (0.734197, 0.24057, 0.071777), (0.734197, 0.24057, 0.078977), (0.730597, 0.24447, 0.071777), (0.730597, 0.24447, 0.078977), (0.725797, 0.24702, 0.071777), (0.725797, 0.24702, 0.078977), (0.735997, 0.2432, 0.069577), (0.732497, 0.24634, 0.069677), (0.730297, 0.24807, 0.069777), (0.727197, 0.24926, 0.069777), (0.722697, 0.25083, 0.069777), (0.719897, 0.25114, 0.069777), (0.715997, 0.25008, 0.069777), (0.712197, 0.24886, 0.069777), (0.709597, 0.24743, 0.069777), (0.705997, 0.24459, 0.069677), (0.703697, 0.2427, 0.069577), (0.703397, 0.24001, 0.069577), (0.703097, 0.21732, 0.069577), (0.703097, 0.17498, 0.069577), (0.703197, 0.15226, 0.069577), (0.704797, 0.15022, 0.069577), (0.708297, 0.14708, 0.069677), (0.710497, 0.14535, 0.069777), (0.713597, 0.14416, 0.069777), (0.718097, 0.14259, 0.069777), (0.720897, 0.14228, 0.069777), (0.724797, 0.14334, 0.069777), (0.728597, 0.14457, 0.069777), (0.731197, 0.146, 0.069777), (0.734797, 0.14883, 0.069677), (0.737097, 0.15073, 0.069577), (0.737397, 0.15341, 0.069577), (0.737697, 0.1761, 0.069577), (0.737697, 0.21844, 0.069577), (0.737597, 0.24117, 0.069577), (0.735297, 0.24023, 0.070677), (0.732597, 0.24374, 0.070777), (0.730597, 0.24561, 0.070777), (0.727897, 0.24701, 0.070777), (0.723597, 0.24857, 0.070777), (0.720897, 0.24896, 0.070777), (0.717097, 0.24841, 0.070777), (0.713397, 0.24738, 0.070777), (0.710997, 0.24605, 0.070777), (0.707597, 0.24327, 0.070677), (0.705597, 0.24127, 0.070677), (0.704897, 0.23877, 0.070677), (0.704197, 0.21724, 0.070677), (0.704197, 0.17689, 0.070677), (0.704297, 0.15525, 0.070677), (0.705497, 0.15298, 0.070677), (0.708197, 0.14948, 0.070777), (0.710197, 0.1476, 0.070777), (0.712897, 0.14621, 0.070777), (0.717197, 0.14465, 0.070777), (0.719897, 0.14425, 0.070777), (0.723697, 0.14481, 0.070777), (0.727397, 0.14583, 0.070777), (0.729797, 0.14716, 0.070777), (0.733197, 0.14994, 0.070677), (0.735197, 0.15195, 0.070677), (0.735897, 0.15444, 0.070677), (0.736597, 0.17598, 0.070677), (0.736597, 0.21633, 0.070677), (0.736497, 0.23796, 0.070677), (-0.694603, 0.249339, 0.068775), (-0.686803, 0.243429, 0.068475), (-0.686703, 0.309139, 0.066775), (-0.694203, 0.311939, 0.066875), (-0.704603, 0.309139, 0.066975), (-0.704603, 0.252719, 0.068775), (-0.679703, 0.370839, 0.039875), (-0.679703, 0.196814, 0.037775), (-0.679603, 0.196814, 0.007875), (-0.679703, 0.355339, 0.007875), (-0.679703, 0.513839, 0.007875), (-0.679703, 0.479439, 0.031375), (-0.679703, 0.479439, 0.032575), (-0.679703, 0.479439, 0.042075), (-0.680003, 0.486839, 0.049775), (-0.680003, 0.399639, 0.052875), (-0.680103, 0.323039, 0.059275), (-0.679903, 0.275129, 0.057975), (-0.679903, 0.196814, 0.057475), (-0.679703, 0.519339, 0.031975), (-0.679803, 0.526239, 0.028875), (-0.680003, 0.526339, 0.043675), (-0.680003, 0.520039, 0.045375), (-0.679703, 0.520639, 0.007875), (-0.679703, 0.527539, 0.007875), (-0.700803, 0.546639, 0.027075), (-0.697303, 0.546639, 0.026975), (-0.697103, 0.546639, 0.007875), (-0.700803, 0.546639, 0.007875), (-0.704603, 0.546639, 0.007875), (-0.704603, 0.546639, 0.027175), (-0.704603, 0.546439, 0.042075), (-0.700803, 0.546439, 0.041975), (-0.697303, 0.546339, 0.041675), (-0.694103, 0.546439, 0.026875), (-0.691303, 0.546039, 0.026775), (-0.691103, 0.545939, 0.007875), (-0.694103, 0.546339, 0.007875), (-0.694103, 0.546239, 0.041475), (-0.691303, 0.545839, 0.041375), (-0.679903, 0.530439, 0.027775), (-0.679903, 0.530439, 0.007875), (-0.680103, 0.533339, 0.007875), (-0.680203, 0.533339, 0.027675), (-0.680403, 0.533239, 0.042775), (-0.680103, 0.530439, 0.042975), (-0.688803, 0.545439, 0.026775), (-0.686703, 0.544639, 0.026775), (-0.686603, 0.544439, 0.007875), (-0.688803, 0.545139, 0.007875), (-0.688903, 0.545239, 0.041375), (-0.686803, 0.544439, 0.041375), (-0.680603, 0.536039, 0.027475), (-0.680603, 0.535939, 0.007875), (-0.681203, 0.538639, 0.007875), (-0.681303, 0.538439, 0.027275), (-0.681503, 0.538239, 0.042275), (-0.680903, 0.535839, 0.042575), (-0.684903, 0.543539, 0.026875), (-0.683503, 0.542239, 0.026975), (-0.683303, 0.542239, 0.007875), (-0.684903, 0.543339, 0.007875), (-0.685103, 0.543339, 0.041575), (-0.683603, 0.541939, 0.041775), (-0.682303, 0.540539, 0.027175), (-0.682303, 0.540439, 0.007875), (-0.682503, 0.540239, 0.041975), (-0.680603, 0.243269, 0.064975), (-0.680603, 0.196814, 0.064975), (-0.680703, 0.311739, 0.063175), (-0.681803, 0.309039, 0.064675), (-0.681803, 0.243319, 0.066375), (-0.681803, 0.196814, 0.066375), (-0.700803, 0.545739, 0.048075), (-0.697303, 0.545639, 0.047775), (-0.704603, 0.545739, 0.048175), (-0.704603, 0.544739, 0.049875), (-0.700903, 0.544639, 0.049775), (-0.697303, 0.544439, 0.049575), (-0.694103, 0.545339, 0.047575), (-0.691403, 0.544839, 0.047475), (-0.694203, 0.543939, 0.049375), (-0.691503, 0.543239, 0.049175), (-0.680903, 0.530339, 0.049075), (-0.680803, 0.526239, 0.049675), (-0.681103, 0.532939, 0.048875), (-0.682203, 0.532639, 0.050275), (-0.681903, 0.530139, 0.050475), (-0.681803, 0.526339, 0.051075), (-0.689003, 0.544139, 0.047375), (-0.687003, 0.543339, 0.047475), (-0.689203, 0.542439, 0.049175), (-0.687403, 0.541539, 0.049175), (-0.681603, 0.535439, 0.048575), (-0.682203, 0.537639, 0.048275), (-0.683103, 0.536739, 0.049875), (-0.682603, 0.534839, 0.050075), (-0.685403, 0.542239, 0.047575), (-0.684103, 0.541039, 0.047775), (-0.685903, 0.540639, 0.049275), (-0.684703, 0.539539, 0.049475), (-0.683003, 0.539439, 0.048075), (-0.683803, 0.538239, 0.049675), (-0.680803, 0.424239, 0.057575), (-0.680703, 0.492839, 0.053175), (-0.680703, 0.492839, 0.053275), (-0.681203, 0.492839, 0.053975), (-0.681903, 0.490139, 0.054875), (-0.681903, 0.413039, 0.059475), (-0.680803, 0.519339, 0.051275), (-0.681803, 0.520039, 0.052375), (-0.683103, 0.243379, 0.067675), (-0.683103, 0.196814, 0.067675), (-0.683203, 0.311939, 0.065775), (-0.686803, 0.196814, 0.068475), (-0.700903, 0.543239, 0.051175), (-0.697403, 0.542839, 0.051075), (-0.704603, 0.543339, 0.051175), (-0.704603, 0.539039, 0.052575), (-0.698403, 0.539139, 0.052375), (-0.696803, 0.540639, 0.051875), (-0.694303, 0.542139, 0.050875), (-0.691703, 0.541339, 0.050775), (-0.693503, 0.538239, 0.052275), (-0.691803, 0.539139, 0.051775), (-0.683303, 0.529939, 0.051775), (-0.683203, 0.526139, 0.052375), (-0.683503, 0.532139, 0.051575), (-0.685003, 0.531639, 0.052375), (-0.685903, 0.529939, 0.052775), (-0.684703, 0.526239, 0.053075), (-0.689503, 0.540439, 0.050775), (-0.687803, 0.539539, 0.050775), (-0.689903, 0.536739, 0.052175), (-0.688403, 0.537439, 0.051775), (-0.683903, 0.534039, 0.051375), (-0.684303, 0.535539, 0.051275), (-0.685603, 0.534339, 0.052075), (-0.686303, 0.532639, 0.052575), (-0.686503, 0.538639, 0.050875), (-0.685503, 0.537739, 0.050975), (-0.687903, 0.535439, 0.052275), (-0.686503, 0.536039, 0.051875), (-0.684803, 0.536739, 0.051075), (-0.686903, 0.534239, 0.052375), (-0.683303, 0.424239, 0.060075), (-0.683103, 0.492839, 0.055775), (-0.683203, 0.492839, 0.055875), (-0.683903, 0.492839, 0.056375), (-0.685403, 0.490939, 0.056775), (-0.686303, 0.413139, 0.061475), (-0.683303, 0.519339, 0.053775), (-0.685803, 0.522739, 0.054075), (-0.690703, 0.530139, 0.053475), (-0.704603, 0.529039, 0.053975), (-0.704603, 0.492439, 0.057075), (-0.693603, 0.495539, 0.056675), (-0.693203, 0.495539, 0.056675), (-0.688503, 0.495539, 0.056575), (-0.692903, 0.424339, 0.061075), (-0.704603, 0.413139, 0.061775), (-0.690603, 0.472439, -0.000125), (-0.685303, 0.533339, -0.000125), (-0.685103, 0.531739, -0.000125), (-0.684903, 0.529639, -0.000125), (-0.684803, 0.526239, -0.000125), (-0.684803, 0.520539, -0.000125), (-0.684703, 0.475939, -0.000125), (-0.684703, 0.355339, -0.000125), (-0.684703, 0.196814, -0.000125), (-0.694602, 0.196814, -0.000125), (-0.704602, 0.196814, -0.000125), (-0.704603, 0.369239, -0.000125), (-0.704603, 0.541639, -0.000125), (-0.700903, 0.541539, -0.000125), (-0.697403, 0.541139, -0.000125), (-0.694403, 0.540239, -0.000125), (-0.691803, 0.539239, -0.000125), (-0.689803, 0.538239, -0.000125), (-0.688203, 0.537239, -0.000125), (-0.687103, 0.536539, -0.000125), (-0.686403, 0.535839, -0.000125), (-0.686003, 0.535239, -0.000125), (-0.685703, 0.534439, -0.000125), (-0.714603, 0.249339, 0.068775), (-0.715003, 0.311939, 0.066875), (-0.722503, 0.309139, 0.066775), (-0.722403, 0.243429, 0.068475), (-0.729503, 0.370839, 0.039875), (-0.729503, 0.355339, 0.007875), (-0.729603, 0.196814, 0.007875), (-0.729503, 0.196814, 0.037775), (-0.729303, 0.196814, 0.057475), (-0.729303, 0.275129, 0.057975), (-0.729103, 0.323039, 0.059275), (-0.729203, 0.399639, 0.052875), (-0.729203, 0.486839, 0.049775), (-0.729503, 0.479439, 0.042075), (-0.729503, 0.479439, 0.032575), (-0.729503, 0.479439, 0.031375), (-0.729503, 0.513839, 0.007875), (-0.729503, 0.519339, 0.031975), (-0.729203, 0.520039, 0.045375), (-0.729203, 0.526339, 0.043675), (-0.729403, 0.526239, 0.028875), (-0.729503, 0.527539, 0.007875), (-0.729503, 0.520639, 0.007875), (-0.708403, 0.546639, 0.027075), (-0.708403, 0.546639, 0.007875), (-0.712103, 0.546639, 0.007875), (-0.711903, 0.546639, 0.026975), (-0.711903, 0.546339, 0.041675), (-0.708403, 0.546439, 0.041975), (-0.715103, 0.546439, 0.026875), (-0.715103, 0.546339, 0.007875), (-0.718103, 0.545939, 0.007875), (-0.717903, 0.546039, 0.026775), (-0.717903, 0.545839, 0.041375), (-0.715103, 0.546239, 0.041475), (-0.729303, 0.530439, 0.027775), (-0.729303, 0.530439, 0.007875), (-0.729103, 0.530439, 0.042975), (-0.728803, 0.533239, 0.042775), (-0.729003, 0.533339, 0.027675), (-0.729103, 0.533339, 0.007875), (-0.720403, 0.545439, 0.026775), (-0.720403, 0.545139, 0.007875), (-0.722603, 0.544439, 0.007875), (-0.722503, 0.544639, 0.026775), (-0.722403, 0.544439, 0.041375), (-0.720303, 0.545239, 0.041375), (-0.728603, 0.536039, 0.027475), (-0.728603, 0.535939, 0.007875), (-0.728303, 0.535839, 0.042575), (-0.727703, 0.538239, 0.042275), (-0.727903, 0.538439, 0.027275), (-0.728003, 0.538639, 0.007875), (-0.724303, 0.543539, 0.026875), (-0.724303, 0.543339, 0.007875), (-0.725903, 0.542239, 0.007875), (-0.725703, 0.542239, 0.026975), (-0.725603, 0.541939, 0.041775), (-0.724103, 0.543339, 0.041575), (-0.726903, 0.540539, 0.027175), (-0.726903, 0.540439, 0.007875), (-0.726703, 0.540239, 0.041975), (-0.728603, 0.243269, 0.064975), (-0.728603, 0.196814, 0.064975), (-0.727403, 0.196814, 0.066375), (-0.727403, 0.243319, 0.066375), (-0.727403, 0.309039, 0.064675), (-0.728503, 0.311739, 0.063175), (-0.708403, 0.545739, 0.048075), (-0.711903, 0.545639, 0.047775), (-0.711903, 0.544439, 0.049575), (-0.708303, 0.544639, 0.049775), (-0.715103, 0.545339, 0.047575), (-0.717803, 0.544839, 0.047475), (-0.717703, 0.543239, 0.049175), (-0.715003, 0.543939, 0.049375), (-0.728303, 0.530339, 0.049075), (-0.728403, 0.526239, 0.049675), (-0.727403, 0.526339, 0.051075), (-0.727303, 0.530139, 0.050475), (-0.727003, 0.532639, 0.050275), (-0.728103, 0.532939, 0.048875), (-0.720203, 0.544139, 0.047375), (-0.722203, 0.543339, 0.047475), (-0.721803, 0.541539, 0.049175), (-0.720003, 0.542439, 0.049175), (-0.727603, 0.535439, 0.048575), (-0.726603, 0.534839, 0.050075), (-0.726103, 0.536739, 0.049875), (-0.727003, 0.537639, 0.048275), (-0.723803, 0.542239, 0.047575), (-0.725103, 0.541039, 0.047775), (-0.724503, 0.539539, 0.049475), (-0.723303, 0.540639, 0.049275), (-0.726203, 0.539439, 0.048075), (-0.725403, 0.538239, 0.049675), (-0.728403, 0.424239, 0.057575), (-0.727303, 0.413039, 0.059475), (-0.727303, 0.490139, 0.054875), (-0.728003, 0.492839, 0.053975), (-0.728503, 0.492839, 0.053275), (-0.728503, 0.492839, 0.053175), (-0.728403, 0.519339, 0.051275), (-0.727403, 0.520039, 0.052375), (-0.726103, 0.243379, 0.067675), (-0.726103, 0.196814, 0.067675), (-0.722503, 0.196814, 0.068475), (-0.726003, 0.311939, 0.065775), (-0.708303, 0.543239, 0.051175), (-0.711803, 0.542839, 0.051075), (-0.712403, 0.540639, 0.051875), (-0.710803, 0.539139, 0.052375), (-0.714903, 0.542139, 0.050875), (-0.717503, 0.541339, 0.050775), (-0.717403, 0.539139, 0.051775), (-0.715703, 0.538239, 0.052275), (-0.725903, 0.529939, 0.051775), (-0.726003, 0.526139, 0.052375), (-0.724503, 0.526239, 0.053075), (-0.723303, 0.529939, 0.052775), (-0.724203, 0.531639, 0.052375), (-0.725703, 0.532139, 0.051575), (-0.719703, 0.540439, 0.050775), (-0.721403, 0.539539, 0.050775), (-0.720803, 0.537439, 0.051775), (-0.719303, 0.536739, 0.052175), (-0.725303, 0.534039, 0.051375), (-0.722903, 0.532639, 0.052575), (-0.723603, 0.534339, 0.052075), (-0.724903, 0.535539, 0.051275), (-0.722703, 0.538639, 0.050875), (-0.723703, 0.537739, 0.050975), (-0.722703, 0.536039, 0.051875), (-0.721303, 0.535439, 0.052275), (-0.724403, 0.536739, 0.051075), (-0.722303, 0.534239, 0.052375), (-0.725903, 0.424239, 0.060075), (-0.722903, 0.413139, 0.061475), (-0.723803, 0.490939, 0.056775), (-0.725303, 0.492839, 0.056375), (-0.726003, 0.492839, 0.055875), (-0.726103, 0.492839, 0.055775), (-0.725903, 0.519339, 0.053775), (-0.723403, 0.522739, 0.054075), (-0.718503, 0.530139, 0.053475), (-0.720703, 0.495539, 0.056575), (-0.716003, 0.495539, 0.056675), (-0.715703, 0.495539, 0.056675), (-0.716303, 0.424339, 0.061075), (-0.718603, 0.472439, -0.000125), (-0.724303, 0.529639, -0.000125), (-0.724103, 0.531739, -0.000125), (-0.723903, 0.533339, -0.000125), (-0.723503, 0.534439, -0.000125), (-0.723203, 0.535239, -0.000125), (-0.722803, 0.535839, -0.000125), (-0.722103, 0.536539, -0.000125), (-0.721003, 0.537239, -0.000125), (-0.719403, 0.538239, -0.000125), (-0.717403, 0.539239, -0.000125), (-0.714803, 0.540239, -0.000125), (-0.711803, 0.541139, -0.000125), (-0.708303, 0.541539, -0.000125), (-0.714603, 0.196814, -0.000125), (-0.724503, 0.196814, -0.000125), (-0.724503, 0.355339, -0.000125), (-0.724503, 0.475939, -0.000125), (-0.724403, 0.520539, -0.000125), (-0.724403, 0.526239, -0.000125), (-0.694603, 0.144289, 0.068775), (-0.704603, 0.140909, 0.068775), (-0.704602, 0.084439, 0.066975), (-0.694202, 0.081639, 0.066875), (-0.686702, 0.084439, 0.066775), (-0.686803, 0.150199, 0.068475), (-0.679702, 0.022839, 0.039875), (-0.679702, 0.038339, 0.007875), (-0.679903, 0.118499, 0.057975), (-0.680103, 0.070539, 0.059275), (-0.680002, -0.005961, 0.052875), (-0.680002, -0.092661, 0.049775), (-0.679702, -0.085361, 0.042075), (-0.679702, -0.085361, 0.032575), (-0.679702, -0.085361, 0.031375), (-0.679702, -0.120161, 0.007875), (-0.679702, -0.123861, 0.031975), (-0.680002, -0.124361, 0.045375), (-0.680002, -0.128961, 0.043675), (-0.679802, -0.128861, 0.028875), (-0.679702, -0.129361, 0.007875), (-0.679702, -0.124761, 0.007875), (-0.700802, -0.153061, 0.027074), (-0.700802, -0.153061, 0.007875), (-0.697102, -0.153061, 0.007875), (-0.697302, -0.152961, 0.026975), (-0.697302, -0.152761, 0.041675), (-0.700802, -0.152861, 0.041975), (-0.704602, -0.152861, 0.042075), (-0.704602, -0.153061, 0.027175), (-0.704602, -0.153061, 0.007875), (-0.694102, -0.152661, 0.026875), (-0.694102, -0.152561, 0.007875), (-0.691102, -0.152061, 0.007875), (-0.691302, -0.152161, 0.026775), (-0.691302, -0.151961, 0.041375), (-0.694102, -0.152461, 0.041475), (-0.679902, -0.132761, 0.027775), (-0.679902, -0.132761, 0.007875), (-0.680102, -0.132661, 0.042975), (-0.680402, -0.135961, 0.042775), (-0.680202, -0.136061, 0.027675), (-0.680102, -0.136061, 0.007875), (-0.688802, -0.151361, 0.026775), (-0.688802, -0.150961, 0.007875), (-0.686602, -0.149861, 0.007875), (-0.686702, -0.150261, 0.026775), (-0.686802, -0.150161, 0.041375), (-0.688902, -0.151261, 0.041375), (-0.680602, -0.139361, 0.027475), (-0.680602, -0.139361, 0.007875), (-0.680902, -0.139161, 0.042575), (-0.681502, -0.142161, 0.042275), (-0.681302, -0.142461, 0.027275), (-0.681202, -0.142661, 0.007875), (-0.684902, -0.148961, 0.026875), (-0.684902, -0.148561, 0.007875), (-0.683302, -0.147261, 0.007875), (-0.683502, -0.147261, 0.026975), (-0.683602, -0.146961, 0.041774), (-0.685102, -0.148761, 0.041575), (-0.682302, -0.145061, 0.027175), (-0.682302, -0.144961, 0.007875), (-0.682502, -0.144761, 0.041975), (-0.680603, 0.150359, 0.064975), (-0.681803, 0.150309, 0.066375), (-0.681803, 0.084639, 0.064675), (-0.680703, 0.081939, 0.063175), (-0.700802, -0.152161, 0.048075), (-0.697302, -0.151961, 0.047775), (-0.697302, -0.150661, 0.049575), (-0.700902, -0.150961, 0.049774), (-0.704602, -0.151061, 0.049875), (-0.704602, -0.152161, 0.048175), (-0.694102, -0.151461, 0.047575), (-0.691402, -0.150861, 0.047475), (-0.691502, -0.148961, 0.049175), (-0.694202, -0.149961, 0.049374), (-0.680902, -0.132561, 0.049075), (-0.680802, -0.128861, 0.049675), (-0.681802, -0.128961, 0.051075), (-0.681902, -0.132361, 0.050475), (-0.682202, -0.135161, 0.050275), (-0.681102, -0.135661, 0.048875), (-0.689002, -0.149961, 0.047375), (-0.687002, -0.148761, 0.047475), (-0.687402, -0.146561, 0.049175), (-0.689202, -0.147761, 0.049175), (-0.681602, -0.138661, 0.048575), (-0.682602, -0.137861, 0.050075), (-0.683102, -0.140261, 0.049875), (-0.682202, -0.141461, 0.048275), (-0.685402, -0.147361, 0.047575), (-0.684102, -0.145761, 0.047775), (-0.684702, -0.143861, 0.049475), (-0.685902, -0.145261, 0.049275), (-0.683002, -0.143761, 0.048075), (-0.683802, -0.142161, 0.049674), (-0.680802, -0.030561, 0.057575), (-0.681902, -0.019361, 0.059475), (-0.681902, -0.096061, 0.054875), (-0.681202, -0.098761, 0.053975), (-0.680702, -0.098761, 0.053275), (-0.680702, -0.098761, 0.053175), (-0.680802, -0.123861, 0.051275), (-0.681802, -0.124361, 0.052375), (-0.683103, 0.150239, 0.067675), (-0.683203, 0.081739, 0.065775), (-0.700902, -0.149561, 0.051174), (-0.697402, -0.149061, 0.051075), (-0.696802, -0.146461, 0.051874), (-0.698402, -0.145061, 0.052375), (-0.704602, -0.145161, 0.052574), (-0.704602, -0.149661, 0.051174), (-0.694302, -0.147961, 0.050875), (-0.691702, -0.146661, 0.050774), (-0.691802, -0.144161, 0.051775), (-0.693502, -0.143561, 0.052274), (-0.683302, -0.132161, 0.051775), (-0.683202, -0.128761, 0.052375), (-0.684702, -0.129261, 0.053075), (-0.685902, -0.132661, 0.052775), (-0.685002, -0.134261, 0.052375), (-0.683502, -0.134661, 0.051574), (-0.689502, -0.145261, 0.050774), (-0.687802, -0.143961, 0.050774), (-0.688402, -0.141661, 0.051775), (-0.689902, -0.141261, 0.052175), (-0.683902, -0.136861, 0.051375), (-0.686302, -0.135861, 0.052575), (-0.685602, -0.137561, 0.052075), (-0.684302, -0.138761, 0.051275), (-0.686502, -0.142761, 0.050875), (-0.685502, -0.141561, 0.050975), (-0.686502, -0.139661, 0.051875), (-0.687902, -0.139361, 0.052274), (-0.684802, -0.140261, 0.051075), (-0.686902, -0.137861, 0.052375), (-0.683302, -0.030661, 0.060075), (-0.686302, -0.019461, 0.061475), (-0.685402, -0.096761, 0.056775), (-0.683902, -0.098761, 0.056375), (-0.683202, -0.098761, 0.055875), (-0.683102, -0.098761, 0.055775), (-0.683302, -0.123961, 0.053775), (-0.685802, -0.127061, 0.054075), (-0.690702, -0.134661, 0.053475), (-0.704602, -0.134461, 0.053975), (-0.688502, -0.101461, 0.056575), (-0.693202, -0.101461, 0.056675), (-0.693602, -0.101461, 0.056675), (-0.704602, -0.098561, 0.057075), (-0.692902, -0.030661, 0.061075), (-0.704602, -0.019561, 0.061775), (-0.690602, -0.077061, -0.000125), (-0.684902, -0.131861, -0.000125), (-0.685102, -0.134261, -0.000125), (-0.685302, -0.136061, -0.000125), (-0.685702, -0.137461, -0.000125), (-0.686002, -0.138461, -0.000125), (-0.686402, -0.139261, -0.000125), (-0.687102, -0.140061, -0.000125), (-0.688202, -0.141161, -0.000125), (-0.689802, -0.142561, -0.000125), (-0.691802, -0.144061, -0.000125), (-0.694402, -0.145761, -0.000125), (-0.697402, -0.147161, -0.000125), (-0.700902, -0.147761, -0.000125), (-0.704602, -0.148061, -0.000126), (-0.704602, 0.024439, -0.000125), (-0.684702, 0.038339, -0.000125), (-0.684702, -0.081661, -0.000125), (-0.684802, -0.124661, -0.000125), (-0.684802, -0.128761, -0.000125), (-0.714603, 0.144289, 0.068775), (-0.722403, 0.150199, 0.068475), (-0.722503, 0.084439, 0.066775), (-0.715002, 0.081639, 0.066875), (-0.729502, 0.022839, 0.039875), (-0.729502, 0.038339, 0.007875), (-0.729502, -0.120161, 0.007875), (-0.729502, -0.086161, 0.031374), (-0.729502, -0.086161, 0.032575), (-0.729502, -0.086161, 0.042075), (-0.729202, -0.093161, 0.049775), (-0.729202, -0.005961, 0.052875), (-0.729102, 0.070539, 0.059275), (-0.729303, 0.118499, 0.057975), (-0.729502, -0.126861, 0.031975), (-0.729402, -0.135061, 0.028874), (-0.729202, -0.132761, 0.043674), (-0.729202, -0.126361, 0.045374), (-0.729502, -0.130261, 0.007875), (-0.729502, -0.140261, 0.007874), (-0.708402, -0.153061, 0.027074), (-0.711902, -0.153061, 0.026975), (-0.712102, -0.153061, 0.007875), (-0.708402, -0.153061, 0.007875), (-0.708402, -0.152861, 0.041974), (-0.711902, -0.152761, 0.041675), (-0.715102, -0.152861, 0.026874), (-0.717902, -0.152661, 0.026774), (-0.718102, -0.152761, 0.007874), (-0.715102, -0.152961, 0.007875), (-0.715102, -0.152561, 0.041474), (-0.717902, -0.152161, 0.041375), (-0.729302, -0.139561, 0.027774), (-0.729302, -0.142561, 0.007874), (-0.729102, -0.144961, 0.007874), (-0.729002, -0.142061, 0.027674), (-0.728802, -0.139661, 0.042775), (-0.729102, -0.136861, 0.042975), (-0.720402, -0.152161, 0.026774), (-0.722502, -0.151461, 0.026774), (-0.722602, -0.152061, 0.007874), (-0.720402, -0.152461, 0.007874), (-0.720302, -0.151461, 0.041375), (-0.722402, -0.150561, 0.041375), (-0.728602, -0.144461, 0.027474), (-0.728602, -0.146661, 0.007874), (-0.728002, -0.148361, 0.007874), (-0.727902, -0.146461, 0.027274), (-0.727702, -0.144661, 0.042274), (-0.728302, -0.142361, 0.042574), (-0.724302, -0.150661, 0.026874), (-0.725702, -0.149561, 0.026974), (-0.725902, -0.150661, 0.007874), (-0.724302, -0.151361, 0.007874), (-0.724102, -0.149561, 0.041574), (-0.725602, -0.148261, 0.041774), (-0.726902, -0.148161, 0.027174), (-0.726902, -0.149561, 0.007874), (-0.726702, -0.146661, 0.041974), (-0.728603, 0.150359, 0.064975), (-0.728503, 0.081939, 0.063175), (-0.727403, 0.084639, 0.064675), (-0.727403, 0.150309, 0.066375), (-0.708402, -0.152161, 0.048074), (-0.711902, -0.151961, 0.047775), (-0.708302, -0.150961, 0.049774), (-0.711902, -0.150661, 0.049575), (-0.715102, -0.151461, 0.047574), (-0.717802, -0.150861, 0.047475), (-0.715002, -0.149961, 0.049374), (-0.717702, -0.148961, 0.049174), (-0.728302, -0.134961, 0.049074), (-0.728402, -0.131061, 0.049674), (-0.728102, -0.137761, 0.048874), (-0.727002, -0.136361, 0.050275), (-0.727302, -0.133661, 0.050474), (-0.727402, -0.130161, 0.051075), (-0.720202, -0.149961, 0.047374), (-0.722202, -0.148861, 0.047475), (-0.720002, -0.147761, 0.049174), (-0.721802, -0.146561, 0.049174), (-0.727602, -0.140461, 0.048574), (-0.727002, -0.142761, 0.048274), (-0.726102, -0.140861, 0.049875), (-0.726602, -0.138761, 0.050074), (-0.723802, -0.147661, 0.047574), (-0.725102, -0.146361, 0.047774), (-0.723302, -0.145361, 0.049274), (-0.724502, -0.144061, 0.049474), (-0.726202, -0.144761, 0.048074), (-0.725402, -0.142661, 0.049674), (-0.728402, -0.030561, 0.057575), (-0.728502, -0.098961, 0.053174), (-0.728502, -0.098961, 0.053274), (-0.728002, -0.098961, 0.053975), (-0.727302, -0.096261, 0.054875), (-0.727302, -0.019361, 0.059475), (-0.728402, -0.124961, 0.051274), (-0.727402, -0.125061, 0.052374), (-0.726103, 0.150239, 0.067675), (-0.726003, 0.081739, 0.065775), (-0.708302, -0.149561, 0.051174), (-0.711802, -0.149061, 0.051075), (-0.710802, -0.145061, 0.052374), (-0.712402, -0.146461, 0.051874), (-0.714902, -0.147961, 0.050874), (-0.717502, -0.146661, 0.050774), (-0.715702, -0.143561, 0.052274), (-0.717402, -0.144161, 0.051775), (-0.725902, -0.132661, 0.051775), (-0.726002, -0.129261, 0.052375), (-0.725702, -0.135061, 0.051574), (-0.724202, -0.134461, 0.052375), (-0.723302, -0.132761, 0.052775), (-0.724502, -0.129461, 0.053075), (-0.719702, -0.145261, 0.050774), (-0.721402, -0.143961, 0.050774), (-0.719302, -0.141261, 0.052175), (-0.720802, -0.141661, 0.051774), (-0.725302, -0.137261, 0.051375), (-0.724902, -0.139061, 0.051274), (-0.723602, -0.137661, 0.052074), (-0.722902, -0.135861, 0.052575), (-0.722702, -0.142761, 0.050874), (-0.723702, -0.141561, 0.050974), (-0.721302, -0.139361, 0.052275), (-0.722702, -0.139761, 0.051874), (-0.724402, -0.140461, 0.051074), (-0.722302, -0.137861, 0.052374), (-0.725902, -0.030661, 0.060075), (-0.726102, -0.098861, 0.055774), (-0.726002, -0.098861, 0.055875), (-0.725302, -0.098861, 0.056374), (-0.723802, -0.096761, 0.056775), (-0.722902, -0.019461, 0.061475), (-0.725902, -0.124161, 0.053774), (-0.723402, -0.127161, 0.054074), (-0.718502, -0.134661, 0.053474), (-0.715702, -0.101461, 0.056675), (-0.716002, -0.101461, 0.056675), (-0.720702, -0.101461, 0.056574), (-0.716302, -0.030661, 0.061075), (-0.718602, -0.081261, -0.000125), (-0.723902, -0.144861, -0.000126), (-0.724102, -0.143661, -0.000126), (-0.724302, -0.142061, -0.000126), (-0.724402, -0.138061, -0.000126), (-0.724402, -0.130161, -0.000125), (-0.724502, -0.083061, -0.000125), (-0.724502, 0.038339, -0.000125), (-0.708302, -0.148061, -0.000126), (-0.711802, -0.147961, -0.000126), (-0.714802, -0.147861, -0.000126), (-0.717402, -0.147761, -0.000126), (-0.719402, -0.147461, -0.000126), (-0.721002, -0.147161, -0.000126), (-0.722102, -0.146861, -0.000126), (-0.722802, -0.146461, -0.000126), (-0.723202, -0.146161, -0.000126), (-0.723502, -0.145661, -0.000126), (-0.682203, 0.355339, 0.007875), (-0.682203, 0.513839, 0.007875), (-0.682203, 0.196814, 0.007875), (-0.684703, 0.196814, 0.007875), (-0.684703, 0.355339, 0.007875), (-0.684703, 0.513839, 0.007875), (-0.700903, 0.544139, 0.007875), (-0.704603, 0.544139, 0.007875), (-0.697103, 0.544039, 0.007875), (-0.697203, 0.541339, 0.007875), (-0.700903, 0.541539, 0.007875), (-0.704603, 0.541639, 0.007875), (-0.694203, 0.543339, 0.007875), (-0.691303, 0.542539, 0.007875), (-0.691603, 0.539139, 0.007875), (-0.694403, 0.540239, 0.007875), (-0.682403, 0.530039, 0.007875), (-0.682603, 0.532739, 0.007875), (-0.682203, 0.527439, 0.007875), (-0.684803, 0.527339, 0.007875), (-0.684903, 0.529639, 0.007875), (-0.685003, 0.532039, 0.007875), (-0.689303, 0.541639, 0.007875), (-0.687303, 0.540839, 0.007875), (-0.688003, 0.537239, 0.007875), (-0.689803, 0.538239, 0.007875), (-0.683003, 0.534639, 0.007875), (-0.683403, 0.536639, 0.007875), (-0.685303, 0.533339, 0.007875), (-0.685603, 0.534639, 0.007875), (-0.686003, 0.539939, 0.007875), (-0.684803, 0.539039, 0.007875), (-0.686303, 0.535839, 0.007875), (-0.687103, 0.536539, 0.007875), (-0.684103, 0.537839, 0.007875), (-0.686003, 0.535239, 0.007875), (-0.682203, 0.520639, 0.007875), (-0.684803, 0.520539, 0.007875), (-0.727003, 0.355339, 0.007875), (-0.727003, 0.196814, 0.007875), (-0.727003, 0.513839, 0.007875), (-0.724503, 0.513839, 0.007875), (-0.724503, 0.355339, 0.007875), (-0.724503, 0.196814, 0.007875), (-0.708303, 0.544139, 0.007875), (-0.712103, 0.544039, 0.007875), (-0.708303, 0.541539, 0.007875), (-0.712003, 0.541339, 0.007875), (-0.715003, 0.543339, 0.007875), (-0.717903, 0.542539, 0.007875), (-0.714803, 0.540239, 0.007875), (-0.717603, 0.539139, 0.007875), (-0.726803, 0.530039, 0.007875), (-0.727003, 0.527439, 0.007875), (-0.726603, 0.532739, 0.007875), (-0.724203, 0.532039, 0.007875), (-0.724303, 0.529639, 0.007875), (-0.724403, 0.527339, 0.007875), (-0.719903, 0.541639, 0.007875), (-0.721903, 0.540839, 0.007875), (-0.719403, 0.538239, 0.007875), (-0.721203, 0.537239, 0.007875), (-0.726203, 0.534639, 0.007875), (-0.725803, 0.536639, 0.007875), (-0.723603, 0.534639, 0.007875), (-0.723903, 0.533339, 0.007875), (-0.723203, 0.539939, 0.007875), (-0.724403, 0.539039, 0.007875), (-0.722103, 0.536539, 0.007875), (-0.722903, 0.535839, 0.007875), (-0.725103, 0.537839, 0.007875), (-0.723203, 0.535239, 0.007875), (-0.727003, 0.520639, 0.007875), (-0.724403, 0.520539, 0.007875), (-0.682202, 0.038339, 0.007875), (-0.682202, -0.120161, 0.007875), (-0.684702, -0.120161, 0.007875), (-0.684702, 0.038339, 0.007875), (-0.700902, -0.150461, 0.007875), (-0.697102, -0.150261, 0.007875), (-0.704602, -0.150561, 0.007875), (-0.704602, -0.148061, 0.007875), (-0.700902, -0.147761, 0.007875), (-0.697202, -0.147461, 0.007875), (-0.694202, -0.149161, 0.007875), (-0.691302, -0.147961, 0.007875), (-0.694402, -0.145761, 0.007875), (-0.691602, -0.143961, 0.007875), (-0.682402, -0.132261, 0.007875), (-0.682202, -0.129261, 0.007875), (-0.682602, -0.135261, 0.007875), (-0.685002, -0.134461, 0.007875), (-0.684902, -0.131861, 0.007875), (-0.684802, -0.129161, 0.007875), (-0.689302, -0.146761, 0.007875), (-0.687302, -0.145461, 0.007875), (-0.689802, -0.142561, 0.007875), (-0.688002, -0.141061, 0.007875), (-0.683002, -0.137761, 0.007875), (-0.683402, -0.140161, 0.007875), (-0.685602, -0.137661, 0.007875), (-0.685302, -0.136061, 0.007875), (-0.686002, -0.144361, 0.007875), (-0.684802, -0.143161, 0.007875), (-0.687102, -0.140061, 0.007875), (-0.686302, -0.139161, 0.007875), (-0.684102, -0.141661, 0.007875), (-0.686002, -0.138461, 0.007875), (-0.682202, -0.124761, 0.007875), (-0.684802, -0.124661, 0.007875), (-0.727002, 0.038339, 0.007875), (-0.727002, -0.120161, 0.007875), (-0.724502, 0.038339, 0.007875), (-0.724502, -0.120161, 0.007875), (-0.708302, -0.150561, 0.007875), (-0.712102, -0.150561, 0.007875), (-0.712002, -0.148061, 0.007875), (-0.708302, -0.148061, 0.007875), (-0.715002, -0.150461, 0.007875), (-0.717902, -0.150261, 0.007874), (-0.717602, -0.147761, 0.007874), (-0.714802, -0.147861, 0.007874), (-0.726802, -0.142261, 0.007874), (-0.726602, -0.144461, 0.007874), (-0.727002, -0.140161, 0.007875), (-0.724402, -0.140061, 0.007874), (-0.724302, -0.142061, 0.007874), (-0.724202, -0.143961, 0.007874), (-0.719902, -0.149961, 0.007874), (-0.721902, -0.149661, 0.007874), (-0.721202, -0.147261, 0.007874), (-0.719402, -0.147461, 0.007874), (-0.726202, -0.145761, 0.007874), (-0.725802, -0.147061, 0.007874), (-0.723902, -0.144861, 0.007874), (-0.723602, -0.145761, 0.007874), (-0.723202, -0.149161, 0.007874), (-0.724402, -0.148561, 0.007874), (-0.722902, -0.146461, 0.007874), (-0.722102, -0.146861, 0.007874), (-0.725102, -0.147861, 0.007874), (-0.723202, -0.146161, 0.007874), (-0.727002, -0.130161, 0.007875), (-0.724402, -0.130161, 0.007875), (-0.700903, 0.541539, 0.003875), (-0.704603, 0.541539, 0.003875), (-0.697403, 0.541139, 0.003875), (-0.694403, 0.540239, 0.003875), (-0.691803, 0.539239, 0.003875), (-0.689803, 0.538239, 0.003875), (-0.688203, 0.537239, 0.003875), (-0.687103, 0.536539, 0.003875), (-0.686403, 0.535839, 0.003875), (-0.686003, 0.535239, 0.003875), (-0.685703, 0.534439, 0.003875), (-0.685303, 0.533339, 0.003875), (-0.685103, 0.531739, 0.003875), (-0.684903, 0.529639, 0.003875), (-0.684803, 0.526239, 0.003875), (-0.684803, 0.520539, 0.003875), (-0.684703, 0.475939, 0.003875), (-0.684703, 0.355339, 0.003875), (-0.684703, 0.196814, 0.003875), (-0.714803, 0.540239, 0.003875), (-0.717403, 0.539239, 0.003875), (-0.711803, 0.541139, 0.003875), (-0.708303, 0.541539, 0.003875), (-0.722103, 0.536539, 0.003875), (-0.722803, 0.535839, 0.003875), (-0.721003, 0.537239, 0.003875), (-0.719403, 0.538239, 0.003875), (-0.723903, 0.533339, 0.003875), (-0.724103, 0.531739, 0.003875), (-0.723503, 0.534439, 0.003875), (-0.723203, 0.535239, 0.003875), (-0.724403, 0.520539, 0.003875), (-0.724503, 0.475939, 0.003875), (-0.724403, 0.526239, 0.003875), (-0.724303, 0.529639, 0.003875), (-0.724503, 0.355339, 0.003875), (-0.724503, 0.196814, 0.003875), (-0.694402, -0.145761, 0.003875), (-0.691802, -0.144061, 0.003875), (-0.697402, -0.147161, 0.003875), (-0.700902, -0.147761, 0.003875), (-0.704602, -0.147961, 0.003874), (-0.687102, -0.140061, 0.003875), (-0.686402, -0.139261, 0.003875), (-0.688202, -0.141161, 0.003875), (-0.689802, -0.142561, 0.003875), (-0.685302, -0.136061, 0.003875), (-0.685102, -0.134261, 0.003875), (-0.685702, -0.137461, 0.003875), (-0.686002, -0.138461, 0.003875), (-0.684802, -0.124661, 0.003875), (-0.684702, -0.081661, 0.003875), (-0.684802, -0.128761, 0.003875), (-0.684902, -0.131861, 0.003875), (-0.684702, 0.038339, 0.003875), (-0.708302, -0.148061, 0.003874), (-0.711802, -0.147961, 0.003874), (-0.714802, -0.147861, 0.003874), (-0.717402, -0.147761, 0.003874), (-0.719402, -0.147461, 0.003874), (-0.721002, -0.147161, 0.003874), (-0.722102, -0.146861, 0.003874), (-0.722802, -0.146461, 0.003874), (-0.723202, -0.146161, 0.003874), (-0.723502, -0.145661, 0.003874), (-0.723902, -0.144861, 0.003874), (-0.724102, -0.143661, 0.003874), (-0.724302, -0.142061, 0.003874), (-0.724402, -0.138061, 0.003875), (-0.724402, -0.130161, 0.003875), (-0.724502, -0.083061, 0.003875), (-0.724502, 0.038339, 0.003875), (-0.704603, 0.247899, 0.071775), (-0.710003, 0.247019, 0.071775), (-0.710003, 0.247019, 0.078975), (-0.704603, 0.247899, 0.078975), (-0.714803, 0.244469, 0.071775), (-0.714803, 0.244469, 0.078975), (-0.718403, 0.240569, 0.071775), (-0.718403, 0.240569, 0.078975), (-0.720203, 0.235779, 0.071775), (-0.720203, 0.235779, 0.078975), (-0.720203, 0.157229, 0.071775), (-0.720203, 0.157229, 0.078975), (-0.718403, 0.152439, 0.071775), (-0.718403, 0.152439, 0.078975), (-0.714803, 0.148539, 0.071775), (-0.714803, 0.148539, 0.078975), (-0.710003, 0.145989, 0.071775), (-0.710003, 0.145989, 0.078975), (-0.704603, 0.145109, 0.071775), (-0.704603, 0.145109, 0.078975), (-0.699203, 0.145989, 0.071775), (-0.699203, 0.145989, 0.078975), (-0.694403, 0.148539, 0.071775), (-0.694403, 0.148539, 0.078975), (-0.690803, 0.152439, 0.071775), (-0.690803, 0.152439, 0.078975), (-0.689003, 0.157229, 0.071775), (-0.689003, 0.157229, 0.078975), (-0.689003, 0.235779, 0.071775), (-0.689003, 0.235779, 0.078975), (-0.690803, 0.240569, 0.071775), (-0.690803, 0.240569, 0.078975), (-0.694403, 0.244469, 0.071775), (-0.694403, 0.244469, 0.078975), (-0.699203, 0.247019, 0.071775), (-0.699203, 0.247019, 0.078975), (-0.689003, 0.243199, 0.069575), (-0.692503, 0.246339, 0.069675), (-0.694703, 0.248069, 0.069775), (-0.697803, 0.249259, 0.069775), (-0.702303, 0.250829, 0.069775), (-0.705103, 0.251139, 0.069775), (-0.709003, 0.250079, 0.069775), (-0.712803, 0.248859, 0.069775), (-0.715403, 0.247429, 0.069775), (-0.719003, 0.244589, 0.069675), (-0.721303, 0.242699, 0.069575), (-0.721603, 0.240009, 0.069575), (-0.721903, 0.217319, 0.069575), (-0.721903, 0.174979, 0.069575), (-0.721803, 0.152259, 0.069575), (-0.720203, 0.150219, 0.069575), (-0.716703, 0.147079, 0.069675), (-0.714503, 0.145349, 0.069775), (-0.711403, 0.144159, 0.069775), (-0.706903, 0.142589, 0.069775), (-0.704103, 0.142279, 0.069775), (-0.700203, 0.143339, 0.069775), (-0.696403, 0.144569, 0.069775), (-0.693803, 0.145999, 0.069775), (-0.690203, 0.148829, 0.069675), (-0.687903, 0.150729, 0.069575), (-0.687603, 0.153409, 0.069575), (-0.687303, 0.176099, 0.069575), (-0.687303, 0.218439, 0.069575), (-0.687403, 0.241169, 0.069575), (-0.689703, 0.240229, 0.070675), (-0.692403, 0.243739, 0.070775), (-0.694403, 0.245609, 0.070775), (-0.697103, 0.247009, 0.070775), (-0.701403, 0.248569, 0.070775), (-0.704103, 0.248959, 0.070775), (-0.707903, 0.248409, 0.070775), (-0.711603, 0.247379, 0.070775), (-0.714003, 0.246049, 0.070775), (-0.717403, 0.243269, 0.070675), (-0.719403, 0.241269, 0.070675), (-0.720103, 0.238769, 0.070675), (-0.720803, 0.217239, 0.070675), (-0.720803, 0.176889, 0.070675), (-0.720703, 0.155249, 0.070675), (-0.719503, 0.152979, 0.070675), (-0.716803, 0.149479, 0.070775), (-0.714803, 0.147599, 0.070775), (-0.712103, 0.146209, 0.070775), (-0.707803, 0.144649, 0.070775), (-0.705103, 0.144249, 0.070775), (-0.701303, 0.144809, 0.070775), (-0.697603, 0.145829, 0.070775), (-0.695203, 0.147159, 0.070775), (-0.691803, 0.149939, 0.070675), (-0.689803, 0.151949, 0.070675), (-0.689103, 0.154439, 0.070675), (-0.688403, 0.175979, 0.070675), (-0.688403, 0.216329, 0.070675), (-0.688503, 0.237959, 0.070675), (-0.720403, -0.055162, 0.682275), (-0.720403, -0.055162, 0.653525), (-0.688803, -0.055162, 0.653525), (-0.688803, -0.055162, 0.682275), (-0.720403, -0.054962, 0.652485), (-0.688803, -0.054962, 0.652485), (-0.720403, -0.054462, 0.651545), (-0.688803, -0.054462, 0.651545), (-0.720403, -0.053562, 0.650725), (-0.688803, -0.053562, 0.650725), (-0.720403, -0.052462, 0.650035), (-0.688803, -0.052462, 0.650035), (-0.720403, -0.051162, 0.649485), (-0.688803, -0.051162, 0.649485), (-0.720403, -0.049862, 0.649074), (-0.688803, -0.049862, 0.649075), (-0.720403, -0.048462, 0.648825), (-0.688803, -0.048462, 0.648825), (-0.720403, 0.146258, 0.635405), (-0.688803, 0.146258, 0.635405), (-0.720403, 0.196813, 0.635405), (-0.688803, 0.196813, 0.635405), (-0.720404, 0.196813, 0.683475), (-0.720403, -0.053962, 0.683474), (-0.688803, -0.053962, 0.683475), (-0.688804, 0.196813, 0.683475), (-0.721604, 0.196813, 0.636605), (-0.721603, -0.053962, 0.682274), (-0.721604, 0.196813, 0.682275), (-0.721603, 0.146308, 0.636605), (-0.721603, -0.048262, 0.650015), (-0.721603, -0.054562, 0.653575), (-0.721603, -0.049562, 0.650245), (-0.721603, -0.050762, 0.650605), (-0.721603, -0.051862, 0.651105), (-0.721603, -0.052862, 0.651665), (-0.721603, -0.053962, 0.651965), (-0.721603, -0.054462, 0.652695), (-0.687604, 0.196813, 0.636605), (-0.687604, 0.196813, 0.682275), (-0.687603, -0.053962, 0.682275), (-0.687603, 0.146308, 0.636605), (-0.687603, -0.048262, 0.650015), (-0.687603, -0.054562, 0.653575), (-0.687603, -0.049562, 0.650245), (-0.687603, -0.050762, 0.650605), (-0.687603, -0.051862, 0.651105), (-0.687603, -0.052862, 0.651665), (-0.687603, -0.053962, 0.651965), (-0.687603, -0.054462, 0.652695), (-0.720404, 0.448838, 0.682275), (-0.688804, 0.448838, 0.653525), (-0.720404, 0.448838, 0.653525), (-0.688804, 0.448838, 0.682275), (-0.688804, 0.448638, 0.652485), (-0.720404, 0.448638, 0.652485), (-0.688804, 0.448038, 0.651545), (-0.720404, 0.448038, 0.651545), (-0.688804, 0.447138, 0.650725), (-0.720404, 0.447138, 0.650725), (-0.688804, 0.446038, 0.650035), (-0.720404, 0.446038, 0.650035), (-0.688804, 0.444838, 0.649485), (-0.720404, 0.444838, 0.649485), (-0.688804, 0.443438, 0.649075), (-0.720404, 0.443438, 0.649075), (-0.688804, 0.442038, 0.648825), (-0.720404, 0.442038, 0.648825), (-0.688803, 0.247368, 0.635405), (-0.720403, 0.247368, 0.635405), (-0.688804, 0.447638, 0.683475), (-0.720404, 0.447638, 0.683475), (-0.721604, 0.447638, 0.682275), (-0.721604, 0.247318, 0.636605), (-0.721604, 0.441938, 0.650015), (-0.721604, 0.448238, 0.653575), (-0.721604, 0.443138, 0.650245), (-0.721604, 0.444338, 0.650605), (-0.721604, 0.445538, 0.651105), (-0.721604, 0.446538, 0.651665), (-0.721604, 0.447638, 0.651965), (-0.721604, 0.448038, 0.652695), (-0.687604, 0.447638, 0.682275), (-0.687604, 0.247318, 0.636605), (-0.687604, 0.441938, 0.650015), (-0.687604, 0.448238, 0.653575), (-0.687604, 0.443138, 0.650245), (-0.687604, 0.444338, 0.650605), (-0.687604, 0.445538, 0.651105), (-0.687604, 0.446538, 0.651665), (-0.687604, 0.447638, 0.651965), (-0.687604, 0.448038, 0.652695), (-0.720603, -0.055062, 0.682616), (-0.720703, -0.054162, 0.683333), (-0.721503, -0.054262, 0.682475), (-0.687703, -0.054162, 0.682616), (-0.688603, -0.054262, 0.683333), (-0.688503, -0.055062, 0.682475), (-0.721504, 0.447838, 0.682616), (-0.720604, 0.447938, 0.683333), (-0.720704, 0.448638, 0.682475), (-0.688504, 0.447838, 0.683333), (-0.687704, 0.447938, 0.682475), (-0.688604, 0.448638, 0.682616), (-0.720703, -0.055062, 0.682475), (-0.720803, -0.055062, 0.653535), (-0.721403, -0.054862, 0.653554), (-0.687703, -0.054262, 0.682475), (-0.687803, -0.054862, 0.653555), (-0.688403, -0.055062, 0.653535), (-0.720603, -0.054262, 0.683333), (-0.688603, -0.055062, 0.682616), (-0.720803, -0.054962, 0.652514), (-0.721403, -0.054662, 0.652595), (-0.687803, -0.054662, 0.652595), (-0.688403, -0.054962, 0.652515), (-0.720803, -0.054362, 0.651595), (-0.721403, -0.054162, 0.651745), (-0.687803, -0.054162, 0.651745), (-0.688403, -0.054362, 0.651595), (-0.720703, -0.053462, 0.650835), (-0.721503, -0.053062, 0.651365), (-0.687703, -0.053062, 0.651365), (-0.688503, -0.053462, 0.650835), (-0.720703, -0.052362, 0.650165), (-0.721503, -0.052062, 0.650795), (-0.687703, -0.052062, 0.650795), (-0.688503, -0.052362, 0.650165), (-0.720703, -0.051162, 0.649615), (-0.721503, -0.050862, 0.650285), (-0.687703, -0.050862, 0.650285), (-0.688503, -0.051162, 0.649615), (-0.720703, -0.049762, 0.649215), (-0.721503, -0.049662, 0.649904), (-0.687703, -0.049662, 0.649905), (-0.688503, -0.049762, 0.649215), (-0.720703, -0.048462, 0.648964), (-0.721503, -0.048362, 0.649675), (-0.687703, -0.048362, 0.649675), (-0.688503, -0.048462, 0.648965), (-0.720703, 0.146268, 0.635545), (-0.721503, 0.146288, 0.636255), (-0.687703, 0.146288, 0.636255), (-0.688503, 0.146268, 0.635545), (-0.720703, 0.196813, 0.635545), (-0.721503, 0.196813, 0.636255), (-0.687703, 0.196813, 0.636255), (-0.688503, 0.196813, 0.635545), (-0.721503, -0.054162, 0.682616), (-0.721504, 0.196813, 0.682616), (-0.720704, 0.196813, 0.683333), (-0.688503, -0.054162, 0.683333), (-0.688504, 0.196813, 0.683333), (-0.687704, 0.196813, 0.682616), (-0.721504, 0.447938, 0.682475), (-0.721404, 0.448438, 0.653555), (-0.720804, 0.448738, 0.653535), (-0.720604, 0.448638, 0.682616), (-0.688604, 0.447938, 0.683333), (-0.688504, 0.448638, 0.682475), (-0.688404, 0.448738, 0.653535), (-0.687804, 0.448438, 0.653555), (-0.721404, 0.448338, 0.652595), (-0.720804, 0.448538, 0.652515), (-0.688404, 0.448538, 0.652515), (-0.687804, 0.448338, 0.652595), (-0.721404, 0.447838, 0.651745), (-0.720804, 0.448038, 0.651595), (-0.688404, 0.448038, 0.651595), (-0.687804, 0.447838, 0.651745), (-0.721504, 0.446638, 0.651365), (-0.720704, 0.447038, 0.650835), (-0.688504, 0.447038, 0.650835), (-0.687704, 0.446638, 0.651365), (-0.721504, 0.445638, 0.650795), (-0.720704, 0.446038, 0.650165), (-0.688504, 0.446038, 0.650165), (-0.687704, 0.445638, 0.650795), (-0.721504, 0.444538, 0.650285), (-0.720704, 0.444738, 0.649615), (-0.688504, 0.444738, 0.649615), (-0.687704, 0.444538, 0.650285), (-0.721504, 0.443238, 0.649905), (-0.720704, 0.443438, 0.649215), (-0.688504, 0.443438, 0.649215), (-0.687704, 0.443238, 0.649905), (-0.721504, 0.441938, 0.649675), (-0.720704, 0.442038, 0.648965), (-0.688504, 0.442038, 0.648965), (-0.687704, 0.441938, 0.649675), (-0.721503, 0.247338, 0.636255), (-0.720703, 0.247358, 0.635545), (-0.688503, 0.247358, 0.635545), (-0.687703, 0.247338, 0.636255), (-0.720704, 0.447838, 0.683333), (-0.687704, 0.447838, 0.682616), (0.720397, 0.197411, 0.072177), (0.715597, 0.2455, 0.072177), (0.720397, 0.24636, 0.072177), (0.711297, 0.24305, 0.072177), (0.708197, 0.23928, 0.072177), (0.706497, 0.23467, 0.072177), (0.706497, 0.15896, 0.072177), (0.708197, 0.15434, 0.072177), (0.711297, 0.15058, 0.072177), (0.715597, 0.14813, 0.072177), (0.720397, 0.14727, 0.072177), (0.725197, 0.14813, 0.072177), (0.729497, 0.15058, 0.072177), (0.732597, 0.15434, 0.072177), (0.734297, 0.15896, 0.072177), (0.734297, 0.23467, 0.072177), (0.732597, 0.23928, 0.072177), (0.729497, 0.24305, 0.072177), (0.725197, 0.2455, 0.072177), (0.715596, 0.2455, 0.634367), (0.720397, 0.24636, 0.634367), (0.711297, 0.24305, 0.634367), (0.708196, 0.23928, 0.634367), (0.706497, 0.23467, 0.634367), (0.706497, 0.15896, 0.634367), (0.708197, 0.15434, 0.634367), (0.711297, 0.15058, 0.634367), (0.715597, 0.14813, 0.634367), (0.720397, 0.14727, 0.634367), (0.725197, 0.14813, 0.634367), (0.729497, 0.15058, 0.634367), (0.732597, 0.15434, 0.634367), (0.734297, 0.15896, 0.634367), (0.734297, 0.23467, 0.634367), (0.732596, 0.23928, 0.634367), (0.729496, 0.24305, 0.634367), (0.725197, 0.2455, 0.634367), (0.720397, 0.197411, 0.634367)]
            uniform token subdivisionScheme = "none"
        }
    }
}
